#
# A fatal error has been detected by the Java Runtime Environment:
#
#  SIGSEGV (0xb) at pc=0x00007f0ec4b533fe, pid=1440122, tid=1440123
#
# JRE version: OpenJDK Runtime Environment (11.0.24+8) (build 11.0.24+8-post-Ubuntu-1ubuntu322.04)
# Java VM: OpenJDK 64-Bit Server VM (11.0.24+8-post-Ubuntu-1ubuntu322.04, mixed mode, sharing, tiered, compressed oops, g1 gc, linux-amd64)
# Problematic frame:
# C  [libc.so.6+0xa53fe]  free+0x1e
#
# Core dump will be written. Default location: Core dumps may be processed with "/wsl-capture-crash %t %E %p %s" (or dumping to /home/cbrissette/cuopt/java/cuopt/core.1440122)
#
# If you would like to submit a bug report, please visit:
#   https://bugs.launchpad.net/ubuntu/+source/openjdk-lts
# The crash happened outside the Java Virtual Machine in native code.
# See problematic frame for where to report the bug.
#

---------------  S U M M A R Y ------------

Command Line: /home/cbrissette/cuopt/java/cuopt/target/surefire/surefirebooter-20260707090259251_3.jar /home/cbrissette/cuopt/java/cuopt/target/surefire 2026-07-07T09-02-59_150-jvmRun1 surefire-20260707090259251_1tmp surefire_0-20260707090259251_2tmp

Host: 13th Gen Intel(R) Core(TM) i7-13800H, 20 cores, 15G, Ubuntu 22.04.5 LTS
Time: Tue Jul  7 09:03:03 2026 EDT elapsed time: 3.753493 seconds (0d 0h 0m 3s)

---------------  T H R E A D  ---------------

Current thread (0x00007f0ebc016000):  JavaThread "main" [_thread_in_native, id=1440123, stack(0x00007f0ec3341000,0x00007f0ec3441000)]

Stack: [0x00007f0ec3341000,0x00007f0ec3441000],  sp=0x00007f0ec343c8e0,  free space=1006k
Native frames: (J=compiled Java code, A=aot compiled Java code, j=interpreted, Vv=VM code, C=native code)
C  [libc.so.6+0xa53fe]  free+0x1e

Java frames: (J=compiled Java code, j=interpreted, Vv=VM code)
j  com.nvidia.cuopt.linearprogramming.NativeCuOpt.destroyProblem(J)V+0
j  com.nvidia.cuopt.linearprogramming.DataModel$NativeHandle.run()V+13
J 716 c1 jdk.internal.ref.CleanerImpl$PhantomCleanableRef.performCleanup()V java.base@11.0.24 (10 bytes) @ 0x00007f0ea5062e74 [0x00007f0ea5062d40+0x0000000000000134]
J 715 c1 jdk.internal.ref.PhantomCleanable.clean()V java.base@11.0.24 (16 bytes) @ 0x00007f0ea50633bc [0x00007f0ea50631e0+0x00000000000001dc]
j  com.nvidia.cuopt.linearprogramming.DataModel.close()V+4
j  com.nvidia.cuopt.linearprogramming.NativeIntegrationTest.mutableDataModelExposesPythonMetadataAndQuadraticFields()V+576
v  ~StubRoutines::call_stub
j  jdk.internal.reflect.NativeMethodAccessorImpl.invoke0(Ljava/lang/reflect/Method;Ljava/lang/Object;[Ljava/lang/Object;)Ljava/lang/Object;+0 java.base@11.0.24
j  jdk.internal.reflect.NativeMethodAccessorImpl.invoke(Ljava/lang/Object;[Ljava/lang/Object;)Ljava/lang/Object;+100 java.base@11.0.24
j  jdk.internal.reflect.DelegatingMethodAccessorImpl.invoke(Ljava/lang/Object;[Ljava/lang/Object;)Ljava/lang/Object;+6 java.base@11.0.24
j  java.lang.reflect.Method.invoke(Ljava/lang/Object;[Ljava/lang/Object;)Ljava/lang/Object;+59 java.base@11.0.24
j  org.junit.platform.commons.util.ReflectionUtils.invokeMethod(Ljava/lang/reflect/Method;Ljava/lang/Object;[Ljava/lang/Object;)Ljava/lang/Object;+42
j  org.junit.jupiter.engine.execution.MethodInvocation.proceed()Ljava/lang/Object;+16
j  org.junit.jupiter.engine.execution.InvocationInterceptorChain$ValidatingInvocation.proceed()Ljava/lang/Object;+8
j  org.junit.jupiter.engine.extension.TimeoutExtension.intercept(Lorg/junit/jupiter/api/extension/InvocationInterceptor$Invocation;Lorg/junit/jupiter/api/extension/ReflectiveInvocationContext;Lorg/junit/jupiter/api/extension/ExtensionContext;Lorg/junit/jupiter/engine/extension/TimeoutDuration;Lorg/junit/jupiter/engine/extension/TimeoutExtension$TimeoutProvider;)Ljava/lang/Object;+28
j  org.junit.jupiter.engine.extension.TimeoutExtension.interceptTestableMethod(Lorg/junit/jupiter/api/extension/InvocationInterceptor$Invocation;Lorg/junit/jupiter/api/extension/ReflectiveInvocationContext;Lorg/junit/jupiter/api/extension/ExtensionContext;Lorg/junit/jupiter/engine/extension/TimeoutExtension$TimeoutProvider;)Ljava/lang/Object;+31
j  org.junit.jupiter.engine.extension.TimeoutExtension.interceptTestMethod(Lorg/junit/jupiter/api/extension/InvocationInterceptor$Invocation;Lorg/junit/jupiter/api/extension/ReflectiveInvocationContext;Lorg/junit/jupiter/api/extension/ExtensionContext;)V+9
j  org.junit.jupiter.engine.descriptor.TestMethodTestDescriptor$$Lambda$189.apply(Lorg/junit/jupiter/api/extension/InvocationInterceptor;Lorg/junit/jupiter/api/extension/InvocationInterceptor$Invocation;Lorg/junit/jupiter/api/extension/ReflectiveInvocationContext;Lorg/junit/jupiter/api/extension/ExtensionContext;)V+5
j  org.junit.jupiter.engine.execution.InterceptingExecutableInvoker$ReflectiveInterceptorCall.lambda$ofVoidMethod$0(Lorg/junit/jupiter/engine/execution/InterceptingExecutableInvoker$ReflectiveInterceptorCall$VoidMethodInterceptorCall;Lorg/junit/jupiter/api/extension/InvocationInterceptor;Lorg/junit/jupiter/api/extension/InvocationInterceptor$Invocation;Lorg/junit/jupiter/api/extension/ReflectiveInvocationContext;Lorg/junit/jupiter/api/extension/ExtensionContext;)Ljava/lang/Void;+6
j  org.junit.jupiter.engine.execution.InterceptingExecutableInvoker$ReflectiveInterceptorCall$$Lambda$190.apply(Lorg/junit/jupiter/api/extension/InvocationInterceptor;Lorg/junit/jupiter/api/extension/InvocationInterceptor$Invocation;Lorg/junit/jupiter/api/extension/ReflectiveInvocationContext;Lorg/junit/jupiter/api/extension/ExtensionContext;)Ljava/lang/Object;+9
j  org.junit.jupiter.engine.execution.InterceptingExecutableInvoker.lambda$invoke$0(Lorg/junit/jupiter/engine/execution/InterceptingExecutableInvoker$ReflectiveInterceptorCall;Lorg/junit/jupiter/api/extension/ReflectiveInvocationContext;Lorg/junit/jupiter/api/extension/ExtensionContext;Lorg/junit/jupiter/api/extension/InvocationInterceptor;Lorg/junit/jupiter/api/extension/InvocationInterceptor$Invocation;)Ljava/lang/Object;+6
j  org.junit.jupiter.engine.execution.InterceptingExecutableInvoker$$Lambda$378.apply(Lorg/junit/jupiter/api/extension/InvocationInterceptor;Lorg/junit/jupiter/api/extension/InvocationInterceptor$Invocation;)Ljava/lang/Object;+14
j  org.junit.jupiter.engine.execution.InvocationInterceptorChain$InterceptedInvocation.proceed()Ljava/lang/Object;+12
j  org.junit.jupiter.engine.execution.InvocationInterceptorChain.proceed(Lorg/junit/jupiter/api/extension/InvocationInterceptor$Invocation;)Ljava/lang/Object;+1
j  org.junit.jupiter.engine.execution.InvocationInterceptorChain.chainAndInvoke(Lorg/junit/jupiter/api/extension/InvocationInterceptor$Invocation;Lorg/junit/jupiter/engine/execution/InvocationInterceptorChain$InterceptorCall;Ljava/util/List;)Ljava/lang/Object;+24
j  org.junit.jupiter.engine.execution.InvocationInterceptorChain.invoke(Lorg/junit/jupiter/api/extension/InvocationInterceptor$Invocation;Lorg/junit/jupiter/engine/extension/ExtensionRegistry;Lorg/junit/jupiter/engine/execution/InvocationInterceptorChain$InterceptorCall;)Ljava/lang/Object;+31
j  org.junit.jupiter.engine.execution.InterceptingExecutableInvoker.invoke(Lorg/junit/jupiter/api/extension/InvocationInterceptor$Invocation;Lorg/junit/jupiter/api/extension/ReflectiveInvocationContext;Lorg/junit/jupiter/api/extension/ExtensionContext;Lorg/junit/jupiter/engine/extension/ExtensionRegistry;Lorg/junit/jupiter/engine/execution/InterceptingExecutableInvoker$ReflectiveInterceptorCall;)Ljava/lang/Object;+15
j  org.junit.jupiter.engine.execution.InterceptingExecutableInvoker.invoke(Ljava/lang/reflect/Method;Ljava/lang/Object;Lorg/junit/jupiter/api/extension/ExtensionContext;Lorg/junit/jupiter/engine/extension/ExtensionRegistry;Lorg/junit/jupiter/engine/execution/InterceptingExecutableInvoker$ReflectiveInterceptorCall;)Ljava/lang/Object;+55
j  org.junit.jupiter.engine.descriptor.TestMethodTestDescriptor.lambda$invokeTestMethod$8(Lorg/junit/jupiter/api/extension/ExtensionContext;Lorg/junit/jupiter/engine/execution/JupiterEngineExecutionContext;)V+28
j  org.junit.jupiter.engine.descriptor.TestMethodTestDescriptor$$Lambda$399.execute()V+12
j  org.junit.platform.engine.support.hierarchical.ThrowableCollector.execute(Lorg/junit/platform/engine/support/hierarchical/ThrowableCollector$Executable;)V+1
j  org.junit.jupiter.engine.descriptor.TestMethodTestDescriptor.invokeTestMethod(Lorg/junit/jupiter/engine/execution/JupiterEngineExecutionContext;Lorg/junit/platform/engine/support/hierarchical/Node$DynamicTestExecutor;)V+21
j  org.junit.jupiter.engine.descriptor.TestMethodTestDescriptor.execute(Lorg/junit/jupiter/engine/execution/JupiterEngineExecutionContext;Lorg/junit/platform/engine/support/hierarchical/Node$DynamicTestExecutor;)Lorg/junit/jupiter/engine/execution/JupiterEngineExecutionContext;+44
j  org.junit.jupiter.engine.descriptor.TestMethodTestDescriptor.execute(Lorg/junit/platform/engine/support/hierarchical/EngineExecutionContext;Lorg/junit/platform/engine/support/hierarchical/Node$DynamicTestExecutor;)Lorg/junit/platform/engine/support/hierarchical/EngineExecutionContext;+6
j  org.junit.platform.engine.support.hierarchical.NodeTestTask.lambda$executeRecursively$6()V+79
j  org.junit.platform.engine.support.hierarchical.NodeTestTask$$Lambda$297.execute()V+4
j  org.junit.platform.engine.support.hierarchical.ThrowableCollector.execute(Lorg/junit/platform/engine/support/hierarchical/ThrowableCollector$Executable;)V+1
j  org.junit.platform.engine.support.hierarchical.NodeTestTask.lambda$executeRecursively$8(Lorg/junit/platform/engine/support/hierarchical/EngineExecutionContext;)V+15
j  org.junit.platform.engine.support.hierarchical.NodeTestTask$$Lambda$296.invoke(Lorg/junit/platform/engine/support/hierarchical/EngineExecutionContext;)V+5
j  org.junit.platform.engine.support.hierarchical.Node.around(Lorg/junit/platform/engine/support/hierarchical/EngineExecutionContext;Lorg/junit/platform/engine/support/hierarchical/Node$Invocation;)V+2
j  org.junit.platform.engine.support.hierarchical.NodeTestTask.lambda$executeRecursively$9()V+14
j  org.junit.platform.engine.support.hierarchical.NodeTestTask$$Lambda$295.execute()V+4
j  org.junit.platform.engine.support.hierarchical.ThrowableCollector.execute(Lorg/junit/platform/engine/support/hierarchical/ThrowableCollector$Executable;)V+1
j  org.junit.platform.engine.support.hierarchical.NodeTestTask.executeRecursively()V+31
j  org.junit.platform.engine.support.hierarchical.NodeTestTask.execute()V+55
j  org.junit.platform.engine.support.hierarchical.SameThreadHierarchicalTestExecutorService$$Lambda$301.accept(Ljava/lang/Object;)V+4
j  java.util.ArrayList.forEach(Ljava/util/function/Consumer;)V+46 java.base@11.0.24
j  org.junit.platform.engine.support.hierarchical.SameThreadHierarchicalTestExecutorService.invokeAll(Ljava/util/List;)V+6
j  org.junit.platform.engine.support.hierarchical.NodeTestTask.lambda$executeRecursively$6()V+116
j  org.junit.platform.engine.support.hierarchical.NodeTestTask$$Lambda$297.execute()V+4
j  org.junit.platform.engine.support.hierarchical.ThrowableCollector.execute(Lorg/junit/platform/engine/support/hierarchical/ThrowableCollector$Executable;)V+1
j  org.junit.platform.engine.support.hierarchical.NodeTestTask.lambda$executeRecursively$8(Lorg/junit/platform/engine/support/hierarchical/EngineExecutionContext;)V+15
j  org.junit.platform.engine.support.hierarchical.NodeTestTask$$Lambda$296.invoke(Lorg/junit/platform/engine/support/hierarchical/EngineExecutionContext;)V+5
j  org.junit.platform.engine.support.hierarchical.Node.around(Lorg/junit/platform/engine/support/hierarchical/EngineExecutionContext;Lorg/junit/platform/engine/support/hierarchical/Node$Invocation;)V+2
j  org.junit.platform.engine.support.hierarchical.NodeTestTask.lambda$executeRecursively$9()V+14
j  org.junit.platform.engine.support.hierarchical.NodeTestTask$$Lambda$295.execute()V+4
j  org.junit.platform.engine.support.hierarchical.ThrowableCollector.execute(Lorg/junit/platform/engine/support/hierarchical/ThrowableCollector$Executable;)V+1
j  org.junit.platform.engine.support.hierarchical.NodeTestTask.executeRecursively()V+31
j  org.junit.platform.engine.support.hierarchical.NodeTestTask.execute()V+55
j  org.junit.platform.engine.support.hierarchical.SameThreadHierarchicalTestExecutorService$$Lambda$301.accept(Ljava/lang/Object;)V+4
j  java.util.ArrayList.forEach(Ljava/util/function/Consumer;)V+46 java.base@11.0.24
j  org.junit.platform.engine.support.hierarchical.SameThreadHierarchicalTestExecutorService.invokeAll(Ljava/util/List;)V+6
j  org.junit.platform.engine.support.hierarchical.NodeTestTask.lambda$executeRecursively$6()V+116
j  org.junit.platform.engine.support.hierarchical.NodeTestTask$$Lambda$297.execute()V+4
j  org.junit.platform.engine.support.hierarchical.ThrowableCollector.execute(Lorg/junit/platform/engine/support/hierarchical/ThrowableCollector$Executable;)V+1
j  org.junit.platform.engine.support.hierarchical.NodeTestTask.lambda$executeRecursively$8(Lorg/junit/platform/engine/support/hierarchical/EngineExecutionContext;)V+15
j  org.junit.platform.engine.support.hierarchical.NodeTestTask$$Lambda$296.invoke(Lorg/junit/platform/engine/support/hierarchical/EngineExecutionContext;)V+5
j  org.junit.platform.engine.support.hierarchical.Node.around(Lorg/junit/platform/engine/support/hierarchical/EngineExecutionContext;Lorg/junit/platform/engine/support/hierarchical/Node$Invocation;)V+2
j  org.junit.platform.engine.support.hierarchical.NodeTestTask.lambda$executeRecursively$9()V+14
j  org.junit.platform.engine.support.hierarchical.NodeTestTask$$Lambda$295.execute()V+4
j  org.junit.platform.engine.support.hierarchical.ThrowableCollector.execute(Lorg/junit/platform/engine/support/hierarchical/ThrowableCollector$Executable;)V+1
j  org.junit.platform.engine.support.hierarchical.NodeTestTask.executeRecursively()V+31
j  org.junit.platform.engine.support.hierarchical.NodeTestTask.execute()V+55
j  org.junit.platform.engine.support.hierarchical.SameThreadHierarchicalTestExecutorService.submit(Lorg/junit/platform/engine/support/hierarchical/HierarchicalTestExecutorService$TestTask;)Ljava/util/concurrent/Future;+1
j  org.junit.platform.engine.support.hierarchical.HierarchicalTestExecutor.execute()Ljava/util/concurrent/Future;+74
j  org.junit.platform.engine.support.hierarchical.HierarchicalTestEngine.execute(Lorg/junit/platform/engine/ExecutionRequest;)V+31
j  org.junit.platform.launcher.core.EngineExecutionOrchestrator.execute(Lorg/junit/platform/engine/TestDescriptor;Lorg/junit/platform/engine/EngineExecutionListener;Lorg/junit/platform/engine/ConfigurationParameters;Lorg/junit/platform/engine/TestEngine;)V+24
j  org.junit.platform.launcher.core.EngineExecutionOrchestrator.execute(Lorg/junit/platform/launcher/core/LauncherDiscoveryResult;Lorg/junit/platform/engine/EngineExecutionListener;)V+115
j  org.junit.platform.launcher.core.EngineExecutionOrchestrator.execute(Lorg/junit/platform/launcher/core/InternalTestPlan;Lorg/junit/platform/engine/EngineExecutionListener;Lorg/junit/platform/launcher/TestExecutionListener;)V+55
j  org.junit.platform.launcher.core.EngineExecutionOrchestrator.lambda$execute$0(Lorg/junit/platform/launcher/core/InternalTestPlan;Lorg/junit/platform/launcher/TestExecutionListener;)V+6
j  org.junit.platform.launcher.core.EngineExecutionOrchestrator$$Lambda$243.accept(Ljava/lang/Object;)V+12
j  org.junit.platform.launcher.core.EngineExecutionOrchestrator.withInterceptedStreams(Lorg/junit/platform/engine/ConfigurationParameters;Lorg/junit/platform/launcher/core/ListenerRegistry;Ljava/util/function/Consumer;)V+51
j  org.junit.platform.launcher.core.EngineExecutionOrchestrator.execute(Lorg/junit/platform/launcher/core/InternalTestPlan;[Lorg/junit/platform/launcher/TestExecutionListener;)V+23
j  org.junit.platform.launcher.core.DefaultLauncher.execute(Lorg/junit/platform/launcher/core/InternalTestPlan;[Lorg/junit/platform/launcher/TestExecutionListener;)V+6
j  org.junit.platform.launcher.core.DefaultLauncher.execute(Lorg/junit/platform/launcher/LauncherDiscoveryRequest;[Lorg/junit/platform/launcher/TestExecutionListener;)V+34
j  org.junit.platform.launcher.core.DelegatingLauncher.execute(Lorg/junit/platform/launcher/LauncherDiscoveryRequest;[Lorg/junit/platform/launcher/TestExecutionListener;)V+6
j  org.apache.maven.surefire.junitplatform.LazyLauncher.execute(Lorg/junit/platform/launcher/LauncherDiscoveryRequest;[Lorg/junit/platform/launcher/TestExecutionListener;)V+6
j  org.apache.maven.surefire.junitplatform.JUnitPlatformProvider.execute(Lorg/apache/maven/surefire/api/util/TestsToRun;Lorg/apache/maven/surefire/junitplatform/RunListenerAdapter;)V+70
j  org.apache.maven.surefire.junitplatform.JUnitPlatformProvider.invokeAllTests(Lorg/apache/maven/surefire/api/util/TestsToRun;Lorg/apache/maven/surefire/junitplatform/RunListenerAdapter;)V+3
j  org.apache.maven.surefire.junitplatform.JUnitPlatformProvider.invoke(Ljava/lang/Object;)Lorg/apache/maven/surefire/api/suite/RunResult;+95
j  org.apache.maven.surefire.booter.ForkedBooter.runSuitesInProcess()V+8
j  org.apache.maven.surefire.booter.ForkedBooter.execute()V+1
j  org.apache.maven.surefire.booter.ForkedBooter.run(Lorg/apache/maven/surefire/booter/ForkedBooter;[Ljava/lang/String;)V+27
j  org.apache.maven.surefire.booter.ForkedBooter.main([Ljava/lang/String;)V+10
v  ~StubRoutines::call_stub

siginfo: si_signo: 11 (SIGSEGV), si_code: 1 (SEGV_MAPERR), si_addr: 0x0000000068005621

Register to memory mapping:

RAX=0x0 is NULL
RBX=0xffffffffffffff80 is an unknown value
RCX=0x0000000000000060 is an unknown value
RDX=0x00007f0ebc000090 points into unknown readable memory: 0x00007f0ebfcca2a0 | a0 a2 cc bf 0e 7f 00 00
RSP=0x00007f0ec343c8e0 is pointing into the stack for thread: 0x00007f0ebc016000
RBP=0x0 is NULL
RSI=0x0000000068005619 is an unknown value
RDI=0x0000000068005629 is an unknown value
R8 =0x00007f0ebd02a890 points into unknown readable memory: 0x0000000000000001 | 01 00 00 00 00 00 00 00
R9 =0x0 is NULL
R10=0x00007f0ebd0599b8 points into unknown readable memory: 0x00007f0e0940bd70 | 70 bd 40 09 0e 7f 00 00
R11=0x1479aa9a5a30859c is an unknown value
R12=0x00007f0ec4b446d0: __pthread_key_create+0x0000000000000000 in /lib/x86_64-linux-gnu/libc.so.6 at 0x00007f0ec4aae000
R13=0x0000000000000003 is an unknown value
R14=0x00007f0ec343ca18 is pointing into the stack for thread: 0x00007f0ebc016000
R15=0x00007f0ebc016000 is a thread


Registers:
RAX=0x0000000000000000, RBX=0xffffffffffffff80, RCX=0x0000000000000060, RDX=0x00007f0ebc000090
RSP=0x00007f0ec343c8e0, RBP=0x0000000000000000, RSI=0x0000000068005619, RDI=0x0000000068005629
R8 =0x00007f0ebd02a890, R9 =0x0000000000000000, R10=0x00007f0ebd0599b8, R11=0x1479aa9a5a30859c
R12=0x00007f0ec4b446d0, R13=0x0000000000000003, R14=0x00007f0ec343ca18, R15=0x00007f0ebc016000
RIP=0x00007f0ec4b533fe, EFLAGS=0x0000000000010202, CSGSFS=0x002b000000000033, ERR=0x0000000000000004
  TRAPNO=0x000000000000000e

Top of Stack: (sp=0x00007f0ec343c8e0)
0x00007f0ec343c8e0:   00007f0ebc016000 00007f0e42e140b2
0x00007f0ec343c8f0:   00007f0ebdfd3cc0 00007f0ebdfd3cc0
0x00007f0ec343c900:   0000000000000000 00007f0e43060c5b
0x00007f0ec343c910:   00007f0ebc016000 00007f0ec343c958 

Instructions: (pc=0x00007f0ec4b533fe)
0x00007f0ec4b532fe:   00 00 48 83 c4 10 31 c0 5b 5d 41 5c c3 0f 1f 44
0x00007f0ec4b5330e:   00 00 e8 7b bd ff ff 49 89 c4 48 85 c0 0f 85 0d
0x00007f0ec4b5331e:   fe ff ff 31 f6 48 89 ef e8 b5 cb ff ff 48 89 ee
0x00007f0ec4b5332e:   48 89 c7 49 89 c4 e8 77 e6 ff ff 48 85 c0 75 2c
0x00007f0ec4b5333e:   4d 85 e4 0f 84 0a fe ff ff 66 0f 1f 84 00 00 00
0x00007f0ec4b5334e:   00 00 90 4c 89 e7 48 89 ee e8 64 d0 ff ff 48 89
0x00007f0ec4b5335e:   ee 48 89 c7 49 89 c4 e8 46 e6 ff ff 4d 85 e4 0f
0x00007f0ec4b5336e:   84 de fd ff ff e9 ca fd ff ff 48 8d 0d b9 9e 13
0x00007f0ec4b5337e:   00 ba 10 0d 00 00 48 8d 35 01 43 13 00 48 8d 3d
0x00007f0ec4b5338e:   26 9b 13 00 e8 d9 ba ff ff 66 0f 1f 84 00 00 00
0x00007f0ec4b5339e:   00 00 4c 89 e7 48 89 44 24 08 e8 53 bf fe ff 48
0x00007f0ec4b533ae:   8b 44 24 08 e9 9a fd ff ff 66 0f 1f 84 00 00 00
0x00007f0ec4b533be:   00 00 4c 89 e7 e8 68 be fe ff e9 61 fd ff ff 0f
0x00007f0ec4b533ce:   1f 00 48 8d 3d 49 99 13 00 e8 04 b9 ff ff 0f 1f
0x00007f0ec4b533de:   40 00 f3 0f 1e fa 48 85 ff 0f 84 bb 00 00 00 55
0x00007f0ec4b533ee:   48 8d 77 f0 53 48 83 ec 18 48 8b 1d 12 4a 17 00
0x00007f0ec4b533fe:   48 8b 47 f8 64 8b 2b a8 02 75 57 48 8b 15 98 49
0x00007f0ec4b5340e:   17 00 64 48 83 3a 00 0f 84 95 00 00 00 48 8d 3d
0x00007f0ec4b5341e:   5e 58 17 00 a8 04 74 26 48 8b 15 63 4f 17 00 48
0x00007f0ec4b5342e:   8d 04 95 00 00 00 00 48 f7 d8 48 85 d2 48 c7 c2
0x00007f0ec4b5343e:   00 00 00 fc 48 0f 44 c2 48 21 f0 48 8b 38 31 d2
0x00007f0ec4b5344e:   e8 4d d2 ff ff 64 89 2b 48 83 c4 18 5b 5d c3 0f
0x00007f0ec4b5345e:   1f 00 8b 15 42 4f 17 00 85 d2 75 28 48 3b 05 ff
0x00007f0ec4b5346e:   4e 17 00 76 1f 48 3d 00 00 00 02 77 17 48 83 e0
0x00007f0ec4b5347e:   f8 48 8d 14 00 48 89 05 e6 4e 17 00 48 89 15 cf
0x00007f0ec4b5348e:   4e 17 00 90 48 89 f7 e8 c6 ba ff ff 64 89 2b 48
0x00007f0ec4b5349e:   83 c4 18 5b 5d c3 0f 1f 40 00 c3 0f 1f 80 00 00
0x00007f0ec4b534ae:   00 00 48 8b 15 f9 48 17 00 48 89 3c 24 64 80 3a
0x00007f0ec4b534be:   00 0f 85 56 ff ff ff 48 89 74 24 08 e8 c1 f4 ff
0x00007f0ec4b534ce:   ff 48 8b 3c 24 48 8b 74 24 08 48 8b 47 f8 e9 3a
0x00007f0ec4b534de:   ff ff ff 66 66 2e 0f 1f 84 00 00 00 00 00 0f 1f
0x00007f0ec4b534ee:   40 00 f3 0f 1e fa 41 57 41 56 41 55 41 54 55 53 


Stack slot to memory mapping:
stack at sp + 0 slots: 0x00007f0ebc016000 is a thread
stack at sp + 1 slots: 0x00007f0e42e140b2: <offset 0x00000000003530b2> in /home/cbrissette/cuopt/.cuopt_env/lib/libcuopt.so at 0x00007f0e42ac1000
stack at sp + 2 slots: 0x00007f0ebdfd3cc0 points into unknown readable memory: 0x00007f0900000000 | 00 00 00 00 09 7f 00 00
stack at sp + 3 slots: 0x00007f0ebdfd3cc0 points into unknown readable memory: 0x00007f0900000000 | 00 00 00 00 09 7f 00 00
stack at sp + 4 slots: 0x0 is NULL
stack at sp + 5 slots: 0x00007f0e43060c5b: <offset 0x000000000059fc5b> in /home/cbrissette/cuopt/.cuopt_env/lib/libcuopt.so at 0x00007f0e42ac1000
stack at sp + 6 slots: 0x00007f0ebc016000 is a thread
stack at sp + 7 slots: 0x00007f0ec343c958 is pointing into the stack for thread: 0x00007f0ebc016000


---------------  P R O C E S S  ---------------

Threads class SMR info:
_java_thread_list=0x00007f0ebf67c2f0, length=15, elements={
0x00007f0ebc016000, 0x00007f0ebc253800, 0x00007f0ebc255800, 0x00007f0ebc25d800,
0x00007f0ebc25f800, 0x00007f0ebc262000, 0x00007f0ebc264000, 0x00007f0ebc266000,
0x00007f0ebc299000, 0x00007f0ebc3ed000, 0x00007f0ebc402000, 0x00007f0ebc694800,
0x00007f0ebd095800, 0x00007f0ebdfd1800, 0x00007f0ebe1f1800
}

Java Threads: ( => current thread )
=>0x00007f0ebc016000 JavaThread "main" [_thread_in_native, id=1440123, stack(0x00007f0ec3341000,0x00007f0ec3441000)]
  0x00007f0ebc253800 JavaThread "Reference Handler" daemon [_thread_blocked, id=1440133, stack(0x00007f0e914fe000,0x00007f0e915fe000)]
  0x00007f0ebc255800 JavaThread "Finalizer" daemon [_thread_blocked, id=1440134, stack(0x00007f0e913fe000,0x00007f0e914fe000)]
  0x00007f0ebc25d800 JavaThread "Signal Dispatcher" daemon [_thread_blocked, id=1440135, stack(0x00007f0e912fe000,0x00007f0e913fe000)]
  0x00007f0ebc25f800 JavaThread "Service Thread" daemon [_thread_blocked, id=1440136, stack(0x00007f0e911fe000,0x00007f0e912fe000)]
  0x00007f0ebc262000 JavaThread "C2 CompilerThread0" daemon [_thread_in_native, id=1440137, stack(0x00007f0e910fe000,0x00007f0e911fe000)]
  0x00007f0ebc264000 JavaThread "C1 CompilerThread0" daemon [_thread_blocked, id=1440138, stack(0x00007f0e90ffe000,0x00007f0e910fe000)]
  0x00007f0ebc266000 JavaThread "Sweeper thread" daemon [_thread_blocked, id=1440139, stack(0x00007f0e90efe000,0x00007f0e90ffe000)]
  0x00007f0ebc299000 JavaThread "Common-Cleaner" daemon [_thread_blocked, id=1440142, stack(0x00007f0e90bfd000,0x00007f0e90cfd000)]
  0x00007f0ebc3ed000 JavaThread "surefire-forkedjvm-stream-flusher" daemon [_thread_blocked, id=1440143, stack(0x00007f0e90afd000,0x00007f0e90bfd000)]
  0x00007f0ebc402000 JavaThread "surefire-forkedjvm-command-thread" daemon [_thread_in_native, id=1440144, stack(0x00007f0e909fd000,0x00007f0e90afd000)]
  0x00007f0ebc694800 JavaThread "Cleaner-0" daemon [_thread_blocked, id=1440146, stack(0x00007f0e907fd000,0x00007f0e908fd000)]
  0x00007f0ebd095800 JavaThread "process reaper" daemon [_thread_blocked, id=1440185, stack(0x00007f0e3509b000,0x00007f0e350bd000)]
  0x00007f0ebdfd1800 JavaThread "Cleaner-1" daemon [_thread_blocked, id=1440195, stack(0x00007f0e908fd000,0x00007f0e909fd000)]
  0x00007f0ebe1f1800 JavaThread "Cleaner-2" daemon [_thread_blocked, id=1440207, stack(0x00007f0e90dfe000,0x00007f0e90efe000)]

Other Threads:
  0x00007f0ebc250800 VMThread "VM Thread" [stack: 0x00007f0e915ff000,0x00007f0e916ff000] [id=1440131]
  0x00007f0ebc296800 WatcherThread [stack: 0x00007f0e90cfe000,0x00007f0e90dfe000] [id=1440141]
  0x00007f0ebc030000 GCTaskThread "GC Thread#0" [stack: 0x00007f0ec3007000,0x00007f0ec3107000] [id=1440124]
  0x00007f0e84009000 GCTaskThread "GC Thread#1" [stack: 0x00007f0e08063000,0x00007f0e08163000] [id=1440196]
  0x00007f0e8400a800 GCTaskThread "GC Thread#2" [stack: 0x00007f0df5500000,0x00007f0df5600000] [id=1440197]
  0x00007f0e8400c000 GCTaskThread "GC Thread#3" [stack: 0x00007f0df53ff000,0x00007f0df54ff000] [id=1440198]
  0x00007f0e8400d800 GCTaskThread "GC Thread#4" [stack: 0x00007f0df52fe000,0x00007f0df53fe000] [id=1440199]
  0x00007f0e8400f000 GCTaskThread "GC Thread#5" [stack: 0x00007f0df51fd000,0x00007f0df52fd000] [id=1440200]
  0x00007f0ebc08e000 ConcurrentGCThread "G1 Main Marker" [stack: 0x00007f0ec06dc000,0x00007f0ec07dc000] [id=1440125]
  0x00007f0ebc08f800 ConcurrentGCThread "G1 Conc#0" [stack: 0x00007f0ec05db000,0x00007f0ec06db000] [id=1440126]
  0x00007f0ebc1ab000 ConcurrentGCThread "G1 Refine#0" [stack: 0x00007f0e9808d000,0x00007f0e9818d000] [id=1440129]
  0x00007f0ebc1ac800 ConcurrentGCThread "G1 Young RemSet Sampling" [stack: 0x00007f0e91f00000,0x00007f0e92000000] [id=1440130]

Threads with active compile tasks:
C2 CompilerThread0     3756 1441   !   4       jdk.internal.loader.URLClassPath$JarLoader::getResource (65 bytes)

VM state:not at safepoint (normal execution)

VM Mutex/Monitor currently owned by a thread: None

Heap address: 0x0000000709200000, size: 3950 MB, Compressed Oops mode: Zero based, Oop shift amount: 3
Narrow klass base: 0x0000000800000000, Narrow klass shift: 3
Compressed class space size: 1073741824 Address: 0x0000000840000000

Heap:
 garbage-first heap   total 256000K, used 4347K [0x0000000709200000, 0x0000000800000000)
  region size 1024K, 5 young (5120K), 3 survivors (3072K)
 Metaspace       used 7509K, capacity 9131K, committed 9472K, reserved 1056768K
  class space    used 905K, capacity 1238K, committed 1280K, reserved 1048576K
Heap Regions: E=young(eden), S=young(survivor), O=old, HS=humongous(starts), HC=humongous(continues), CS=collection set, F=free, A=archive, TAMS=top-at-mark-start (previous, next)
|   0|0x0000000709200000, 0x0000000709200000, 0x0000000709300000|  0%| F|  |TAMS 0x0000000709200000, 0x0000000709200000| Untracked 
|   1|0x0000000709300000, 0x0000000709300000, 0x0000000709400000|  0%| F|  |TAMS 0x0000000709300000, 0x0000000709300000| Untracked 
|   2|0x0000000709400000, 0x0000000709400000, 0x0000000709500000|  0%| F|  |TAMS 0x0000000709400000, 0x0000000709400000| Untracked 
|   3|0x0000000709500000, 0x0000000709500000, 0x0000000709600000|  0%| F|  |TAMS 0x0000000709500000, 0x0000000709500000| Untracked 
|   4|0x0000000709600000, 0x0000000709600000, 0x0000000709700000|  0%| F|  |TAMS 0x0000000709600000, 0x0000000709600000| Untracked 
|   5|0x0000000709700000, 0x0000000709700000, 0x0000000709800000|  0%| F|  |TAMS 0x0000000709700000, 0x0000000709700000| Untracked 
|   6|0x0000000709800000, 0x0000000709800000, 0x0000000709900000|  0%| F|  |TAMS 0x0000000709800000, 0x0000000709800000| Untracked 
|   7|0x0000000709900000, 0x0000000709900000, 0x0000000709a00000|  0%| F|  |TAMS 0x0000000709900000, 0x0000000709900000| Untracked 
|   8|0x0000000709a00000, 0x0000000709a00000, 0x0000000709b00000|  0%| F|  |TAMS 0x0000000709a00000, 0x0000000709a00000| Untracked 
|   9|0x0000000709b00000, 0x0000000709b00000, 0x0000000709c00000|  0%| F|  |TAMS 0x0000000709b00000, 0x0000000709b00000| Untracked 
|  10|0x0000000709c00000, 0x0000000709c00000, 0x0000000709d00000|  0%| F|  |TAMS 0x0000000709c00000, 0x0000000709c00000| Untracked 
|  11|0x0000000709d00000, 0x0000000709d00000, 0x0000000709e00000|  0%| F|  |TAMS 0x0000000709d00000, 0x0000000709d00000| Untracked 
|  12|0x0000000709e00000, 0x0000000709e00000, 0x0000000709f00000|  0%| F|  |TAMS 0x0000000709e00000, 0x0000000709e00000| Untracked 
|  13|0x0000000709f00000, 0x0000000709f00000, 0x000000070a000000|  0%| F|  |TAMS 0x0000000709f00000, 0x0000000709f00000| Untracked 
|  14|0x000000070a000000, 0x000000070a000000, 0x000000070a100000|  0%| F|  |TAMS 0x000000070a000000, 0x000000070a000000| Untracked 
|  15|0x000000070a100000, 0x000000070a100000, 0x000000070a200000|  0%| F|  |TAMS 0x000000070a100000, 0x000000070a100000| Untracked 
|  16|0x000000070a200000, 0x000000070a200000, 0x000000070a300000|  0%| F|  |TAMS 0x000000070a200000, 0x000000070a200000| Untracked 
|  17|0x000000070a300000, 0x000000070a300000, 0x000000070a400000|  0%| F|  |TAMS 0x000000070a300000, 0x000000070a300000| Untracked 
|  18|0x000000070a400000, 0x000000070a400000, 0x000000070a500000|  0%| F|  |TAMS 0x000000070a400000, 0x000000070a400000| Untracked 
|  19|0x000000070a500000, 0x000000070a500000, 0x000000070a600000|  0%| F|  |TAMS 0x000000070a500000, 0x000000070a500000| Untracked 
|  20|0x000000070a600000, 0x000000070a600000, 0x000000070a700000|  0%| F|  |TAMS 0x000000070a600000, 0x000000070a600000| Untracked 
|  21|0x000000070a700000, 0x000000070a700000, 0x000000070a800000|  0%| F|  |TAMS 0x000000070a700000, 0x000000070a700000| Untracked 
|  22|0x000000070a800000, 0x000000070a800000, 0x000000070a900000|  0%| F|  |TAMS 0x000000070a800000, 0x000000070a800000| Untracked 
|  23|0x000000070a900000, 0x000000070a900000, 0x000000070aa00000|  0%| F|  |TAMS 0x000000070a900000, 0x000000070a900000| Untracked 
|  24|0x000000070aa00000, 0x000000070aa00000, 0x000000070ab00000|  0%| F|  |TAMS 0x000000070aa00000, 0x000000070aa00000| Untracked 
|  25|0x000000070ab00000, 0x000000070ab00000, 0x000000070ac00000|  0%| F|  |TAMS 0x000000070ab00000, 0x000000070ab00000| Untracked 
|  26|0x000000070ac00000, 0x000000070ac00000, 0x000000070ad00000|  0%| F|  |TAMS 0x000000070ac00000, 0x000000070ac00000| Untracked 
|  27|0x000000070ad00000, 0x000000070ad00000, 0x000000070ae00000|  0%| F|  |TAMS 0x000000070ad00000, 0x000000070ad00000| Untracked 
|  28|0x000000070ae00000, 0x000000070ae00000, 0x000000070af00000|  0%| F|  |TAMS 0x000000070ae00000, 0x000000070ae00000| Untracked 
|  29|0x000000070af00000, 0x000000070af00000, 0x000000070b000000|  0%| F|  |TAMS 0x000000070af00000, 0x000000070af00000| Untracked 
|  30|0x000000070b000000, 0x000000070b000000, 0x000000070b100000|  0%| F|  |TAMS 0x000000070b000000, 0x000000070b000000| Untracked 
|  31|0x000000070b100000, 0x000000070b100000, 0x000000070b200000|  0%| F|  |TAMS 0x000000070b100000, 0x000000070b100000| Untracked 
|  32|0x000000070b200000, 0x000000070b200000, 0x000000070b300000|  0%| F|  |TAMS 0x000000070b200000, 0x000000070b200000| Untracked 
|  33|0x000000070b300000, 0x000000070b300000, 0x000000070b400000|  0%| F|  |TAMS 0x000000070b300000, 0x000000070b300000| Untracked 
|  34|0x000000070b400000, 0x000000070b400000, 0x000000070b500000|  0%| F|  |TAMS 0x000000070b400000, 0x000000070b400000| Untracked 
|  35|0x000000070b500000, 0x000000070b500000, 0x000000070b600000|  0%| F|  |TAMS 0x000000070b500000, 0x000000070b500000| Untracked 
|  36|0x000000070b600000, 0x000000070b600000, 0x000000070b700000|  0%| F|  |TAMS 0x000000070b600000, 0x000000070b600000| Untracked 
|  37|0x000000070b700000, 0x000000070b700000, 0x000000070b800000|  0%| F|  |TAMS 0x000000070b700000, 0x000000070b700000| Untracked 
|  38|0x000000070b800000, 0x000000070b800000, 0x000000070b900000|  0%| F|  |TAMS 0x000000070b800000, 0x000000070b800000| Untracked 
|  39|0x000000070b900000, 0x000000070b900000, 0x000000070ba00000|  0%| F|  |TAMS 0x000000070b900000, 0x000000070b900000| Untracked 
|  40|0x000000070ba00000, 0x000000070ba00000, 0x000000070bb00000|  0%| F|  |TAMS 0x000000070ba00000, 0x000000070ba00000| Untracked 
|  41|0x000000070bb00000, 0x000000070bb00000, 0x000000070bc00000|  0%| F|  |TAMS 0x000000070bb00000, 0x000000070bb00000| Untracked 
|  42|0x000000070bc00000, 0x000000070bc00000, 0x000000070bd00000|  0%| F|  |TAMS 0x000000070bc00000, 0x000000070bc00000| Untracked 
|  43|0x000000070bd00000, 0x000000070bd00000, 0x000000070be00000|  0%| F|  |TAMS 0x000000070bd00000, 0x000000070bd00000| Untracked 
|  44|0x000000070be00000, 0x000000070be00000, 0x000000070bf00000|  0%| F|  |TAMS 0x000000070be00000, 0x000000070be00000| Untracked 
|  45|0x000000070bf00000, 0x000000070bf00000, 0x000000070c000000|  0%| F|  |TAMS 0x000000070bf00000, 0x000000070bf00000| Untracked 
|  46|0x000000070c000000, 0x000000070c000000, 0x000000070c100000|  0%| F|  |TAMS 0x000000070c000000, 0x000000070c000000| Untracked 
|  47|0x000000070c100000, 0x000000070c100000, 0x000000070c200000|  0%| F|  |TAMS 0x000000070c100000, 0x000000070c100000| Untracked 
|  48|0x000000070c200000, 0x000000070c200000, 0x000000070c300000|  0%| F|  |TAMS 0x000000070c200000, 0x000000070c200000| Untracked 
|  49|0x000000070c300000, 0x000000070c300000, 0x000000070c400000|  0%| F|  |TAMS 0x000000070c300000, 0x000000070c300000| Untracked 
|  50|0x000000070c400000, 0x000000070c400000, 0x000000070c500000|  0%| F|  |TAMS 0x000000070c400000, 0x000000070c400000| Untracked 
|  51|0x000000070c500000, 0x000000070c500000, 0x000000070c600000|  0%| F|  |TAMS 0x000000070c500000, 0x000000070c500000| Untracked 
|  52|0x000000070c600000, 0x000000070c600000, 0x000000070c700000|  0%| F|  |TAMS 0x000000070c600000, 0x000000070c600000| Untracked 
|  53|0x000000070c700000, 0x000000070c700000, 0x000000070c800000|  0%| F|  |TAMS 0x000000070c700000, 0x000000070c700000| Untracked 
|  54|0x000000070c800000, 0x000000070c800000, 0x000000070c900000|  0%| F|  |TAMS 0x000000070c800000, 0x000000070c800000| Untracked 
|  55|0x000000070c900000, 0x000000070c900000, 0x000000070ca00000|  0%| F|  |TAMS 0x000000070c900000, 0x000000070c900000| Untracked 
|  56|0x000000070ca00000, 0x000000070ca00000, 0x000000070cb00000|  0%| F|  |TAMS 0x000000070ca00000, 0x000000070ca00000| Untracked 
|  57|0x000000070cb00000, 0x000000070cb00000, 0x000000070cc00000|  0%| F|  |TAMS 0x000000070cb00000, 0x000000070cb00000| Untracked 
|  58|0x000000070cc00000, 0x000000070cc00000, 0x000000070cd00000|  0%| F|  |TAMS 0x000000070cc00000, 0x000000070cc00000| Untracked 
|  59|0x000000070cd00000, 0x000000070cd00000, 0x000000070ce00000|  0%| F|  |TAMS 0x000000070cd00000, 0x000000070cd00000| Untracked 
|  60|0x000000070ce00000, 0x000000070ce00000, 0x000000070cf00000|  0%| F|  |TAMS 0x000000070ce00000, 0x000000070ce00000| Untracked 
|  61|0x000000070cf00000, 0x000000070cf00000, 0x000000070d000000|  0%| F|  |TAMS 0x000000070cf00000, 0x000000070cf00000| Untracked 
|  62|0x000000070d000000, 0x000000070d000000, 0x000000070d100000|  0%| F|  |TAMS 0x000000070d000000, 0x000000070d000000| Untracked 
|  63|0x000000070d100000, 0x000000070d100000, 0x000000070d200000|  0%| F|  |TAMS 0x000000070d100000, 0x000000070d100000| Untracked 
|  64|0x000000070d200000, 0x000000070d200000, 0x000000070d300000|  0%| F|  |TAMS 0x000000070d200000, 0x000000070d200000| Untracked 
|  65|0x000000070d300000, 0x000000070d300000, 0x000000070d400000|  0%| F|  |TAMS 0x000000070d300000, 0x000000070d300000| Untracked 
|  66|0x000000070d400000, 0x000000070d400000, 0x000000070d500000|  0%| F|  |TAMS 0x000000070d400000, 0x000000070d400000| Untracked 
|  67|0x000000070d500000, 0x000000070d500000, 0x000000070d600000|  0%| F|  |TAMS 0x000000070d500000, 0x000000070d500000| Untracked 
|  68|0x000000070d600000, 0x000000070d600000, 0x000000070d700000|  0%| F|  |TAMS 0x000000070d600000, 0x000000070d600000| Untracked 
|  69|0x000000070d700000, 0x000000070d700000, 0x000000070d800000|  0%| F|  |TAMS 0x000000070d700000, 0x000000070d700000| Untracked 
|  70|0x000000070d800000, 0x000000070d800000, 0x000000070d900000|  0%| F|  |TAMS 0x000000070d800000, 0x000000070d800000| Untracked 
|  71|0x000000070d900000, 0x000000070d900000, 0x000000070da00000|  0%| F|  |TAMS 0x000000070d900000, 0x000000070d900000| Untracked 
|  72|0x000000070da00000, 0x000000070da00000, 0x000000070db00000|  0%| F|  |TAMS 0x000000070da00000, 0x000000070da00000| Untracked 
|  73|0x000000070db00000, 0x000000070db00000, 0x000000070dc00000|  0%| F|  |TAMS 0x000000070db00000, 0x000000070db00000| Untracked 
|  74|0x000000070dc00000, 0x000000070dc00000, 0x000000070dd00000|  0%| F|  |TAMS 0x000000070dc00000, 0x000000070dc00000| Untracked 
|  75|0x000000070dd00000, 0x000000070dd00000, 0x000000070de00000|  0%| F|  |TAMS 0x000000070dd00000, 0x000000070dd00000| Untracked 
|  76|0x000000070de00000, 0x000000070de00000, 0x000000070df00000|  0%| F|  |TAMS 0x000000070de00000, 0x000000070de00000| Untracked 
|  77|0x000000070df00000, 0x000000070df00000, 0x000000070e000000|  0%| F|  |TAMS 0x000000070df00000, 0x000000070df00000| Untracked 
|  78|0x000000070e000000, 0x000000070e000000, 0x000000070e100000|  0%| F|  |TAMS 0x000000070e000000, 0x000000070e000000| Untracked 
|  79|0x000000070e100000, 0x000000070e100000, 0x000000070e200000|  0%| F|  |TAMS 0x000000070e100000, 0x000000070e100000| Untracked 
|  80|0x000000070e200000, 0x000000070e200000, 0x000000070e300000|  0%| F|  |TAMS 0x000000070e200000, 0x000000070e200000| Untracked 
|  81|0x000000070e300000, 0x000000070e300000, 0x000000070e400000|  0%| F|  |TAMS 0x000000070e300000, 0x000000070e300000| Untracked 
|  82|0x000000070e400000, 0x000000070e400000, 0x000000070e500000|  0%| F|  |TAMS 0x000000070e400000, 0x000000070e400000| Untracked 
|  83|0x000000070e500000, 0x000000070e500000, 0x000000070e600000|  0%| F|  |TAMS 0x000000070e500000, 0x000000070e500000| Untracked 
|  84|0x000000070e600000, 0x000000070e600000, 0x000000070e700000|  0%| F|  |TAMS 0x000000070e600000, 0x000000070e600000| Untracked 
|  85|0x000000070e700000, 0x000000070e700000, 0x000000070e800000|  0%| F|  |TAMS 0x000000070e700000, 0x000000070e700000| Untracked 
|  86|0x000000070e800000, 0x000000070e800000, 0x000000070e900000|  0%| F|  |TAMS 0x000000070e800000, 0x000000070e800000| Untracked 
|  87|0x000000070e900000, 0x000000070e900000, 0x000000070ea00000|  0%| F|  |TAMS 0x000000070e900000, 0x000000070e900000| Untracked 
|  88|0x000000070ea00000, 0x000000070ea00000, 0x000000070eb00000|  0%| F|  |TAMS 0x000000070ea00000, 0x000000070ea00000| Untracked 
|  89|0x000000070eb00000, 0x000000070eb00000, 0x000000070ec00000|  0%| F|  |TAMS 0x000000070eb00000, 0x000000070eb00000| Untracked 
|  90|0x000000070ec00000, 0x000000070ec00000, 0x000000070ed00000|  0%| F|  |TAMS 0x000000070ec00000, 0x000000070ec00000| Untracked 
|  91|0x000000070ed00000, 0x000000070ed00000, 0x000000070ee00000|  0%| F|  |TAMS 0x000000070ed00000, 0x000000070ed00000| Untracked 
|  92|0x000000070ee00000, 0x000000070ee00000, 0x000000070ef00000|  0%| F|  |TAMS 0x000000070ee00000, 0x000000070ee00000| Untracked 
|  93|0x000000070ef00000, 0x000000070ef00000, 0x000000070f000000|  0%| F|  |TAMS 0x000000070ef00000, 0x000000070ef00000| Untracked 
|  94|0x000000070f000000, 0x000000070f000000, 0x000000070f100000|  0%| F|  |TAMS 0x000000070f000000, 0x000000070f000000| Untracked 
|  95|0x000000070f100000, 0x000000070f100000, 0x000000070f200000|  0%| F|  |TAMS 0x000000070f100000, 0x000000070f100000| Untracked 
|  96|0x000000070f200000, 0x000000070f200000, 0x000000070f300000|  0%| F|  |TAMS 0x000000070f200000, 0x000000070f200000| Untracked 
|  97|0x000000070f300000, 0x000000070f300000, 0x000000070f400000|  0%| F|  |TAMS 0x000000070f300000, 0x000000070f300000| Untracked 
|  98|0x000000070f400000, 0x000000070f400000, 0x000000070f500000|  0%| F|  |TAMS 0x000000070f400000, 0x000000070f400000| Untracked 
|  99|0x000000070f500000, 0x000000070f500000, 0x000000070f600000|  0%| F|  |TAMS 0x000000070f500000, 0x000000070f500000| Untracked 
| 100|0x000000070f600000, 0x000000070f600000, 0x000000070f700000|  0%| F|  |TAMS 0x000000070f600000, 0x000000070f600000| Untracked 
| 101|0x000000070f700000, 0x000000070f700000, 0x000000070f800000|  0%| F|  |TAMS 0x000000070f700000, 0x000000070f700000| Untracked 
| 102|0x000000070f800000, 0x000000070f800000, 0x000000070f900000|  0%| F|  |TAMS 0x000000070f800000, 0x000000070f800000| Untracked 
| 103|0x000000070f900000, 0x000000070f900000, 0x000000070fa00000|  0%| F|  |TAMS 0x000000070f900000, 0x000000070f900000| Untracked 
| 104|0x000000070fa00000, 0x000000070fa00000, 0x000000070fb00000|  0%| F|  |TAMS 0x000000070fa00000, 0x000000070fa00000| Untracked 
| 105|0x000000070fb00000, 0x000000070fb00000, 0x000000070fc00000|  0%| F|  |TAMS 0x000000070fb00000, 0x000000070fb00000| Untracked 
| 106|0x000000070fc00000, 0x000000070fc00000, 0x000000070fd00000|  0%| F|  |TAMS 0x000000070fc00000, 0x000000070fc00000| Untracked 
| 107|0x000000070fd00000, 0x000000070fd00000, 0x000000070fe00000|  0%| F|  |TAMS 0x000000070fd00000, 0x000000070fd00000| Untracked 
| 108|0x000000070fe00000, 0x000000070fe00000, 0x000000070ff00000|  0%| F|  |TAMS 0x000000070fe00000, 0x000000070fe00000| Untracked 
| 109|0x000000070ff00000, 0x000000070ff00000, 0x0000000710000000|  0%| F|  |TAMS 0x000000070ff00000, 0x000000070ff00000| Untracked 
| 110|0x0000000710000000, 0x0000000710000000, 0x0000000710100000|  0%| F|  |TAMS 0x0000000710000000, 0x0000000710000000| Untracked 
| 111|0x0000000710100000, 0x0000000710100000, 0x0000000710200000|  0%| F|  |TAMS 0x0000000710100000, 0x0000000710100000| Untracked 
| 112|0x0000000710200000, 0x0000000710200000, 0x0000000710300000|  0%| F|  |TAMS 0x0000000710200000, 0x0000000710200000| Untracked 
| 113|0x0000000710300000, 0x0000000710300000, 0x0000000710400000|  0%| F|  |TAMS 0x0000000710300000, 0x0000000710300000| Untracked 
| 114|0x0000000710400000, 0x0000000710400000, 0x0000000710500000|  0%| F|  |TAMS 0x0000000710400000, 0x0000000710400000| Untracked 
| 115|0x0000000710500000, 0x0000000710500000, 0x0000000710600000|  0%| F|  |TAMS 0x0000000710500000, 0x0000000710500000| Untracked 
| 116|0x0000000710600000, 0x0000000710600000, 0x0000000710700000|  0%| F|  |TAMS 0x0000000710600000, 0x0000000710600000| Untracked 
| 117|0x0000000710700000, 0x0000000710700000, 0x0000000710800000|  0%| F|  |TAMS 0x0000000710700000, 0x0000000710700000| Untracked 
| 118|0x0000000710800000, 0x0000000710800000, 0x0000000710900000|  0%| F|  |TAMS 0x0000000710800000, 0x0000000710800000| Untracked 
| 119|0x0000000710900000, 0x0000000710900000, 0x0000000710a00000|  0%| F|  |TAMS 0x0000000710900000, 0x0000000710900000| Untracked 
| 120|0x0000000710a00000, 0x0000000710a00000, 0x0000000710b00000|  0%| F|  |TAMS 0x0000000710a00000, 0x0000000710a00000| Untracked 
| 121|0x0000000710b00000, 0x0000000710b00000, 0x0000000710c00000|  0%| F|  |TAMS 0x0000000710b00000, 0x0000000710b00000| Untracked 
| 122|0x0000000710c00000, 0x0000000710c00000, 0x0000000710d00000|  0%| F|  |TAMS 0x0000000710c00000, 0x0000000710c00000| Untracked 
| 123|0x0000000710d00000, 0x0000000710d00000, 0x0000000710e00000|  0%| F|  |TAMS 0x0000000710d00000, 0x0000000710d00000| Untracked 
| 124|0x0000000710e00000, 0x0000000710e00000, 0x0000000710f00000|  0%| F|  |TAMS 0x0000000710e00000, 0x0000000710e00000| Untracked 
| 125|0x0000000710f00000, 0x0000000710f00000, 0x0000000711000000|  0%| F|  |TAMS 0x0000000710f00000, 0x0000000710f00000| Untracked 
| 126|0x0000000711000000, 0x0000000711000000, 0x0000000711100000|  0%| F|  |TAMS 0x0000000711000000, 0x0000000711000000| Untracked 
| 127|0x0000000711100000, 0x0000000711100000, 0x0000000711200000|  0%| F|  |TAMS 0x0000000711100000, 0x0000000711100000| Untracked 
| 128|0x0000000711200000, 0x0000000711200000, 0x0000000711300000|  0%| F|  |TAMS 0x0000000711200000, 0x0000000711200000| Untracked 
| 129|0x0000000711300000, 0x0000000711300000, 0x0000000711400000|  0%| F|  |TAMS 0x0000000711300000, 0x0000000711300000| Untracked 
| 130|0x0000000711400000, 0x0000000711400000, 0x0000000711500000|  0%| F|  |TAMS 0x0000000711400000, 0x0000000711400000| Untracked 
| 131|0x0000000711500000, 0x0000000711500000, 0x0000000711600000|  0%| F|  |TAMS 0x0000000711500000, 0x0000000711500000| Untracked 
| 132|0x0000000711600000, 0x0000000711600000, 0x0000000711700000|  0%| F|  |TAMS 0x0000000711600000, 0x0000000711600000| Untracked 
| 133|0x0000000711700000, 0x0000000711700000, 0x0000000711800000|  0%| F|  |TAMS 0x0000000711700000, 0x0000000711700000| Untracked 
| 134|0x0000000711800000, 0x0000000711800000, 0x0000000711900000|  0%| F|  |TAMS 0x0000000711800000, 0x0000000711800000| Untracked 
| 135|0x0000000711900000, 0x0000000711900000, 0x0000000711a00000|  0%| F|  |TAMS 0x0000000711900000, 0x0000000711900000| Untracked 
| 136|0x0000000711a00000, 0x0000000711a00000, 0x0000000711b00000|  0%| F|  |TAMS 0x0000000711a00000, 0x0000000711a00000| Untracked 
| 137|0x0000000711b00000, 0x0000000711b00000, 0x0000000711c00000|  0%| F|  |TAMS 0x0000000711b00000, 0x0000000711b00000| Untracked 
| 138|0x0000000711c00000, 0x0000000711c00000, 0x0000000711d00000|  0%| F|  |TAMS 0x0000000711c00000, 0x0000000711c00000| Untracked 
| 139|0x0000000711d00000, 0x0000000711d00000, 0x0000000711e00000|  0%| F|  |TAMS 0x0000000711d00000, 0x0000000711d00000| Untracked 
| 140|0x0000000711e00000, 0x0000000711e00000, 0x0000000711f00000|  0%| F|  |TAMS 0x0000000711e00000, 0x0000000711e00000| Untracked 
| 141|0x0000000711f00000, 0x0000000711f00000, 0x0000000712000000|  0%| F|  |TAMS 0x0000000711f00000, 0x0000000711f00000| Untracked 
| 142|0x0000000712000000, 0x0000000712000000, 0x0000000712100000|  0%| F|  |TAMS 0x0000000712000000, 0x0000000712000000| Untracked 
| 143|0x0000000712100000, 0x0000000712100000, 0x0000000712200000|  0%| F|  |TAMS 0x0000000712100000, 0x0000000712100000| Untracked 
| 144|0x0000000712200000, 0x0000000712200000, 0x0000000712300000|  0%| F|  |TAMS 0x0000000712200000, 0x0000000712200000| Untracked 
| 145|0x0000000712300000, 0x0000000712300000, 0x0000000712400000|  0%| F|  |TAMS 0x0000000712300000, 0x0000000712300000| Untracked 
| 146|0x0000000712400000, 0x0000000712400000, 0x0000000712500000|  0%| F|  |TAMS 0x0000000712400000, 0x0000000712400000| Untracked 
| 147|0x0000000712500000, 0x0000000712500000, 0x0000000712600000|  0%| F|  |TAMS 0x0000000712500000, 0x0000000712500000| Untracked 
| 148|0x0000000712600000, 0x0000000712600000, 0x0000000712700000|  0%| F|  |TAMS 0x0000000712600000, 0x0000000712600000| Untracked 
| 149|0x0000000712700000, 0x0000000712700000, 0x0000000712800000|  0%| F|  |TAMS 0x0000000712700000, 0x0000000712700000| Untracked 
| 150|0x0000000712800000, 0x0000000712800000, 0x0000000712900000|  0%| F|  |TAMS 0x0000000712800000, 0x0000000712800000| Untracked 
| 151|0x0000000712900000, 0x0000000712900000, 0x0000000712a00000|  0%| F|  |TAMS 0x0000000712900000, 0x0000000712900000| Untracked 
| 152|0x0000000712a00000, 0x0000000712a00000, 0x0000000712b00000|  0%| F|  |TAMS 0x0000000712a00000, 0x0000000712a00000| Untracked 
| 153|0x0000000712b00000, 0x0000000712b00000, 0x0000000712c00000|  0%| F|  |TAMS 0x0000000712b00000, 0x0000000712b00000| Untracked 
| 154|0x0000000712c00000, 0x0000000712c00000, 0x0000000712d00000|  0%| F|  |TAMS 0x0000000712c00000, 0x0000000712c00000| Untracked 
| 155|0x0000000712d00000, 0x0000000712d00000, 0x0000000712e00000|  0%| F|  |TAMS 0x0000000712d00000, 0x0000000712d00000| Untracked 
| 156|0x0000000712e00000, 0x0000000712e00000, 0x0000000712f00000|  0%| F|  |TAMS 0x0000000712e00000, 0x0000000712e00000| Untracked 
| 157|0x0000000712f00000, 0x0000000712f00000, 0x0000000713000000|  0%| F|  |TAMS 0x0000000712f00000, 0x0000000712f00000| Untracked 
| 158|0x0000000713000000, 0x0000000713000000, 0x0000000713100000|  0%| F|  |TAMS 0x0000000713000000, 0x0000000713000000| Untracked 
| 159|0x0000000713100000, 0x0000000713100000, 0x0000000713200000|  0%| F|  |TAMS 0x0000000713100000, 0x0000000713100000| Untracked 
| 160|0x0000000713200000, 0x0000000713200000, 0x0000000713300000|  0%| F|  |TAMS 0x0000000713200000, 0x0000000713200000| Untracked 
| 161|0x0000000713300000, 0x0000000713300000, 0x0000000713400000|  0%| F|  |TAMS 0x0000000713300000, 0x0000000713300000| Untracked 
| 162|0x0000000713400000, 0x0000000713400000, 0x0000000713500000|  0%| F|  |TAMS 0x0000000713400000, 0x0000000713400000| Untracked 
| 163|0x0000000713500000, 0x0000000713500000, 0x0000000713600000|  0%| F|  |TAMS 0x0000000713500000, 0x0000000713500000| Untracked 
| 164|0x0000000713600000, 0x0000000713600000, 0x0000000713700000|  0%| F|  |TAMS 0x0000000713600000, 0x0000000713600000| Untracked 
| 165|0x0000000713700000, 0x0000000713700000, 0x0000000713800000|  0%| F|  |TAMS 0x0000000713700000, 0x0000000713700000| Untracked 
| 166|0x0000000713800000, 0x0000000713800000, 0x0000000713900000|  0%| F|  |TAMS 0x0000000713800000, 0x0000000713800000| Untracked 
| 167|0x0000000713900000, 0x0000000713900000, 0x0000000713a00000|  0%| F|  |TAMS 0x0000000713900000, 0x0000000713900000| Untracked 
| 168|0x0000000713a00000, 0x0000000713a00000, 0x0000000713b00000|  0%| F|  |TAMS 0x0000000713a00000, 0x0000000713a00000| Untracked 
| 169|0x0000000713b00000, 0x0000000713b00000, 0x0000000713c00000|  0%| F|  |TAMS 0x0000000713b00000, 0x0000000713b00000| Untracked 
| 170|0x0000000713c00000, 0x0000000713c00000, 0x0000000713d00000|  0%| F|  |TAMS 0x0000000713c00000, 0x0000000713c00000| Untracked 
| 171|0x0000000713d00000, 0x0000000713d00000, 0x0000000713e00000|  0%| F|  |TAMS 0x0000000713d00000, 0x0000000713d00000| Untracked 
| 172|0x0000000713e00000, 0x0000000713e00000, 0x0000000713f00000|  0%| F|  |TAMS 0x0000000713e00000, 0x0000000713e00000| Untracked 
| 173|0x0000000713f00000, 0x0000000713f00000, 0x0000000714000000|  0%| F|  |TAMS 0x0000000713f00000, 0x0000000713f00000| Untracked 
| 174|0x0000000714000000, 0x0000000714000000, 0x0000000714100000|  0%| F|  |TAMS 0x0000000714000000, 0x0000000714000000| Untracked 
| 175|0x0000000714100000, 0x0000000714100000, 0x0000000714200000|  0%| F|  |TAMS 0x0000000714100000, 0x0000000714100000| Untracked 
| 176|0x0000000714200000, 0x0000000714200000, 0x0000000714300000|  0%| F|  |TAMS 0x0000000714200000, 0x0000000714200000| Untracked 
| 177|0x0000000714300000, 0x0000000714300000, 0x0000000714400000|  0%| F|  |TAMS 0x0000000714300000, 0x0000000714300000| Untracked 
| 178|0x0000000714400000, 0x0000000714400000, 0x0000000714500000|  0%| F|  |TAMS 0x0000000714400000, 0x0000000714400000| Untracked 
| 179|0x0000000714500000, 0x0000000714500000, 0x0000000714600000|  0%| F|  |TAMS 0x0000000714500000, 0x0000000714500000| Untracked 
| 180|0x0000000714600000, 0x0000000714600000, 0x0000000714700000|  0%| F|  |TAMS 0x0000000714600000, 0x0000000714600000| Untracked 
| 181|0x0000000714700000, 0x0000000714700000, 0x0000000714800000|  0%| F|  |TAMS 0x0000000714700000, 0x0000000714700000| Untracked 
| 182|0x0000000714800000, 0x0000000714800000, 0x0000000714900000|  0%| F|  |TAMS 0x0000000714800000, 0x0000000714800000| Untracked 
| 183|0x0000000714900000, 0x0000000714900000, 0x0000000714a00000|  0%| F|  |TAMS 0x0000000714900000, 0x0000000714900000| Untracked 
| 184|0x0000000714a00000, 0x0000000714a00000, 0x0000000714b00000|  0%| F|  |TAMS 0x0000000714a00000, 0x0000000714a00000| Untracked 
| 185|0x0000000714b00000, 0x0000000714b00000, 0x0000000714c00000|  0%| F|  |TAMS 0x0000000714b00000, 0x0000000714b00000| Untracked 
| 186|0x0000000714c00000, 0x0000000714c00000, 0x0000000714d00000|  0%| F|  |TAMS 0x0000000714c00000, 0x0000000714c00000| Untracked 
| 187|0x0000000714d00000, 0x0000000714d00000, 0x0000000714e00000|  0%| F|  |TAMS 0x0000000714d00000, 0x0000000714d00000| Untracked 
| 188|0x0000000714e00000, 0x0000000714e00000, 0x0000000714f00000|  0%| F|  |TAMS 0x0000000714e00000, 0x0000000714e00000| Untracked 
| 189|0x0000000714f00000, 0x0000000714f00000, 0x0000000715000000|  0%| F|  |TAMS 0x0000000714f00000, 0x0000000714f00000| Untracked 
| 190|0x0000000715000000, 0x0000000715000000, 0x0000000715100000|  0%| F|  |TAMS 0x0000000715000000, 0x0000000715000000| Untracked 
| 191|0x0000000715100000, 0x0000000715100000, 0x0000000715200000|  0%| F|  |TAMS 0x0000000715100000, 0x0000000715100000| Untracked 
| 192|0x0000000715200000, 0x0000000715200000, 0x0000000715300000|  0%| F|  |TAMS 0x0000000715200000, 0x0000000715200000| Untracked 
| 193|0x0000000715300000, 0x0000000715300000, 0x0000000715400000|  0%| F|  |TAMS 0x0000000715300000, 0x0000000715300000| Untracked 
| 194|0x0000000715400000, 0x0000000715400000, 0x0000000715500000|  0%| F|  |TAMS 0x0000000715400000, 0x0000000715400000| Untracked 
| 195|0x0000000715500000, 0x0000000715500000, 0x0000000715600000|  0%| F|  |TAMS 0x0000000715500000, 0x0000000715500000| Untracked 
| 196|0x0000000715600000, 0x0000000715600000, 0x0000000715700000|  0%| F|  |TAMS 0x0000000715600000, 0x0000000715600000| Untracked 
| 197|0x0000000715700000, 0x0000000715700000, 0x0000000715800000|  0%| F|  |TAMS 0x0000000715700000, 0x0000000715700000| Untracked 
| 198|0x0000000715800000, 0x0000000715800000, 0x0000000715900000|  0%| F|  |TAMS 0x0000000715800000, 0x0000000715800000| Untracked 
| 199|0x0000000715900000, 0x0000000715900000, 0x0000000715a00000|  0%| F|  |TAMS 0x0000000715900000, 0x0000000715900000| Untracked 
| 200|0x0000000715a00000, 0x0000000715a00000, 0x0000000715b00000|  0%| F|  |TAMS 0x0000000715a00000, 0x0000000715a00000| Untracked 
| 201|0x0000000715b00000, 0x0000000715b00000, 0x0000000715c00000|  0%| F|  |TAMS 0x0000000715b00000, 0x0000000715b00000| Untracked 
| 202|0x0000000715c00000, 0x0000000715c00000, 0x0000000715d00000|  0%| F|  |TAMS 0x0000000715c00000, 0x0000000715c00000| Untracked 
| 203|0x0000000715d00000, 0x0000000715d00000, 0x0000000715e00000|  0%| F|  |TAMS 0x0000000715d00000, 0x0000000715d00000| Untracked 
| 204|0x0000000715e00000, 0x0000000715e00000, 0x0000000715f00000|  0%| F|  |TAMS 0x0000000715e00000, 0x0000000715e00000| Untracked 
| 205|0x0000000715f00000, 0x0000000715f00000, 0x0000000716000000|  0%| F|  |TAMS 0x0000000715f00000, 0x0000000715f00000| Untracked 
| 206|0x0000000716000000, 0x0000000716000000, 0x0000000716100000|  0%| F|  |TAMS 0x0000000716000000, 0x0000000716000000| Untracked 
| 207|0x0000000716100000, 0x0000000716100000, 0x0000000716200000|  0%| F|  |TAMS 0x0000000716100000, 0x0000000716100000| Untracked 
| 208|0x0000000716200000, 0x0000000716200000, 0x0000000716300000|  0%| F|  |TAMS 0x0000000716200000, 0x0000000716200000| Untracked 
| 209|0x0000000716300000, 0x0000000716300000, 0x0000000716400000|  0%| F|  |TAMS 0x0000000716300000, 0x0000000716300000| Untracked 
| 210|0x0000000716400000, 0x0000000716400000, 0x0000000716500000|  0%| F|  |TAMS 0x0000000716400000, 0x0000000716400000| Untracked 
| 211|0x0000000716500000, 0x0000000716500000, 0x0000000716600000|  0%| F|  |TAMS 0x0000000716500000, 0x0000000716500000| Untracked 
| 212|0x0000000716600000, 0x0000000716600000, 0x0000000716700000|  0%| F|  |TAMS 0x0000000716600000, 0x0000000716600000| Untracked 
| 213|0x0000000716700000, 0x0000000716700000, 0x0000000716800000|  0%| F|  |TAMS 0x0000000716700000, 0x0000000716700000| Untracked 
| 214|0x0000000716800000, 0x0000000716800000, 0x0000000716900000|  0%| F|  |TAMS 0x0000000716800000, 0x0000000716800000| Untracked 
| 215|0x0000000716900000, 0x0000000716900000, 0x0000000716a00000|  0%| F|  |TAMS 0x0000000716900000, 0x0000000716900000| Untracked 
| 216|0x0000000716a00000, 0x0000000716a00000, 0x0000000716b00000|  0%| F|  |TAMS 0x0000000716a00000, 0x0000000716a00000| Untracked 
| 217|0x0000000716b00000, 0x0000000716b00000, 0x0000000716c00000|  0%| F|  |TAMS 0x0000000716b00000, 0x0000000716b00000| Untracked 
| 218|0x0000000716c00000, 0x0000000716c00000, 0x0000000716d00000|  0%| F|  |TAMS 0x0000000716c00000, 0x0000000716c00000| Untracked 
| 219|0x0000000716d00000, 0x0000000716d00000, 0x0000000716e00000|  0%| F|  |TAMS 0x0000000716d00000, 0x0000000716d00000| Untracked 
| 220|0x0000000716e00000, 0x0000000716e00000, 0x0000000716f00000|  0%| F|  |TAMS 0x0000000716e00000, 0x0000000716e00000| Untracked 
| 221|0x0000000716f00000, 0x0000000716f8afa8, 0x0000000717000000| 54%| S|CS|TAMS 0x0000000716f00000, 0x0000000716f00000| Complete 
| 222|0x0000000717000000, 0x0000000717100000, 0x0000000717100000|100%| S|CS|TAMS 0x0000000717000000, 0x0000000717000000| Complete 
| 223|0x0000000717100000, 0x0000000717200000, 0x0000000717200000|100%| S|CS|TAMS 0x0000000717100000, 0x0000000717100000| Complete 
| 224|0x0000000717200000, 0x0000000717200000, 0x0000000717300000|  0%| F|  |TAMS 0x0000000717200000, 0x0000000717200000| Untracked 
| 225|0x0000000717300000, 0x0000000717300000, 0x0000000717400000|  0%| F|  |TAMS 0x0000000717300000, 0x0000000717300000| Untracked 
| 226|0x0000000717400000, 0x0000000717400000, 0x0000000717500000|  0%| F|  |TAMS 0x0000000717400000, 0x0000000717400000| Untracked 
| 227|0x0000000717500000, 0x0000000717500000, 0x0000000717600000|  0%| F|  |TAMS 0x0000000717500000, 0x0000000717500000| Untracked 
| 228|0x0000000717600000, 0x0000000717600000, 0x0000000717700000|  0%| F|  |TAMS 0x0000000717600000, 0x0000000717600000| Untracked 
| 229|0x0000000717700000, 0x0000000717700000, 0x0000000717800000|  0%| F|  |TAMS 0x0000000717700000, 0x0000000717700000| Untracked 
| 230|0x0000000717800000, 0x0000000717800000, 0x0000000717900000|  0%| F|  |TAMS 0x0000000717800000, 0x0000000717800000| Untracked 
| 231|0x0000000717900000, 0x0000000717900000, 0x0000000717a00000|  0%| F|  |TAMS 0x0000000717900000, 0x0000000717900000| Untracked 
| 232|0x0000000717a00000, 0x0000000717a00000, 0x0000000717b00000|  0%| F|  |TAMS 0x0000000717a00000, 0x0000000717a00000| Untracked 
| 233|0x0000000717b00000, 0x0000000717b00000, 0x0000000717c00000|  0%| F|  |TAMS 0x0000000717b00000, 0x0000000717b00000| Untracked 
| 234|0x0000000717c00000, 0x0000000717c00000, 0x0000000717d00000|  0%| F|  |TAMS 0x0000000717c00000, 0x0000000717c00000| Untracked 
| 235|0x0000000717d00000, 0x0000000717d00000, 0x0000000717e00000|  0%| F|  |TAMS 0x0000000717d00000, 0x0000000717d00000| Untracked 
| 236|0x0000000717e00000, 0x0000000717e00000, 0x0000000717f00000|  0%| F|  |TAMS 0x0000000717e00000, 0x0000000717e00000| Untracked 
| 237|0x0000000717f00000, 0x0000000717f00000, 0x0000000718000000|  0%| F|  |TAMS 0x0000000717f00000, 0x0000000717f00000| Untracked 
| 238|0x0000000718000000, 0x0000000718000000, 0x0000000718100000|  0%| F|  |TAMS 0x0000000718000000, 0x0000000718000000| Untracked 
| 239|0x0000000718100000, 0x0000000718100000, 0x0000000718200000|  0%| F|  |TAMS 0x0000000718100000, 0x0000000718100000| Untracked 
| 240|0x0000000718200000, 0x0000000718200000, 0x0000000718300000|  0%| F|  |TAMS 0x0000000718200000, 0x0000000718200000| Untracked 
| 241|0x0000000718300000, 0x0000000718300000, 0x0000000718400000|  0%| F|  |TAMS 0x0000000718300000, 0x0000000718300000| Untracked 
| 242|0x0000000718400000, 0x0000000718400000, 0x0000000718500000|  0%| F|  |TAMS 0x0000000718400000, 0x0000000718400000| Untracked 
| 243|0x0000000718500000, 0x0000000718500000, 0x0000000718600000|  0%| F|  |TAMS 0x0000000718500000, 0x0000000718500000| Untracked 
| 244|0x0000000718600000, 0x0000000718600000, 0x0000000718700000|  0%| F|  |TAMS 0x0000000718600000, 0x0000000718600000| Untracked 
| 245|0x0000000718700000, 0x0000000718700000, 0x0000000718800000|  0%| F|  |TAMS 0x0000000718700000, 0x0000000718700000| Untracked 
| 246|0x0000000718800000, 0x0000000718880800, 0x0000000718900000| 50%| E|  |TAMS 0x0000000718800000, 0x0000000718800000| Complete 
| 247|0x0000000718900000, 0x0000000718a00000, 0x0000000718a00000|100%| E|CS|TAMS 0x0000000718900000, 0x0000000718900000| Complete 
|2924|0x00000007bfe00000, 0x00000007bfe48000, 0x00000007bff00000| 28%|OA|  |TAMS 0x00000007bfe00000, 0x00000007bfe00000| Untracked 
|2925|0x00000007bff00000, 0x00000007bff6c000, 0x00000007c0000000| 42%|CA|  |TAMS 0x00000007bff00000, 0x00000007bff00000| Untracked 

Card table byte_map: [0x00007f0ec1189000,0x00007f0ec1940000] _byte_map_base: 0x00007f0ebd940000

Marking Bits (Prev, Next): (CMBitMap*) 0x00007f0ebc07d798, (CMBitMap*) 0x00007f0ebc07d7d0
 Prev Bits: [0x00007f0e9c248000, 0x00007f0ea0000000)
 Next Bits: [0x00007f0e98490000, 0x00007f0e9c248000)

Polling page: 0x00007f0ec32fb000

Metaspace:

Usage:
  Non-class:      7.71 MB capacity,     6.45 MB ( 84%) used,     1.20 MB ( 16%) free+waste,    62.62 KB ( <1%) overhead. 
      Class:      1.21 MB capacity,   905.91 KB ( 73%) used,   298.34 KB ( 24%) free+waste,    33.75 KB (  3%) overhead. 
       Both:      8.92 MB capacity,     7.33 MB ( 82%) used,     1.49 MB ( 17%) free+waste,    96.38 KB (  1%) overhead. 

Virtual space:
  Non-class space:        8.00 MB reserved,       8.00 MB (100%) committed 
      Class space:        1.00 GB reserved,       1.25 MB ( <1%) committed 
             Both:        1.01 GB reserved,       9.25 MB ( <1%) committed 

Chunk freelists:
   Non-Class:  47.00 KB
       Class:  0 bytes
        Both:  47.00 KB

MaxMetaspaceSize: unlimited
CompressedClassSpaceSize: 1.00 GB
Initial GC threshold: 20.80 MB
Current GC threshold: 20.80 MB
CDS: on

CodeHeap 'non-profiled nmethods': size=119172Kb used=389Kb max_used=389Kb free=118782Kb
 bounds [0x00007f0eac36e000, 0x00007f0eac5de000, 0x00007f0eb37cf000]
CodeHeap 'profiled nmethods': size=119168Kb used=2955Kb max_used=2955Kb free=116212Kb
 bounds [0x00007f0ea4f0e000, 0x00007f0ea51fe000, 0x00007f0eac36e000]
CodeHeap 'non-nmethods': size=7420Kb used=1170Kb max_used=2308Kb free=6249Kb
 bounds [0x00007f0ea47cf000, 0x00007f0ea4a3f000, 0x00007f0ea4f0e000]
 total_blobs=1866 nmethods=1441 adapters=337
 compilation: enabled
              stopped_count=0, restarted_count=0
 full_count=0

Compilation events (20 events):
Event: 3.565 Thread 0x00007f0ebc264000 nmethod 1430 0x00007f0ea51ea410 code [0x00007f0ea51ea5c0, 0x00007f0ea51ea7d0]
Event: 3.580 Thread 0x00007f0ebc262000 nmethod 1423 0x00007f0eac3ccc10 code [0x00007f0eac3ccee0, 0x00007f0eac3ce118]
Event: 3.693 Thread 0x00007f0ebc262000 1433       4       java.util.concurrent.ConcurrentHashMap::setTabAt (20 bytes)
Event: 3.693 Thread 0x00007f0ebc264000 1434   !   3       java.util.concurrent.ConcurrentHashMap::replaceNode (437 bytes)
Event: 3.694 Thread 0x00007f0ebc262000 nmethod 1433 0x00007f0eac3ce910 code [0x00007f0eac3ceaa0, 0x00007f0eac3cebb8]
Event: 3.694 Thread 0x00007f0ebc264000 nmethod 1434 0x00007f0ea51ea890 code [0x00007f0ea51eac40, 0x00007f0ea51eced0]
Event: 3.695 Thread 0x00007f0ebc264000 1435   !   3       java.nio.charset.CharsetEncoder::encode (285 bytes)
Event: 3.696 Thread 0x00007f0ebc262000 1438       4       java.nio.StringCharBuffer::get (19 bytes)
Event: 3.696 Thread 0x00007f0ebc264000 nmethod 1435 0x00007f0ea51edd10 code [0x00007f0ea51ee040, 0x00007f0ea51ef3b0]
Event: 3.696 Thread 0x00007f0ebc264000 1436       3       sun.nio.cs.UTF_8$Encoder::encodeLoop (28 bytes)
Event: 3.696 Thread 0x00007f0ebc264000 nmethod 1436 0x00007f0ea51ef990 code [0x00007f0ea51efb80, 0x00007f0ea51eff90]
Event: 3.696 Thread 0x00007f0ebc264000 1437       3       java.util.regex.Pattern::next (33 bytes)
Event: 3.696 Thread 0x00007f0ebc264000 nmethod 1437 0x00007f0ea51f0110 code [0x00007f0ea51f02e0, 0x00007f0ea51f0560]
Event: 3.696 Thread 0x00007f0ebc264000 1439       3       jdk.internal.misc.Unsafe::convEndian (16 bytes)
Event: 3.696 Thread 0x00007f0ebc264000 nmethod 1439 0x00007f0ea51f0690 code [0x00007f0ea51f0840, 0x00007f0ea51f09f0]
Event: 3.696 Thread 0x00007f0ebc264000 1440       3       java.lang.Integer::reverseBytes (26 bytes)
Event: 3.696 Thread 0x00007f0ebc264000 nmethod 1440 0x00007f0ea51f0a90 code [0x00007f0ea51f0c40, 0x00007f0ea51f0d50]
Event: 3.697 Thread 0x00007f0ebc262000 nmethod 1438 0x00007f0eac3cec10 code [0x00007f0eac3cedc0, 0x00007f0eac3cef08]
Event: 3.750 Thread 0x00007f0ebc262000 1442       4       java.io.UnixFileSystem::normalize (75 bytes)
Event: 3.751 Thread 0x00007f0ebc262000 nmethod 1442 0x00007f0eac3cf090 code [0x00007f0eac3cf240, 0x00007f0eac3cf428]

GC Heap History (2 events):
Event: 3.554 GC heap before
{Heap before GC invocations=0 (full 0):
 garbage-first heap   total 256000K, used 24272K [0x0000000709200000, 0x0000000800000000)
  region size 1024K, 24 young (24576K), 0 survivors (0K)
 Metaspace       used 7435K, capacity 9061K, committed 9216K, reserved 1056768K
  class space    used 899K, capacity 1236K, committed 1280K, reserved 1048576K
}
Event: 3.560 GC heap after
{Heap after GC invocations=1 (full 0):
 garbage-first heap   total 256000K, used 3323K [0x0000000709200000, 0x0000000800000000)
  region size 1024K, 3 young (3072K), 3 survivors (3072K)
 Metaspace       used 7435K, capacity 9061K, committed 9216K, reserved 1056768K
  class space    used 899K, capacity 1236K, committed 1280K, reserved 1048576K
}

Deoptimization events (20 events):
Event: 0.395 Thread 0x00007f0ebc016000 DEOPT PACKING pc=0x00007f0eac3a6b44 sp=0x00007f0ec343da50
Event: 0.395 Thread 0x00007f0ebc016000 DEOPT UNPACKING pc=0x00007f0ea4818ea5 sp=0x00007f0ec343d9e8 mode 2
Event: 0.415 Thread 0x00007f0ebc016000 Uncommon trap: trap_request=0xffffff4d fr.pc=0x00007f0eac3827e4 relative=0x0000000000000044
Event: 0.415 Thread 0x00007f0ebc016000 Uncommon trap: reason=unstable_if action=reinterpret pc=0x00007f0eac3827e4 method=java.lang.CharacterData.of(I)Ljava/lang/CharacterData; @ 4 c2
Event: 0.415 Thread 0x00007f0ebc016000 DEOPT PACKING pc=0x00007f0eac3827e4 sp=0x00007f0ec343bf60
Event: 0.415 Thread 0x00007f0ebc016000 DEOPT UNPACKING pc=0x00007f0ea4818ea5 sp=0x00007f0ec343bf18 mode 2
Event: 0.416 Thread 0x00007f0ebc016000 Uncommon trap: trap_request=0xffffff4d fr.pc=0x00007f0eac387b88 relative=0x0000000000000068
Event: 0.416 Thread 0x00007f0ebc016000 Uncommon trap: reason=unstable_if action=reinterpret pc=0x00007f0eac387b88 method=java.lang.String.isLatin1()Z @ 10 c2
Event: 0.416 Thread 0x00007f0ebc016000 DEOPT PACKING pc=0x00007f0eac387b88 sp=0x00007f0ec343b5e0
Event: 0.416 Thread 0x00007f0ebc016000 DEOPT UNPACKING pc=0x00007f0ea4818ea5 sp=0x00007f0ec343b590 mode 2
Event: 0.417 Thread 0x00007f0ebc016000 Uncommon trap: trap_request=0xffffff4d fr.pc=0x00007f0eac37a134 relative=0x0000000000000194
Event: 0.417 Thread 0x00007f0ebc016000 Uncommon trap: reason=unstable_if action=reinterpret pc=0x00007f0eac37a134 method=java.lang.String.isLatin1()Z @ 10 c2
Event: 0.417 Thread 0x00007f0ebc016000 DEOPT PACKING pc=0x00007f0eac37a134 sp=0x00007f0ec343c7b0
Event: 0.417 Thread 0x00007f0ebc016000 DEOPT UNPACKING pc=0x00007f0ea4818ea5 sp=0x00007f0ec343c6f8 mode 2
Event: 0.422 Thread 0x00007f0ebc016000 Uncommon trap: trap_request=0xffffff4d fr.pc=0x00007f0eac3a4544 relative=0x00000000000004a4
Event: 0.422 Thread 0x00007f0ebc016000 Uncommon trap: reason=unstable_if action=reinterpret pc=0x00007f0eac3a4544 method=jdk.internal.org.objectweb.asm.Type.getArgumentsAndReturnSizes(Ljava/lang/String;)I @ 130 c2
Event: 0.422 Thread 0x00007f0ebc016000 DEOPT PACKING pc=0x00007f0eac3a4544 sp=0x00007f0ec343b810
Event: 0.422 Thread 0x00007f0ebc016000 DEOPT UNPACKING pc=0x00007f0ea4818ea5 sp=0x00007f0ec343b7c8 mode 2
Event: 3.750 Thread 0x00007f0ebc016000 DEOPT PACKING pc=0x00007f0ea4fa6920 sp=0x00007f0ec343bb50
Event: 3.750 Thread 0x00007f0ebc016000 DEOPT UNPACKING pc=0x00007f0ea481964a sp=0x00007f0ec343b088 mode 0

Classes redefined (0 events):
No events

Internal exceptions (20 events):
Event: 0.297 Thread 0x00007f0ebc016000 Exception <a 'java/lang/NoSuchMethodError'{0x0000000717bc0278}: 'void java.lang.invoke.DirectMethodHandle$Holder.invokeSpecial(java.lang.Object, java.lang.Object, java.lang.Object, java.lang.Object, java.lang.Object)'> (0x0000000717bc0278) thrown at [./src/hotspot/share/interpreter/linkResolver.cpp, line 772]
Event: 0.327 Thread 0x00007f0ebc016000 Exception <a 'java/lang/NoSuchMethodError'{0x0000000717907c70}: 'java.lang.Object java.lang.invoke.DirectMethodHandle$Holder.invokeInterface(java.lang.Object, java.lang.Object, java.lang.Object, java.lang.Object, java.lang.Object)'> (0x0000000717907c70) thrown at [./src/hotspot/share/interpreter/linkResolver.cpp, line 772]
Event: 0.327 Thread 0x00007f0ebc016000 Exception <a 'java/lang/IncompatibleClassChangeError'{0x000000071790b3c8}: Found class java.lang.Object, but interface was expected> (0x000000071790b3c8) thrown at [./src/hotspot/share/interpreter/linkResolver.cpp, line 839]
Event: 0.341 Thread 0x00007f0ebc016000 Exception <a 'java/lang/NoSuchMethodError'{0x00000007179a9810}: 'void java.lang.invoke.DirectMethodHandle$Holder.invokeInterface(java.lang.Object, java.lang.Object, java.lang.Object, java.lang.Object)'> (0x00000007179a9810) thrown at [./src/hotspot/share/interpreter/linkResolver.cpp, line 772]
Event: 0.341 Thread 0x00007f0ebc016000 Exception <a 'java/lang/IncompatibleClassChangeError'{0x00000007179ac5d0}: Found class java.lang.Object, but interface was expected> (0x00000007179ac5d0) thrown at [./src/hotspot/share/interpreter/linkResolver.cpp, line 839]
Event: 0.343 Thread 0x00007f0ebc016000 Exception <a 'java/lang/NoSuchMethodError'{0x00000007179d0668}: 'void java.lang.invoke.DirectMethodHandle$Holder.invokeStatic(java.lang.Object, java.lang.Object, java.lang.Object, java.lang.Object)'> (0x00000007179d0668) thrown at [./src/hotspot/share/interpreter/linkResolver.cpp, line 772]
Event: 0.354 Thread 0x00007f0ebc016000 Exception <a 'java/lang/NoSuchMethodError'{0x000000071786ebe8}: 'int java.lang.invoke.DirectMethodHandle$Holder.invokeStatic(java.lang.Object, java.lang.Object, java.lang.Object, java.lang.Object, java.lang.Object)'> (0x000000071786ebe8) thrown at [./src/hotspot/share/interpreter/linkResolver.cpp, line 772]
Event: 0.361 Thread 0x00007f0ebc016000 Exception <a 'java/lang/NoSuchMethodError'{0x00000007178c36e0}: 'void java.lang.invoke.DirectMethodHandle$Holder.invokeStaticInit(java.lang.Object)'> (0x00000007178c36e0) thrown at [./src/hotspot/share/interpreter/linkResolver.cpp, line 772]
Event: 0.364 Thread 0x00007f0ebc016000 Exception <a 'java/lang/NoSuchMethodError'{0x00000007178df5e8}: 'void java.lang.invoke.DirectMethodHandle$Holder.invokeSpecial(java.lang.Object, java.lang.Object)'> (0x00000007178df5e8) thrown at [./src/hotspot/share/interpreter/linkResolver.cpp, line 772]
Event: 0.373 Thread 0x00007f0ebc016000 Exception <a 'java/lang/NoSuchMethodError'{0x000000071779b3c8}: 'void java.lang.invoke.DirectMethodHandle$Holder.invokeStaticInit(java.lang.Object, java.lang.Object, java.lang.Object, java.lang.Object)'> (0x000000071779b3c8) thrown at [./src/hotspot/share/interpreter/linkResolver.cpp, line 772]
Event: 0.380 Thread 0x00007f0ebc016000 Exception <a 'java/lang/NoSuchMethodError'{0x000000071762c860}: 'int java.lang.invoke.DirectMethodHandle$Holder.invokeStaticInit(java.lang.Object, java.lang.Object)'> (0x000000071762c860) thrown at [./src/hotspot/share/interpreter/linkResolver.cpp, line 772]
Event: 0.404 Thread 0x00007f0ebc016000 Exception <a 'java/lang/NoSuchMethodError'{0x000000071759d928}: 'void java.lang.invoke.DirectMethodHandle$Holder.invokeStatic(java.lang.Object, java.lang.Object, java.lang.Object, java.lang.Object, java.lang.Object)'> (0x000000071759d928) thrown at [./src/hotspot/share/interpreter/linkResolver.cpp, line 772]
Event: 0.404 Thread 0x00007f0ebc016000 Exception <a 'java/lang/NoSuchMethodError'{0x00000007175abd70}: 'java.lang.Object java.lang.invoke.Invokers$Holder.linkToTargetMethod(java.lang.Object, java.lang.Object, java.lang.Object, java.lang.Object, java.lang.Object, java.lang.Object, java.lang.Object)'> (0x00000007175abd70) thrown at [./src/hotspot/share/interpreter/linkResolver.cpp, line 772]
Event: 0.405 Thread 0x00007f0ebc016000 Exception <a 'java/lang/IncompatibleClassChangeError'{0x00000007175bd858}: Found class java.lang.Object, but interface was expected> (0x00000007175bd858) thrown at [./src/hotspot/share/interpreter/linkResolver.cpp, line 839]
Event: 3.024 Thread 0x00007f0ebc016000 Exception <a 'com/nvidia/cuopt/linearprogramming/CuOptException'{0x0000000717229790}> (0x0000000717229790) thrown at [./src/hotspot/share/prims/jni.cpp, line 617]
Event: 3.032 Thread 0x00007f0ebc016000 Exception <a 'java/lang/NoSuchMethodError'{0x000000071724bd90}: 'java.lang.Object java.lang.invoke.DirectMethodHandle$Holder.invokeStaticInit(java.lang.Object, java.lang.Object, long, java.lang.Object)'> (0x000000071724bd90) thrown at [./src/hotspot/share/interpreter/linkResolver.cpp, line 772]
Event: 3.033 Thread 0x00007f0ebc016000 Exception <a 'java/lang/NoSuchMethodError'{0x0000000717258400}: 'java.lang.Object java.lang.invoke.Invokers$Holder.linkToTargetMethod(java.lang.Object, long, java.lang.Object)'> (0x0000000717258400) thrown at [./src/hotspot/share/interpreter/linkResolver.cpp, line 772]
Event: 3.033 Thread 0x00007f0ebc016000 Exception <a 'java/lang/NoSuchMethodError'{0x000000071725f458}: 'java.lang.Object java.lang.invoke.DirectMethodHandle$Holder.invokeStatic(java.lang.Object, java.lang.Object, java.lang.Object, int)'> (0x000000071725f458) thrown at [./src/hotspot/share/interpreter/linkResolver.cpp, line 772]
Event: 3.034 Thread 0x00007f0ebc016000 Exception <a 'java/lang/NoSuchMethodError'{0x0000000717263620}: 'java.lang.Object java.lang.invoke.DirectMethodHandle$Holder.invokeSpecial(java.lang.Object, java.lang.Object, java.lang.Object, java.lang.Object, int)'> (0x0000000717263620) thrown at [./src/hotspot/share/interpreter/linkResolver.cpp, line 772]
Event: 3.034 Thread 0x00007f0ebc016000 Exception <a 'java/lang/NoSuchMethodError'{0x0000000717267008}: 'java.lang.Object java.lang.invoke.Invokers$Holder.linkToTargetMethod(java.lang.Object, java.lang.Object, int, java.lang.Object)'> (0x0000000717267008) thrown at [./src/hotspot/share/interpreter/linkResolver.cpp, line 772]

Events (20 events):
Event: 3.692 loading class com/nvidia/cuopt/linearprogramming/BatchSolveResult
Event: 3.692 loading class com/nvidia/cuopt/linearprogramming/BatchSolveResult done
Event: 3.693 Executing VM operation: RevokeBias
Event: 3.693 Executing VM operation: RevokeBias done
Event: 3.693 loading class com/nvidia/cuopt/linearprogramming/Solution
Event: 3.693 loading class com/nvidia/cuopt/linearprogramming/Solution done
Event: 3.748 Executing VM operation: RevokeBias
Event: 3.748 Executing VM operation: RevokeBias done
Event: 3.748 Executing VM operation: RevokeBias
Event: 3.748 Executing VM operation: RevokeBias done
Event: 3.749 Executing VM operation: RevokeBias
Event: 3.749 Executing VM operation: RevokeBias done
Event: 3.750 loading class org/junit/jupiter/api/AssertionFailureBuilder
Event: 3.750 loading class org/junit/jupiter/api/AssertionFailureBuilder done
Event: 3.750 loading class java/util/ArrayDeque$DeqSpliterator
Event: 3.750 loading class java/util/ArrayDeque$DeqSpliterator done
Event: 3.751 loading class org/opentest4j/AssertionFailedError$1
Event: 3.751 loading class org/opentest4j/AssertionFailedError$1 done
Event: 3.751 loading class org/opentest4j/ValueWrapper
Event: 3.751 loading class org/opentest4j/ValueWrapper done


Dynamic libraries:
200000000-200600000 rw-s 00000000 00:01 16549                            /dev/zero (deleted)
200600000-203000000 ---p 00000000 00:00 0 
203000000-203200000 rw-s 00000000 00:01 16557                            /dev/zero (deleted)
203200000-203400000 rw-s 00000000 00:01 16590                            /dev/zero (deleted)
203400000-203600000 ---p 00000000 00:00 0 
203600000-203800000 rw-s 00000000 00:01 16592                            /dev/zero (deleted)
203800000-203a00000 rw-s 00000000 00:01 16593                            /dev/zero (deleted)
203a00000-203e00000 ---p 00000000 00:00 0 
203e00000-204000000 rw-s 00000000 00:01 16595                            /dev/zero (deleted)
204000000-204200000 rw-s 00000000 00:01 16596                            /dev/zero (deleted)
204200000-700000000 ---p 00000000 00:00 0 
709200000-718a00000 rw-p 00000000 00:00 0 
718a00000-7bfe00000 ---p 00000000 00:00 0 
7bfe00000-7bfe48000 rw-p 00b14000 08:20 293785                           /usr/lib/jvm/java-11-openjdk-amd64/lib/server/classes.jsa
7bfe48000-7bff00000 rw-p 00000000 00:00 0 
7bff00000-7bff6c000 rw-p 00aa8000 08:20 293785                           /usr/lib/jvm/java-11-openjdk-amd64/lib/server/classes.jsa
7bff6c000-7c0000000 rw-p 00000000 00:00 0 
7c0000000-800000000 ---p 00000000 00:00 0 
800000000-800002000 rwxp 00001000 08:20 293785                           /usr/lib/jvm/java-11-openjdk-amd64/lib/server/classes.jsa
800002000-8003ce000 rw-p 00003000 08:20 293785                           /usr/lib/jvm/java-11-openjdk-amd64/lib/server/classes.jsa
8003ce000-800aa6000 r--p 003cf000 08:20 293785                           /usr/lib/jvm/java-11-openjdk-amd64/lib/server/classes.jsa
800aa6000-800aa7000 rw-p 00aa7000 08:20 293785                           /usr/lib/jvm/java-11-openjdk-amd64/lib/server/classes.jsa
840000000-840140000 rw-p 00000000 00:00 0 
840140000-880000000 ---p 00000000 00:00 0 
900000000-c00000000 ---p 00000000 00:00 0 
55c5acbfd000-55c5acbfe000 r--p 00000000 08:20 294880                     /usr/lib/jvm/java-11-openjdk-amd64/bin/java
55c5acbfe000-55c5acbff000 r-xp 00001000 08:20 294880                     /usr/lib/jvm/java-11-openjdk-amd64/bin/java
55c5acbff000-55c5acc00000 r--p 00002000 08:20 294880                     /usr/lib/jvm/java-11-openjdk-amd64/bin/java
55c5acc00000-55c5acc01000 r--p 00002000 08:20 294880                     /usr/lib/jvm/java-11-openjdk-amd64/bin/java
55c5acc01000-55c5acc02000 rw-p 00003000 08:20 294880                     /usr/lib/jvm/java-11-openjdk-amd64/bin/java
55c5ae9c3000-55c5ae9e4000 rw-p 00000000 00:00 0                          [heap]
7f0dd0000000-7f0dd0021000 rw-p 00000000 00:00 0 
7f0dd0021000-7f0dd4000000 ---p 00000000 00:00 0 
7f0dd8000000-7f0dd8021000 rw-p 00000000 00:00 0 
7f0dd8021000-7f0ddc000000 ---p 00000000 00:00 0 
7f0ddc037000-7f0ddc038000 ---p 00000000 00:00 0 
7f0ddc038000-7f0de0000000 rw-p 00000000 00:00 0 
7f0de0000000-7f0de0021000 rw-p 00000000 00:00 0 
7f0de0021000-7f0de4000000 ---p 00000000 00:00 0 
7f0de4000000-7f0de4021000 rw-p 00000000 00:00 0 
7f0de4021000-7f0de8000000 ---p 00000000 00:00 0 
7f0de8000000-7f0de8021000 rw-p 00000000 00:00 0 
7f0de8021000-7f0dec000000 ---p 00000000 00:00 0 
7f0dec000000-7f0dec021000 rw-p 00000000 00:00 0 
7f0dec021000-7f0df0000000 ---p 00000000 00:00 0 
7f0df0000000-7f0df0021000 rw-p 00000000 00:00 0 
7f0df0021000-7f0df4000000 ---p 00000000 00:00 0 
7f0df4206000-7f0df51fc000 rw-p 00000000 00:00 0 
7f0df51fc000-7f0df51fd000 ---p 00000000 00:00 0 
7f0df51fd000-7f0df52fd000 rw-p 00000000 00:00 0 
7f0df52fd000-7f0df52fe000 ---p 00000000 00:00 0 
7f0df52fe000-7f0df53fe000 rw-p 00000000 00:00 0 
7f0df53fe000-7f0df53ff000 ---p 00000000 00:00 0 
7f0df53ff000-7f0df54ff000 rw-p 00000000 00:00 0 
7f0df54ff000-7f0df5500000 ---p 00000000 00:00 0 
7f0df5500000-7f0df5600000 rw-p 00000000 00:00 0 
7f0df5600000-7f0df8000000 rw-s 00000000 00:01 16556                      /dev/zero (deleted)
7f0df8000000-7f0df8021000 rw-p 00000000 00:00 0 
7f0df8021000-7f0dfc000000 ---p 00000000 00:00 0 
7f0dfc07d000-7f0dfc76b000 rw-p 00000000 00:00 0 
7f0dfc76b000-7f0dfc96b000 rw-s 00000000 00:01 16594                      /dev/zero (deleted)
7f0dfc96b000-7f0dfcb6b000 rw-s 00000000 00:01 16591                      /dev/zero (deleted)
7f0dfcb6b000-7f0dfcd6b000 rw-s 00000000 00:01 16555                      /dev/zero (deleted)
7f0dfcd6b000-7f0dfcd6c000 ---p 00000000 00:00 0 
7f0dfcd6c000-7f0dfd7ff000 rw-p 00000000 00:00 0 
7f0dfd7ff000-7f0e03800000 ---p 00000000 00:00 0 
7f0e03800000-7f0e04000000 rw-p 00000000 00:00 0 
7f0e04000000-7f0e04021000 rw-p 00000000 00:00 0 
7f0e04021000-7f0e08000000 ---p 00000000 00:00 0 
7f0e08062000-7f0e08063000 ---p 00000000 00:00 0 
7f0e08063000-7f0e08400000 rw-p 00000000 00:00 0 
7f0e08400000-7f0e0840d000 r-xp 00000000 00:21 1688849861009784           /usr/lib/wsl/drivers/nvdm.inf_amd64_86ce1e7b61a7cb15/libnvdxgdmal.so.1
7f0e0840d000-7f0e0860d000 ---p 0000d000 00:21 1688849861009784           /usr/lib/wsl/drivers/nvdm.inf_amd64_86ce1e7b61a7cb15/libnvdxgdmal.so.1
7f0e0860d000-7f0e0860f000 r--p 0000d000 00:21 1688849861009784           /usr/lib/wsl/drivers/nvdm.inf_amd64_86ce1e7b61a7cb15/libnvdxgdmal.so.1
7f0e0860f000-7f0e08610000 rw-p 0000f000 00:21 1688849861009784           /usr/lib/wsl/drivers/nvdm.inf_amd64_86ce1e7b61a7cb15/libnvdxgdmal.so.1
7f0e086a2000-7f0e087ff000 rw-p 00000000 00:00 0 
7f0e087ff000-7f0e08800000 ---p 00000000 00:00 0 
7f0e08800000-7f0e09000000 rw-p 00000000 00:00 0 
7f0e09000000-7f0e0a66e000 r-xp 00000000 00:21 1688849861009763           /usr/lib/wsl/drivers/nvdm.inf_amd64_86ce1e7b61a7cb15/libcuda.so.1.1
7f0e0a66e000-7f0e0a86d000 ---p 0166e000 00:21 1688849861009763           /usr/lib/wsl/drivers/nvdm.inf_amd64_86ce1e7b61a7cb15/libcuda.so.1.1
7f0e0a86d000-7f0e0abad000 r--p 0166d000 00:21 1688849861009763           /usr/lib/wsl/drivers/nvdm.inf_amd64_86ce1e7b61a7cb15/libcuda.so.1.1
7f0e0abad000-7f0e0abb4000 rw-p 019ad000 00:21 1688849861009763           /usr/lib/wsl/drivers/nvdm.inf_amd64_86ce1e7b61a7cb15/libcuda.so.1.1
7f0e0abb4000-7f0e0ac21000 rw-p 00000000 00:00 0 
7f0e0ac6f000-7f0e0b000000 rw-p 00000000 00:00 0 
7f0e0b000000-7f0e0b028000 r-xp 00000000 00:22 1688849861009770           /usr/lib/wsl/lib/libcuda.so.1
7f0e0b028000-7f0e0b228000 ---p 00028000 00:22 1688849861009770           /usr/lib/wsl/lib/libcuda.so.1
7f0e0b228000-7f0e0b229000 r--p 00028000 00:22 1688849861009770           /usr/lib/wsl/lib/libcuda.so.1
7f0e0b229000-7f0e0b22b000 rw-p 00029000 00:22 1688849861009770           /usr/lib/wsl/lib/libcuda.so.1
7f0e0b22b000-7f0e0b3ee000 rw-p 00000000 00:00 0 
7f0e0b3ee000-7f0e0b4dd000 r--p 00000000 08:20 320733                     /home/cbrissette/cuopt/.cuopt_env/lib/libcrypto.so.3
7f0e0b4dd000-7f0e0b841000 r-xp 000ef000 08:20 320733                     /home/cbrissette/cuopt/.cuopt_env/lib/libcrypto.so.3
7f0e0b841000-7f0e0b978000 r--p 00453000 08:20 320733                     /home/cbrissette/cuopt/.cuopt_env/lib/libcrypto.so.3
7f0e0b978000-7f0e0b9fa000 r--p 00589000 08:20 320733                     /home/cbrissette/cuopt/.cuopt_env/lib/libcrypto.so.3
7f0e0b9fa000-7f0e0b9fd000 rw-p 0060b000 08:20 320733                     /home/cbrissette/cuopt/.cuopt_env/lib/libcrypto.so.3
7f0e0b9fd000-7f0e0ba00000 rw-p 00000000 00:00 0 
7f0e0ba00000-7f0e22e7c000 r-xp 00000000 08:20 101468                     /home/cbrissette/cuopt/.cuopt_env/targets/x86_64-linux/lib/libcublasLt.so.13.4.0.1
7f0e22e7c000-7f0e2307c000 ---p 1747c000 08:20 101468                     /home/cbrissette/cuopt/.cuopt_env/targets/x86_64-linux/lib/libcublasLt.so.13.4.0.1
7f0e2307c000-7f0e23334000 r--p 1747c000 08:20 101468                     /home/cbrissette/cuopt/.cuopt_env/targets/x86_64-linux/lib/libcublasLt.so.13.4.0.1
7f0e23334000-7f0e239c8000 rw-p 17734000 08:20 101468                     /home/cbrissette/cuopt/.cuopt_env/targets/x86_64-linux/lib/libcublasLt.so.13.4.0.1
7f0e239c8000-7f0e293e0000 rw-p 00000000 00:00 0 
7f0e293e0000-7f0e295df000 ---p 1d9e0000 08:20 101468                     /home/cbrissette/cuopt/.cuopt_env/targets/x86_64-linux/lib/libcublasLt.so.13.4.0.1
7f0e295df000-7f0e2a0d5000 r--p 17ddf000 08:20 101468                     /home/cbrissette/cuopt/.cuopt_env/targets/x86_64-linux/lib/libcublasLt.so.13.4.0.1
7f0e2a0d5000-7f0e2a2d4000 ---p 1e6d5000 08:20 101468                     /home/cbrissette/cuopt/.cuopt_env/targets/x86_64-linux/lib/libcublasLt.so.13.4.0.1
7f0e2a2d4000-7f0e2feb7000 rw-p 188d4000 08:20 101468                     /home/cbrissette/cuopt/.cuopt_env/targets/x86_64-linux/lib/libcublasLt.so.13.4.0.1
7f0e2fed1000-7f0e2ff52000 rw-p 00000000 00:00 0 
7f0e2ff52000-7f0e2ffb5000 r--p 00000000 00:23 9288674231615732           /usr/lib/wsl/lib/libdxcore.so
7f0e2ffb5000-7f0e30032000 r-xp 00062000 00:23 9288674231615732           /usr/lib/wsl/lib/libdxcore.so
7f0e30032000-7f0e3003a000 r--p 000de000 00:23 9288674231615732           /usr/lib/wsl/lib/libdxcore.so
7f0e3003a000-7f0e3003b000 rw-p 000e5000 00:23 9288674231615732           /usr/lib/wsl/lib/libdxcore.so
7f0e3003b000-7f0e3008f000 rw-p 00000000 00:00 0 
7f0e3008f000-7f0e302b9000 r--p 00000000 08:20 139302                     /home/cbrissette/cuopt/.cuopt_env/lib/libgrpc.so.52.0.0
7f0e302b9000-7f0e30b03000 r-xp 0022a000 08:20 139302                     /home/cbrissette/cuopt/.cuopt_env/lib/libgrpc.so.52.0.0
7f0e30b03000-7f0e30db4000 r--p 00a74000 08:20 139302                     /home/cbrissette/cuopt/.cuopt_env/lib/libgrpc.so.52.0.0
7f0e30db4000-7f0e30dee000 r--p 00d25000 08:20 139302                     /home/cbrissette/cuopt/.cuopt_env/lib/libgrpc.so.52.0.0
7f0e30dee000-7f0e30dfb000 rw-p 00d5f000 08:20 139302                     /home/cbrissette/cuopt/.cuopt_env/lib/libgrpc.so.52.0.0
7f0e30dfb000-7f0e30e00000 rw-p 00000000 00:00 0 
7f0e30e00000-7f0e34e5e000 r-xp 00000000 08:20 101383                     /home/cbrissette/cuopt/.cuopt_env/lib/libcudss.so.0.7.1
7f0e34e5e000-7f0e3505e000 ---p 0405e000 08:20 101383                     /home/cbrissette/cuopt/.cuopt_env/lib/libcudss.so.0.7.1
7f0e3505e000-7f0e35068000 r--p 0405e000 08:20 101383                     /home/cbrissette/cuopt/.cuopt_env/lib/libcudss.so.0.7.1
7f0e35068000-7f0e3506e000 rw-p 04068000 08:20 101383                     /home/cbrissette/cuopt/.cuopt_env/lib/libcudss.so.0.7.1
7f0e3506e000-7f0e3507e000 rw-p 00000000 00:00 0 
7f0e3507e000-7f0e35080000 rw-p 042ac000 08:20 101383                     /home/cbrissette/cuopt/.cuopt_env/lib/libcudss.so.0.7.1
7f0e3509b000-7f0e3509f000 ---p 00000000 00:00 0 
7f0e3509f000-7f0e350bd000 rw-p 00000000 00:00 0 
7f0e350bd000-7f0e350c3000 r--p 00000000 08:20 194064                     /home/cbrissette/cuopt/.cuopt_env/lib/libtbbmalloc.so.2.18
7f0e350c3000-7f0e350da000 r-xp 00006000 08:20 194064                     /home/cbrissette/cuopt/.cuopt_env/lib/libtbbmalloc.so.2.18
7f0e350da000-7f0e350df000 r--p 0001d000 08:20 194064                     /home/cbrissette/cuopt/.cuopt_env/lib/libtbbmalloc.so.2.18
7f0e350df000-7f0e350e0000 r--p 00021000 08:20 194064                     /home/cbrissette/cuopt/.cuopt_env/lib/libtbbmalloc.so.2.18
7f0e350e0000-7f0e350e2000 rw-p 00022000 08:20 194064                     /home/cbrissette/cuopt/.cuopt_env/lib/libtbbmalloc.so.2.18
7f0e350e2000-7f0e35103000 rw-p 00000000 00:00 0 
7f0e35103000-7f0e35127000 r--p 00000000 08:20 167892                     /home/cbrissette/cuopt/.cuopt_env/lib/libssl.so.3
7f0e35127000-7f0e351c2000 r-xp 00024000 08:20 167892                     /home/cbrissette/cuopt/.cuopt_env/lib/libssl.so.3
7f0e351c2000-7f0e351f2000 r--p 000bf000 08:20 167892                     /home/cbrissette/cuopt/.cuopt_env/lib/libssl.so.3
7f0e351f2000-7f0e351fc000 r--p 000ef000 08:20 167892                     /home/cbrissette/cuopt/.cuopt_env/lib/libssl.so.3
7f0e351fc000-7f0e35200000 rw-p 000f9000 08:20 167892                     /home/cbrissette/cuopt/.cuopt_env/lib/libssl.so.3
7f0e35200000-7f0e3f16c000 r-xp 00000000 08:20 100411                     /home/cbrissette/cuopt/.cuopt_env/targets/x86_64-linux/lib/libcusparse.so.12.7.10.1
7f0e3f16c000-7f0e3f36c000 ---p 09f6c000 08:20 100411                     /home/cbrissette/cuopt/.cuopt_env/targets/x86_64-linux/lib/libcusparse.so.12.7.10.1
7f0e3f36c000-7f0e3f37b000 r--p 09f6c000 08:20 100411                     /home/cbrissette/cuopt/.cuopt_env/targets/x86_64-linux/lib/libcusparse.so.12.7.10.1
7f0e3f37b000-7f0e3f399000 rw-p 09f7b000 08:20 100411                     /home/cbrissette/cuopt/.cuopt_env/targets/x86_64-linux/lib/libcusparse.so.12.7.10.1
7f0e3f399000-7f0e3f3be000 rw-p 00000000 00:00 0 
7f0e3f3be000-7f0e3f3bf000 rw-s a01e41000 00:01 16589                     /dev/zero (deleted)
7f0e3f3bf000-7f0e3f3c0000 rw-s a01e40000 00:01 16588                     /dev/zero (deleted)
7f0e3f3c0000-7f0e3f3c1000 rw-s a01e3f000 00:01 16587                     /dev/zero (deleted)
7f0e3f3c1000-7f0e3f3c2000 rw-s a01e3e000 00:01 16586                     /dev/zero (deleted)
7f0e3f3c2000-7f0e3f3c3000 rw-s a01e3d000 00:01 16585                     /dev/zero (deleted)
7f0e3f3c3000-7f0e3f3c4000 rw-s a01e3c000 00:01 16584                     /dev/zero (deleted)
7f0e3f3c4000-7f0e3f3c5000 rw-s a01e3b000 00:01 16583                     /dev/zero (deleted)
7f0e3f3c5000-7f0e3f3c6000 rw-s a01e3a000 00:01 16582                     /dev/zero (deleted)
7f0e3f3c6000-7f0e3f3c7000 rw-s a01e39000 00:01 16581                     /dev/zero (deleted)
7f0e3f3c7000-7f0e3f3c8000 rw-s a01e38000 00:01 16580                     /dev/zero (deleted)
7f0e3f3c8000-7f0e3f3c9000 rw-s a01e37000 00:01 16579                     /dev/zero (deleted)
7f0e3f3c9000-7f0e3f3ca000 rw-s a01e36000 00:01 16578                     /dev/zero (deleted)
7f0e3f3ca000-7f0e3f3cb000 rw-s a01e35000 00:01 16577                     /dev/zero (deleted)
7f0e3f3cb000-7f0e3f3cc000 rw-s a01e34000 00:01 16576                     /dev/zero (deleted)
7f0e3f3cc000-7f0e3f3cd000 rw-s a01e33000 00:01 16575                     /dev/zero (deleted)
7f0e3f3cd000-7f0e3f3ce000 rw-s a01e32000 00:01 16574                     /dev/zero (deleted)
7f0e3f3ce000-7f0e3f3cf000 rw-s a01e31000 00:01 16573                     /dev/zero (deleted)
7f0e3f3cf000-7f0e3f3d0000 rw-s a01e30000 00:01 16572                     /dev/zero (deleted)
7f0e3f3d0000-7f0e3f3d1000 rw-s a01e2f000 00:01 16571                     /dev/zero (deleted)
7f0e3f3d1000-7f0e3f3d2000 rw-s a01e2e000 00:01 16570                     /dev/zero (deleted)
7f0e3f3d2000-7f0e3f3d3000 rw-s a01e2d000 00:01 16569                     /dev/zero (deleted)
7f0e3f3d3000-7f0e3f3d4000 rw-s a01e2c000 00:01 16568                     /dev/zero (deleted)
7f0e3f3d4000-7f0e3f3d5000 rw-s a01e2b000 00:01 16567                     /dev/zero (deleted)
7f0e3f3d5000-7f0e3f3d6000 r--p 00000000 08:20 177053                     /home/cbrissette/cuopt/.cuopt_env/lib/libabsl_utf8_for_code_point.so.2601.0.0
7f0e3f3d6000-7f0e3f3d7000 r-xp 00001000 08:20 177053                     /home/cbrissette/cuopt/.cuopt_env/lib/libabsl_utf8_for_code_point.so.2601.0.0
7f0e3f3d7000-7f0e3f3d8000 r--p 00002000 08:20 177053                     /home/cbrissette/cuopt/.cuopt_env/lib/libabsl_utf8_for_code_point.so.2601.0.0
7f0e3f3d8000-7f0e3f3d9000 r--p 00002000 08:20 177053                     /home/cbrissette/cuopt/.cuopt_env/lib/libabsl_utf8_for_code_point.so.2601.0.0
7f0e3f3d9000-7f0e3f3da000 rw-p 00003000 08:20 177053                     /home/cbrissette/cuopt/.cuopt_env/lib/libabsl_utf8_for_code_point.so.2601.0.0
7f0e3f3da000-7f0e3f3db000 r--p 00000000 08:20 176909                     /home/cbrissette/cuopt/.cuopt_env/lib/libabsl_decode_rust_punycode.so.2601.0.0
7f0e3f3db000-7f0e3f3dc000 r-xp 00001000 08:20 176909                     /home/cbrissette/cuopt/.cuopt_env/lib/libabsl_decode_rust_punycode.so.2601.0.0
7f0e3f3dc000-7f0e3f3dd000 r--p 00002000 08:20 176909                     /home/cbrissette/cuopt/.cuopt_env/lib/libabsl_decode_rust_punycode.so.2601.0.0
7f0e3f3dd000-7f0e3f3de000 r--p 00002000 08:20 176909                     /home/cbrissette/cuopt/.cuopt_env/lib/libabsl_decode_rust_punycode.so.2601.0.0
7f0e3f3de000-7f0e3f3df000 rw-p 00003000 08:20 176909                     /home/cbrissette/cuopt/.cuopt_env/lib/libabsl_decode_rust_punycode.so.2601.0.0
7f0e3f3df000-7f0e3f3e0000 r--p 00000000 08:20 176160                     /home/cbrissette/cuopt/.cuopt_env/lib/libabsl_demangle_rust.so.2601.0.0
7f0e3f3e0000-7f0e3f3e4000 r-xp 00001000 08:20 176160                     /home/cbrissette/cuopt/.cuopt_env/lib/libabsl_demangle_rust.so.2601.0.0
7f0e3f3e4000-7f0e3f3e5000 r--p 00005000 08:20 176160                     /home/cbrissette/cuopt/.cuopt_env/lib/libabsl_demangle_rust.so.2601.0.0
7f0e3f3e5000-7f0e3f3e6000 r--p 00005000 08:20 176160                     /home/cbrissette/cuopt/.cuopt_env/lib/libabsl_demangle_rust.so.2601.0.0
7f0e3f3e6000-7f0e3f3e7000 rw-p 00006000 08:20 176160                     /home/cbrissette/cuopt/.cuopt_env/lib/libabsl_demangle_rust.so.2601.0.0
7f0e3f3e7000-7f0e3f3e9000 r--p 00000000 08:20 175645                     /home/cbrissette/cuopt/.cuopt_env/lib/libabsl_crc_internal.so.2601.0.0
7f0e3f3e9000-7f0e3f3eb000 r-xp 00002000 08:20 175645                     /home/cbrissette/cuopt/.cuopt_env/lib/libabsl_crc_internal.so.2601.0.0
7f0e3f3eb000-7f0e3f3ec000 r--p 00004000 08:20 175645                     /home/cbrissette/cuopt/.cuopt_env/lib/libabsl_crc_internal.so.2601.0.0
7f0e3f3ec000-7f0e3f3ed000 r--p 00004000 08:20 175645                     /home/cbrissette/cuopt/.cuopt_env/lib/libabsl_crc_internal.so.2601.0.0
7f0e3f3ed000-7f0e3f3ee000 rw-p 00005000 08:20 175645                     /home/cbrissette/cuopt/.cuopt_env/lib/libabsl_crc_internal.so.2601.0.0
7f0e3f3ee000-7f0e3f3f0000 r--p 00000000 08:20 176073                     /home/cbrissette/cuopt/.cuopt_env/lib/libabsl_demangle_internal.so.2601.0.0
7f0e3f3f0000-7f0e3f3fc000 r-xp 00002000 08:20 176073                     /home/cbrissette/cuopt/.cuopt_env/lib/libabsl_demangle_internal.so.2601.0.0
7f0e3f3fc000-7f0e3f3fe000 r--p 0000e000 08:20 176073                     /home/cbrissette/cuopt/.cuopt_env/lib/libabsl_demangle_internal.so.2601.0.0
7f0e3f3fe000-7f0e3f3ff000 r--p 00010000 08:20 176073                     /home/cbrissette/cuopt/.cuopt_env/lib/libabsl_demangle_internal.so.2601.0.0
7f0e3f3ff000-7f0e3f400000 rw-p 00011000 08:20 176073                     /home/cbrissette/cuopt/.cuopt_env/lib/libabsl_demangle_internal.so.2601.0.0
7f0e3f400000-7f0e4279d000 r-xp 00000000 08:20 101544                     /home/cbrissette/cuopt/.cuopt_env/targets/x86_64-linux/lib/libcublas.so.13.4.0.1
7f0e4279d000-7f0e4299d000 ---p 0339d000 08:20 101544                     /home/cbrissette/cuopt/.cuopt_env/targets/x86_64-linux/lib/libcublas.so.13.4.0.1
7f0e4299d000-7f0e429a9000 r--p 0339d000 08:20 101544                     /home/cbrissette/cuopt/.cuopt_env/targets/x86_64-linux/lib/libcublas.so.13.4.0.1
7f0e429a9000-7f0e429b0000 rw-p 033a9000 08:20 101544                     /home/cbrissette/cuopt/.cuopt_env/targets/x86_64-linux/lib/libcublas.so.13.4.0.1
7f0e429b0000-7f0e429d4000 rw-p 00000000 00:00 0 
7f0e429d4000-7f0e429d5000 r--p 00000000 08:20 174727                     /home/cbrissette/cuopt/.cuopt_env/lib/libabsl_flags_program_name.so.2601.0.0
7f0e429d5000-7f0e429d6000 r-xp 00001000 08:20 174727                     /home/cbrissette/cuopt/.cuopt_env/lib/libabsl_flags_program_name.so.2601.0.0
7f0e429d6000-7f0e429d7000 r--p 00002000 08:20 174727                     /home/cbrissette/cuopt/.cuopt_env/lib/libabsl_flags_program_name.so.2601.0.0
7f0e429d7000-7f0e429d8000 r--p 00002000 08:20 174727                     /home/cbrissette/cuopt/.cuopt_env/lib/libabsl_flags_program_name.so.2601.0.0
7f0e429d8000-7f0e429d9000 rw-p 00003000 08:20 174727                     /home/cbrissette/cuopt/.cuopt_env/lib/libabsl_flags_program_name.so.2601.0.0
7f0e429d9000-7f0e429db000 r--p 00000000 08:20 174492                     /home/cbrissette/cuopt/.cuopt_env/lib/libabsl_debugging_internal.so.2601.0.0
7f0e429db000-7f0e429dc000 r-xp 00002000 08:20 174492                     /home/cbrissette/cuopt/.cuopt_env/lib/libabsl_debugging_internal.so.2601.0.0
7f0e429dc000-7f0e429dd000 r--p 00003000 08:20 174492                     /home/cbrissette/cuopt/.cuopt_env/lib/libabsl_debugging_internal.so.2601.0.0
7f0e429dd000-7f0e429de000 r--p 00003000 08:20 174492                     /home/cbrissette/cuopt/.cuopt_env/lib/libabsl_debugging_internal.so.2601.0.0
7f0e429de000-7f0e429df000 rw-p 00004000 08:20 174492                     /home/cbrissette/cuopt/.cuopt_env/lib/libabsl_debugging_internal.so.2601.0.0
7f0e429df000-7f0e429e0000 r--p 00000000 08:20 172719                     /home/cbrissette/cuopt/.cuopt_env/lib/libabsl_borrowed_fixup_buffer.so.2601.0.0
7f0e429e0000-7f0e429e1000 r-xp 00001000 08:20 172719                     /home/cbrissette/cuopt/.cuopt_env/lib/libabsl_borrowed_fixup_buffer.so.2601.0.0
7f0e429e1000-7f0e429e2000 r--p 00002000 08:20 172719                     /home/cbrissette/cuopt/.cuopt_env/lib/libabsl_borrowed_fixup_buffer.so.2601.0.0
7f0e429e2000-7f0e429e3000 r--p 00002000 08:20 172719                     /home/cbrissette/cuopt/.cuopt_env/lib/libabsl_borrowed_fixup_buffer.so.2601.0.0
7f0e429e3000-7f0e429e4000 rw-p 00003000 08:20 172719                     /home/cbrissette/cuopt/.cuopt_env/lib/libabsl_borrowed_fixup_buffer.so.2601.0.0
7f0e429e4000-7f0e429fc000 rw-p 00000000 00:00 0 
7f0e429fc000-7f0e429fe000 r--p 00000000 08:20 177931                     /home/cbrissette/cuopt/.cuopt_env/lib/libabsl_crc32c.so.2601.0.0
7f0e429fe000-7f0e429ff000 r-xp 00002000 08:20 177931                     /home/cbrissette/cuopt/.cuopt_env/lib/libabsl_crc32c.so.2601.0.0
7f0e429ff000-7f0e42a00000 r--p 00003000 08:20 177931                     /home/cbrissette/cuopt/.cuopt_env/lib/libabsl_crc32c.so.2601.0.0
7f0e42a00000-7f0e42a01000 r--p 00003000 08:20 177931                     /home/cbrissette/cuopt/.cuopt_env/lib/libabsl_crc32c.so.2601.0.0
7f0e42a01000-7f0e42a02000 rw-p 00004000 08:20 177931                     /home/cbrissette/cuopt/.cuopt_env/lib/libabsl_crc32c.so.2601.0.0
7f0e42a02000-7f0e42a03000 r--p 00000000 08:20 177959                     /home/cbrissette/cuopt/.cuopt_env/lib/libabsl_log_sink.so.2601.0.0
7f0e42a03000-7f0e42a04000 r-xp 00001000 08:20 177959                     /home/cbrissette/cuopt/.cuopt_env/lib/libabsl_log_sink.so.2601.0.0
7f0e42a04000-7f0e42a05000 r--p 00002000 08:20 177959                     /home/cbrissette/cuopt/.cuopt_env/lib/libabsl_log_sink.so.2601.0.0
7f0e42a05000-7f0e42a06000 r--p 00002000 08:20 177959                     /home/cbrissette/cuopt/.cuopt_env/lib/libabsl_log_sink.so.2601.0.0
7f0e42a06000-7f0e42a07000 rw-p 00003000 08:20 177959                     /home/cbrissette/cuopt/.cuopt_env/lib/libabsl_log_sink.so.2601.0.0
7f0e42a07000-7f0e42a09000 r--p 00000000 08:20 175392                     /home/cbrissette/cuopt/.cuopt_env/lib/libabsl_symbolize.so.2601.0.0
7f0e42a09000-7f0e42a0c000 r-xp 00002000 08:20 175392                     /home/cbrissette/cuopt/.cuopt_env/lib/libabsl_symbolize.so.2601.0.0
7f0e42a0c000-7f0e42a0d000 r--p 00005000 08:20 175392                     /home/cbrissette/cuopt/.cuopt_env/lib/libabsl_symbolize.so.2601.0.0
7f0e42a0d000-7f0e42a0e000 r--p 00006000 08:20 175392                     /home/cbrissette/cuopt/.cuopt_env/lib/libabsl_symbolize.so.2601.0.0
7f0e42a0e000-7f0e42a0f000 rw-p 00007000 08:20 175392                     /home/cbrissette/cuopt/.cuopt_env/lib/libabsl_symbolize.so.2601.0.0
7f0e42a0f000-7f0e42a10000 r--p 00000000 08:20 176368                     /home/cbrissette/cuopt/.cuopt_env/lib/libabsl_flags_private_handle_accessor.so.2601.0.0
7f0e42a10000-7f0e42a11000 r-xp 00001000 08:20 176368                     /home/cbrissette/cuopt/.cuopt_env/lib/libabsl_flags_private_handle_accessor.so.2601.0.0
7f0e42a11000-7f0e42a12000 r--p 00002000 08:20 176368                     /home/cbrissette/cuopt/.cuopt_env/lib/libabsl_flags_private_handle_accessor.so.2601.0.0
7f0e42a12000-7f0e42a13000 r--p 00002000 08:20 176368                     /home/cbrissette/cuopt/.cuopt_env/lib/libabsl_flags_private_handle_accessor.so.2601.0.0
7f0e42a13000-7f0e42a14000 rw-p 00003000 08:20 176368                     /home/cbrissette/cuopt/.cuopt_env/lib/libabsl_flags_private_handle_accessor.so.2601.0.0
7f0e42a14000-7f0e42a16000 r--p 00000000 08:20 176315                     /home/cbrissette/cuopt/.cuopt_env/lib/libabsl_flags_config.so.2601.0.0
7f0e42a16000-7f0e42a18000 r-xp 00002000 08:20 176315                     /home/cbrissette/cuopt/.cuopt_env/lib/libabsl_flags_config.so.2601.0.0
7f0e42a18000-7f0e42a19000 r--p 00004000 08:20 176315                     /home/cbrissette/cuopt/.cuopt_env/lib/libabsl_flags_config.so.2601.0.0
7f0e42a19000-7f0e42a1a000 r--p 00004000 08:20 176315                     /home/cbrissette/cuopt/.cuopt_env/lib/libabsl_flags_config.so.2601.0.0
7f0e42a1a000-7f0e42a1b000 rw-p 00005000 08:20 176315                     /home/cbrissette/cuopt/.cuopt_env/lib/libabsl_flags_config.so.2601.0.0
7f0e42a1b000-7f0e42a1c000 r--p 00000000 08:20 174103                     /home/cbrissette/cuopt/.cuopt_env/lib/libabsl_flags_commandlineflag_internal.so.2601.0.0
7f0e42a1c000-7f0e42a1d000 r-xp 00001000 08:20 174103                     /home/cbrissette/cuopt/.cuopt_env/lib/libabsl_flags_commandlineflag_internal.so.2601.0.0
7f0e42a1d000-7f0e42a1e000 r--p 00002000 08:20 174103                     /home/cbrissette/cuopt/.cuopt_env/lib/libabsl_flags_commandlineflag_internal.so.2601.0.0
7f0e42a1e000-7f0e42a1f000 r--p 00002000 08:20 174103                     /home/cbrissette/cuopt/.cuopt_env/lib/libabsl_flags_commandlineflag_internal.so.2601.0.0
7f0e42a1f000-7f0e42a20000 rw-p 00003000 08:20 174103                     /home/cbrissette/cuopt/.cuopt_env/lib/libabsl_flags_commandlineflag_internal.so.2601.0.0
7f0e42a20000-7f0e42a21000 r--p 00000000 08:20 175648                     /home/cbrissette/cuopt/.cuopt_env/lib/libabsl_flags_commandlineflag.so.2601.0.0
7f0e42a21000-7f0e42a22000 r-xp 00001000 08:20 175648                     /home/cbrissette/cuopt/.cuopt_env/lib/libabsl_flags_commandlineflag.so.2601.0.0
7f0e42a22000-7f0e42a23000 r--p 00002000 08:20 175648                     /home/cbrissette/cuopt/.cuopt_env/lib/libabsl_flags_commandlineflag.so.2601.0.0
7f0e42a23000-7f0e42a24000 r--p 00002000 08:20 175648                     /home/cbrissette/cuopt/.cuopt_env/lib/libabsl_flags_commandlineflag.so.2601.0.0
7f0e42a24000-7f0e42a25000 rw-p 00003000 08:20 175648                     /home/cbrissette/cuopt/.cuopt_env/lib/libabsl_flags_commandlineflag.so.2601.0.0
7f0e42a25000-7f0e42a26000 r--p 00000000 08:20 172450                     /home/cbrissette/cuopt/.cuopt_env/lib/libabsl_random_internal_platform.so.2601.0.0
7f0e42a26000-7f0e42a27000 r-xp 00001000 08:20 172450                     /home/cbrissette/cuopt/.cuopt_env/lib/libabsl_random_internal_platform.so.2601.0.0
7f0e42a27000-7f0e42a29000 r--p 00002000 08:20 172450                     /home/cbrissette/cuopt/.cuopt_env/lib/libabsl_random_internal_platform.so.2601.0.0
7f0e42a29000-7f0e42a2a000 r--p 00003000 08:20 172450                     /home/cbrissette/cuopt/.cuopt_env/lib/libabsl_random_internal_platform.so.2601.0.0
7f0e42a2a000-7f0e42a2b000 rw-p 00004000 08:20 172450                     /home/cbrissette/cuopt/.cuopt_env/lib/libabsl_random_internal_platform.so.2601.0.0
7f0e42a2b000-7f0e42a2c000 r--p 00000000 08:20 178131                     /home/cbrissette/cuopt/.cuopt_env/lib/libabsl_random_internal_randen_hwaes.so.2601.0.0
7f0e42a2c000-7f0e42a2d000 r-xp 00001000 08:20 178131                     /home/cbrissette/cuopt/.cuopt_env/lib/libabsl_random_internal_randen_hwaes.so.2601.0.0
7f0e42a2d000-7f0e42a2e000 r--p 00002000 08:20 178131                     /home/cbrissette/cuopt/.cuopt_env/lib/libabsl_random_internal_randen_hwaes.so.2601.0.0
7f0e42a2e000-7f0e42a2f000 r--p 00002000 08:20 178131                     /home/cbrissette/cuopt/.cuopt_env/lib/libabsl_random_internal_randen_hwaes.so.2601.0.0
7f0e42a2f000-7f0e42a30000 rw-p 00003000 08:20 178131                     /home/cbrissette/cuopt/.cuopt_env/lib/libabsl_random_internal_randen_hwaes.so.2601.0.0
7f0e42a30000-7f0e42a31000 r--p 00000000 08:20 176601                     /home/cbrissette/cuopt/.cuopt_env/lib/libabsl_random_seed_gen_exception.so.2601.0.0
7f0e42a31000-7f0e42a32000 r-xp 00001000 08:20 176601                     /home/cbrissette/cuopt/.cuopt_env/lib/libabsl_random_seed_gen_exception.so.2601.0.0
7f0e42a32000-7f0e42a33000 r--p 00002000 08:20 176601                     /home/cbrissette/cuopt/.cuopt_env/lib/libabsl_random_seed_gen_exception.so.2601.0.0
7f0e42a33000-7f0e42a34000 r--p 00002000 08:20 176601                     /home/cbrissette/cuopt/.cuopt_env/lib/libabsl_random_seed_gen_exception.so.2601.0.0
7f0e42a34000-7f0e42a35000 rw-p 00003000 08:20 176601                     /home/cbrissette/cuopt/.cuopt_env/lib/libabsl_random_seed_gen_exception.so.2601.0.0
7f0e42a35000-7f0e42a36000 r--p 00000000 08:20 178171                     /home/cbrissette/cuopt/.cuopt_env/lib/libabsl_random_internal_seed_material.so.2601.0.0
7f0e42a36000-7f0e42a37000 r-xp 00001000 08:20 178171                     /home/cbrissette/cuopt/.cuopt_env/lib/libabsl_random_internal_seed_material.so.2601.0.0
7f0e42a37000-7f0e42a38000 r--p 00002000 08:20 178171                     /home/cbrissette/cuopt/.cuopt_env/lib/libabsl_random_internal_seed_material.so.2601.0.0
7f0e42a38000-7f0e42a39000 r--p 00002000 08:20 178171                     /home/cbrissette/cuopt/.cuopt_env/lib/libabsl_random_internal_seed_material.so.2601.0.0
7f0e42a39000-7f0e42a3a000 rw-p 00003000 08:20 178171                     /home/cbrissette/cuopt/.cuopt_env/lib/libabsl_random_internal_seed_material.so.2601.0.0
7f0e42a3a000-7f0e42a3b000 r--p 00000000 08:20 175910                     /home/cbrissette/cuopt/.cuopt_env/lib/libabsl_city.so.2601.0.0
7f0e42a3b000-7f0e42a3c000 r-xp 00001000 08:20 175910                     /home/cbrissette/cuopt/.cuopt_env/lib/libabsl_city.so.2601.0.0
7f0e42a3c000-7f0e42a3d000 r--p 00002000 08:20 175910                     /home/cbrissette/cuopt/.cuopt_env/lib/libabsl_city.so.2601.0.0
7f0e42a3d000-7f0e42a3e000 r--p 00002000 08:20 175910                     /home/cbrissette/cuopt/.cuopt_env/lib/libabsl_city.so.2601.0.0
7f0e42a3e000-7f0e42a3f000 rw-p 00003000 08:20 175910                     /home/cbrissette/cuopt/.cuopt_env/lib/libabsl_city.so.2601.0.0
7f0e42a3f000-7f0e42a41000 r--p 00000000 08:20 174503                     /home/cbrissette/cuopt/.cuopt_env/lib/libabsl_hashtablez_sampler.so.2601.0.0
7f0e42a41000-7f0e42a42000 r-xp 00002000 08:20 174503                     /home/cbrissette/cuopt/.cuopt_env/lib/libabsl_hashtablez_sampler.so.2601.0.0
7f0e42a42000-7f0e42a43000 r--p 00003000 08:20 174503                     /home/cbrissette/cuopt/.cuopt_env/lib/libabsl_hashtablez_sampler.so.2601.0.0
7f0e42a43000-7f0e42a44000 r--p 00003000 08:20 174503                     /home/cbrissette/cuopt/.cuopt_env/lib/libabsl_hashtablez_sampler.so.2601.0.0
7f0e42a44000-7f0e42a45000 rw-p 00004000 08:20 174503                     /home/cbrissette/cuopt/.cuopt_env/lib/libabsl_hashtablez_sampler.so.2601.0.0
7f0e42a45000-7f0e42a47000 r--p 00000000 08:20 176334                     /home/cbrissette/cuopt/.cuopt_env/lib/libabsl_int128.so.2601.0.0
7f0e42a47000-7f0e42a49000 r-xp 00002000 08:20 176334                     /home/cbrissette/cuopt/.cuopt_env/lib/libabsl_int128.so.2601.0.0
7f0e42a49000-7f0e42a4a000 r--p 00004000 08:20 176334                     /home/cbrissette/cuopt/.cuopt_env/lib/libabsl_int128.so.2601.0.0
7f0e42a4a000-7f0e42a4b000 r--p 00004000 08:20 176334                     /home/cbrissette/cuopt/.cuopt_env/lib/libabsl_int128.so.2601.0.0
7f0e42a4b000-7f0e42a4c000 rw-p 00005000 08:20 176334                     /home/cbrissette/cuopt/.cuopt_env/lib/libabsl_int128.so.2601.0.0
7f0e42a4c000-7f0e42a4d000 r--p 00000000 08:20 173674                     /home/cbrissette/cuopt/.cuopt_env/lib/libabsl_log_internal_fnmatch.so.2601.0.0
7f0e42a4d000-7f0e42a4e000 r-xp 00001000 08:20 173674                     /home/cbrissette/cuopt/.cuopt_env/lib/libabsl_log_internal_fnmatch.so.2601.0.0
7f0e42a4e000-7f0e42a4f000 r--p 00002000 08:20 173674                     /home/cbrissette/cuopt/.cuopt_env/lib/libabsl_log_internal_fnmatch.so.2601.0.0
7f0e42a4f000-7f0e42a50000 r--p 00002000 08:20 173674                     /home/cbrissette/cuopt/.cuopt_env/lib/libabsl_log_internal_fnmatch.so.2601.0.0
7f0e42a50000-7f0e42a51000 rw-p 00003000 08:20 173674                     /home/cbrissette/cuopt/.cuopt_env/lib/libabsl_log_internal_fnmatch.so.2601.0.0
7f0e42a51000-7f0e42a53000 r--p 00000000 08:20 176024                     /home/cbrissette/cuopt/.cuopt_env/lib/libabsl_malloc_internal.so.2601.0.0
7f0e42a53000-7f0e42a55000 r-xp 00002000 08:20 176024                     /home/cbrissette/cuopt/.cuopt_env/lib/libabsl_malloc_internal.so.2601.0.0
7f0e42a55000-7f0e42a56000 r--p 00004000 08:20 176024                     /home/cbrissette/cuopt/.cuopt_env/lib/libabsl_malloc_internal.so.2601.0.0
7f0e42a56000-7f0e42a57000 r--p 00004000 08:20 176024                     /home/cbrissette/cuopt/.cuopt_env/lib/libabsl_malloc_internal.so.2601.0.0
7f0e42a57000-7f0e42a58000 rw-p 00005000 08:20 176024                     /home/cbrissette/cuopt/.cuopt_env/lib/libabsl_malloc_internal.so.2601.0.0
7f0e42a58000-7f0e42a59000 r--p 00000000 08:20 178559                     /home/cbrissette/cuopt/.cuopt_env/lib/libabsl_tracing_internal.so.2601.0.0
7f0e42a59000-7f0e42a5a000 r-xp 00001000 08:20 178559                     /home/cbrissette/cuopt/.cuopt_env/lib/libabsl_tracing_internal.so.2601.0.0
7f0e42a5a000-7f0e42a5b000 r--p 00002000 08:20 178559                     /home/cbrissette/cuopt/.cuopt_env/lib/libabsl_tracing_internal.so.2601.0.0
7f0e42a5b000-7f0e42a5c000 r--p 00002000 08:20 178559                     /home/cbrissette/cuopt/.cuopt_env/lib/libabsl_tracing_internal.so.2601.0.0
7f0e42a5c000-7f0e42a5d000 rw-p 00003000 08:20 178559                     /home/cbrissette/cuopt/.cuopt_env/lib/libabsl_tracing_internal.so.2601.0.0
7f0e42a5d000-7f0e42a5e000 r--p 00000000 08:20 173445                     /home/cbrissette/cuopt/.cuopt_env/lib/libabsl_exponential_biased.so.2601.0.0
7f0e42a5e000-7f0e42a5f000 r-xp 00001000 08:20 173445                     /home/cbrissette/cuopt/.cuopt_env/lib/libabsl_exponential_biased.so.2601.0.0
7f0e42a5f000-7f0e42a60000 r--p 00002000 08:20 173445                     /home/cbrissette/cuopt/.cuopt_env/lib/libabsl_exponential_biased.so.2601.0.0
7f0e42a60000-7f0e42a61000 r--p 00002000 08:20 173445                     /home/cbrissette/cuopt/.cuopt_env/lib/libabsl_exponential_biased.so.2601.0.0
7f0e42a61000-7f0e42a62000 rw-p 00003000 08:20 173445                     /home/cbrissette/cuopt/.cuopt_env/lib/libabsl_exponential_biased.so.2601.0.0
7f0e42a62000-7f0e42a63000 r--p 00000000 08:20 173659                     /home/cbrissette/cuopt/.cuopt_env/lib/libabsl_stacktrace.so.2601.0.0
7f0e42a63000-7f0e42a65000 r-xp 00001000 08:20 173659                     /home/cbrissette/cuopt/.cuopt_env/lib/libabsl_stacktrace.so.2601.0.0
7f0e42a65000-7f0e42a66000 r--p 00003000 08:20 173659                     /home/cbrissette/cuopt/.cuopt_env/lib/libabsl_stacktrace.so.2601.0.0
7f0e42a66000-7f0e42a67000 r--p 00003000 08:20 173659                     /home/cbrissette/cuopt/.cuopt_env/lib/libabsl_stacktrace.so.2601.0.0
7f0e42a67000-7f0e42a68000 rw-p 00004000 08:20 173659                     /home/cbrissette/cuopt/.cuopt_env/lib/libabsl_stacktrace.so.2601.0.0
7f0e42a68000-7f0e42a6a000 r--p 00000000 08:20 177928                     /home/cbrissette/cuopt/.cuopt_env/lib/libabsl_cordz_handle.so.2601.0.0
7f0e42a6a000-7f0e42a6b000 r-xp 00002000 08:20 177928                     /home/cbrissette/cuopt/.cuopt_env/lib/libabsl_cordz_handle.so.2601.0.0
7f0e42a6b000-7f0e42a6c000 r--p 00003000 08:20 177928                     /home/cbrissette/cuopt/.cuopt_env/lib/libabsl_cordz_handle.so.2601.0.0
7f0e42a6c000-7f0e42a6d000 r--p 00003000 08:20 177928                     /home/cbrissette/cuopt/.cuopt_env/lib/libabsl_cordz_handle.so.2601.0.0
7f0e42a6d000-7f0e42a6e000 rw-p 00004000 08:20 177928                     /home/cbrissette/cuopt/.cuopt_env/lib/libabsl_cordz_handle.so.2601.0.0
7f0e42a6e000-7f0e42a70000 r--p 00000000 08:20 175778                     /home/cbrissette/cuopt/.cuopt_env/lib/libabsl_crc_cord_state.so.2601.0.0
7f0e42a70000-7f0e42a74000 r-xp 00002000 08:20 175778                     /home/cbrissette/cuopt/.cuopt_env/lib/libabsl_crc_cord_state.so.2601.0.0
7f0e42a74000-7f0e42a75000 r--p 00006000 08:20 175778                     /home/cbrissette/cuopt/.cuopt_env/lib/libabsl_crc_cord_state.so.2601.0.0
7f0e42a75000-7f0e42a76000 r--p 00006000 08:20 175778                     /home/cbrissette/cuopt/.cuopt_env/lib/libabsl_crc_cord_state.so.2601.0.0
7f0e42a76000-7f0e42a77000 rw-p 00007000 08:20 175778                     /home/cbrissette/cuopt/.cuopt_env/lib/libabsl_crc_cord_state.so.2601.0.0
7f0e42a77000-7f0e42a78000 r--p 00000000 08:20 177417                     /home/cbrissette/cuopt/.cuopt_env/lib/libabsl_raw_logging_internal.so.2601.0.0
7f0e42a78000-7f0e42a79000 r-xp 00001000 08:20 177417                     /home/cbrissette/cuopt/.cuopt_env/lib/libabsl_raw_logging_internal.so.2601.0.0
7f0e42a79000-7f0e42a7a000 r--p 00002000 08:20 177417                     /home/cbrissette/cuopt/.cuopt_env/lib/libabsl_raw_logging_internal.so.2601.0.0
7f0e42a7a000-7f0e42a7b000 r--p 00002000 08:20 177417                     /home/cbrissette/cuopt/.cuopt_env/lib/libabsl_raw_logging_internal.so.2601.0.0
7f0e42a7b000-7f0e42a7c000 rw-p 00003000 08:20 177417                     /home/cbrissette/cuopt/.cuopt_env/lib/libabsl_raw_logging_internal.so.2601.0.0
7f0e42a7c000-7f0e42a7e000 r--p 00000000 08:20 173916                     /home/cbrissette/cuopt/.cuopt_env/lib/libabsl_base.so.2601.0.0
7f0e42a7e000-7f0e42a7f000 r-xp 00002000 08:20 173916                     /home/cbrissette/cuopt/.cuopt_env/lib/libabsl_base.so.2601.0.0
7f0e42a7f000-7f0e42a80000 r--p 00003000 08:20 173916                     /home/cbrissette/cuopt/.cuopt_env/lib/libabsl_base.so.2601.0.0
7f0e42a80000-7f0e42a81000 r--p 00003000 08:20 173916                     /home/cbrissette/cuopt/.cuopt_env/lib/libabsl_base.so.2601.0.0
7f0e42a81000-7f0e42a82000 rw-p 00004000 08:20 173916                     /home/cbrissette/cuopt/.cuopt_env/lib/libabsl_base.so.2601.0.0
7f0e42a82000-7f0e42a84000 r--p 00000000 08:20 177853                     /home/cbrissette/cuopt/.cuopt_env/lib/libabsl_strings_internal.so.2601.0.0
7f0e42a84000-7f0e42a85000 r-xp 00002000 08:20 177853                     /home/cbrissette/cuopt/.cuopt_env/lib/libabsl_strings_internal.so.2601.0.0
7f0e42a85000-7f0e42a86000 r--p 00003000 08:20 177853                     /home/cbrissette/cuopt/.cuopt_env/lib/libabsl_strings_internal.so.2601.0.0
7f0e42a86000-7f0e42a87000 r--p 00003000 08:20 177853                     /home/cbrissette/cuopt/.cuopt_env/lib/libabsl_strings_internal.so.2601.0.0
7f0e42a87000-7f0e42a88000 rw-p 00004000 08:20 177853                     /home/cbrissette/cuopt/.cuopt_env/lib/libabsl_strings_internal.so.2601.0.0
7f0e42a88000-7f0e42a89000 r--p 00000000 08:20 174472                     /home/cbrissette/cuopt/.cuopt_env/lib/libabsl_log_internal_proto.so.2601.0.0
7f0e42a89000-7f0e42a8a000 r-xp 00001000 08:20 174472                     /home/cbrissette/cuopt/.cuopt_env/lib/libabsl_log_internal_proto.so.2601.0.0
7f0e42a8a000-7f0e42a8b000 r--p 00002000 08:20 174472                     /home/cbrissette/cuopt/.cuopt_env/lib/libabsl_log_internal_proto.so.2601.0.0
7f0e42a8b000-7f0e42a8c000 r--p 00002000 08:20 174472                     /home/cbrissette/cuopt/.cuopt_env/lib/libabsl_log_internal_proto.so.2601.0.0
7f0e42a8c000-7f0e42a8d000 rw-p 00003000 08:20 174472                     /home/cbrissette/cuopt/.cuopt_env/lib/libabsl_log_internal_proto.so.2601.0.0
7f0e42a8d000-7f0e42a8e000 r--p 00000000 08:20 177006                     /home/cbrissette/cuopt/.cuopt_env/lib/libabsl_log_internal_globals.so.2601.0.0
7f0e42a8e000-7f0e42a8f000 r-xp 00001000 08:20 177006                     /home/cbrissette/cuopt/.cuopt_env/lib/libabsl_log_internal_globals.so.2601.0.0
7f0e42a8f000-7f0e42a90000 r--p 00002000 08:20 177006                     /home/cbrissette/cuopt/.cuopt_env/lib/libabsl_log_internal_globals.so.2601.0.0
7f0e42a90000-7f0e42a91000 r--p 00002000 08:20 177006                     /home/cbrissette/cuopt/.cuopt_env/lib/libabsl_log_internal_globals.so.2601.0.0
7f0e42a91000-7f0e42a92000 rw-p 00003000 08:20 177006                     /home/cbrissette/cuopt/.cuopt_env/lib/libabsl_log_internal_globals.so.2601.0.0
7f0e42a92000-7f0e42a94000 r--p 00000000 08:20 172473                     /home/cbrissette/cuopt/.cuopt_env/lib/libabsl_log_internal_log_sink_set.so.2601.0.0
7f0e42a94000-7f0e42a95000 r-xp 00002000 08:20 172473                     /home/cbrissette/cuopt/.cuopt_env/lib/libabsl_log_internal_log_sink_set.so.2601.0.0
7f0e42a95000-7f0e42a96000 r--p 00003000 08:20 172473                     /home/cbrissette/cuopt/.cuopt_env/lib/libabsl_log_internal_log_sink_set.so.2601.0.0
7f0e42a96000-7f0e42a97000 r--p 00003000 08:20 172473                     /home/cbrissette/cuopt/.cuopt_env/lib/libabsl_log_internal_log_sink_set.so.2601.0.0
7f0e42a97000-7f0e42a98000 rw-p 00004000 08:20 172473                     /home/cbrissette/cuopt/.cuopt_env/lib/libabsl_log_internal_log_sink_set.so.2601.0.0
7f0e42a98000-7f0e42a99000 r--p 00000000 08:20 173223                     /home/cbrissette/cuopt/.cuopt_env/lib/libabsl_strerror.so.2601.0.0
7f0e42a99000-7f0e42a9a000 r-xp 00001000 08:20 173223                     /home/cbrissette/cuopt/.cuopt_env/lib/libabsl_strerror.so.2601.0.0
7f0e42a9a000-7f0e42a9b000 r--p 00002000 08:20 173223                     /home/cbrissette/cuopt/.cuopt_env/lib/libabsl_strerror.so.2601.0.0
7f0e42a9b000-7f0e42a9c000 r--p 00002000 08:20 173223                     /home/cbrissette/cuopt/.cuopt_env/lib/libabsl_strerror.so.2601.0.0
7f0e42a9c000-7f0e42a9d000 rw-p 00003000 08:20 173223                     /home/cbrissette/cuopt/.cuopt_env/lib/libabsl_strerror.so.2601.0.0
7f0e42a9d000-7f0e42a9e000 r--p 00000000 08:20 175668                     /home/cbrissette/cuopt/.cuopt_env/lib/libabsl_log_internal_structured_proto.so.2601.0.0
7f0e42a9e000-7f0e42a9f000 r-xp 00001000 08:20 175668                     /home/cbrissette/cuopt/.cuopt_env/lib/libabsl_log_internal_structured_proto.so.2601.0.0
7f0e42a9f000-7f0e42aa0000 r--p 00002000 08:20 175668                     /home/cbrissette/cuopt/.cuopt_env/lib/libabsl_log_internal_structured_proto.so.2601.0.0
7f0e42aa0000-7f0e42aa1000 r--p 00002000 08:20 175668                     /home/cbrissette/cuopt/.cuopt_env/lib/libabsl_log_internal_structured_proto.so.2601.0.0
7f0e42aa1000-7f0e42aa2000 rw-p 00003000 08:20 175668                     /home/cbrissette/cuopt/.cuopt_env/lib/libabsl_log_internal_structured_proto.so.2601.0.0
7f0e42aa2000-7f0e42aa4000 r--p 00000000 08:20 173934                     /home/cbrissette/cuopt/.cuopt_env/lib/libabsl_log_internal_format.so.2601.0.0
7f0e42aa4000-7f0e42aa5000 r-xp 00002000 08:20 173934                     /home/cbrissette/cuopt/.cuopt_env/lib/libabsl_log_internal_format.so.2601.0.0
7f0e42aa5000-7f0e42aa6000 r--p 00003000 08:20 173934                     /home/cbrissette/cuopt/.cuopt_env/lib/libabsl_log_internal_format.so.2601.0.0
7f0e42aa6000-7f0e42aa7000 r--p 00003000 08:20 173934                     /home/cbrissette/cuopt/.cuopt_env/lib/libabsl_log_internal_format.so.2601.0.0
7f0e42aa7000-7f0e42aa8000 rw-p 00004000 08:20 173934                     /home/cbrissette/cuopt/.cuopt_env/lib/libabsl_log_internal_format.so.2601.0.0
7f0e42aa8000-7f0e42aab000 r--p 00000000 08:20 172840                     /home/cbrissette/cuopt/.cuopt_env/lib/libabsl_flags_reflection.so.2601.0.0
7f0e42aab000-7f0e42ab1000 r-xp 00003000 08:20 172840                     /home/cbrissette/cuopt/.cuopt_env/lib/libabsl_flags_reflection.so.2601.0.0
7f0e42ab1000-7f0e42ab3000 r--p 00009000 08:20 172840                     /home/cbrissette/cuopt/.cuopt_env/lib/libabsl_flags_reflection.so.2601.0.0
7f0e42ab3000-7f0e42ab4000 r--p 0000a000 08:20 172840                     /home/cbrissette/cuopt/.cuopt_env/lib/libabsl_flags_reflection.so.2601.0.0
7f0e42ab4000-7f0e42ab5000 rw-p 0000b000 08:20 172840                     /home/cbrissette/cuopt/.cuopt_env/lib/libabsl_flags_reflection.so.2601.0.0
7f0e42ab5000-7f0e42ab9000 r--p 00000000 08:20 173480                     /home/cbrissette/cuopt/.cuopt_env/lib/libabsl_flags_marshalling.so.2601.0.0
7f0e42ab9000-7f0e42abe000 r-xp 00004000 08:20 173480                     /home/cbrissette/cuopt/.cuopt_env/lib/libabsl_flags_marshalling.so.2601.0.0
7f0e42abe000-7f0e42abf000 r--p 00009000 08:20 173480                     /home/cbrissette/cuopt/.cuopt_env/lib/libabsl_flags_marshalling.so.2601.0.0
7f0e42abf000-7f0e42ac0000 r--p 0000a000 08:20 173480                     /home/cbrissette/cuopt/.cuopt_env/lib/libabsl_flags_marshalling.so.2601.0.0
7f0e42ac0000-7f0e42ac1000 rw-p 0000b000 08:20 173480                     /home/cbrissette/cuopt/.cuopt_env/lib/libabsl_flags_marshalling.so.2601.0.0
7f0e42ac1000-7f0e42d51000 r--p 00000000 08:20 77543                      /home/cbrissette/cuopt/.cuopt_env/lib/libcuopt.so
7f0e42d51000-7f0e43960000 r-xp 00290000 08:20 77543                      /home/cbrissette/cuopt/.cuopt_env/lib/libcuopt.so
7f0e43960000-7f0e43c88000 r--p 00e9f000 08:20 77543                      /home/cbrissette/cuopt/.cuopt_env/lib/libcuopt.so
7f0e43c88000-7f0e43ca9000 r--p 011c7000 08:20 77543                      /home/cbrissette/cuopt/.cuopt_env/lib/libcuopt.so
7f0e43ca9000-7f0e43cb0000 rw-p 011e8000 08:20 77543                      /home/cbrissette/cuopt/.cuopt_env/lib/libcuopt.so
7f0e43cb0000-7f0e44e30000 rw-p 00000000 00:00 0 
7f0e44e30000-7f0e44e31000 ---p 0236f000 08:20 77543                      /home/cbrissette/cuopt/.cuopt_env/lib/libcuopt.so
7f0e44e31000-7f0e48000000 rw-p 011ef000 08:20 77543                      /home/cbrissette/cuopt/.cuopt_env/lib/libcuopt.so
7f0e48000000-7f0e48043000 rw-p 00000000 00:00 0 
7f0e48043000-7f0e4c000000 ---p 00000000 00:00 0 
7f0e4c000000-7f0e4c021000 rw-p 00000000 00:00 0 
7f0e4c021000-7f0e50000000 ---p 00000000 00:00 0 
7f0e50000000-7f0e50021000 rw-p 00000000 00:00 0 
7f0e50021000-7f0e54000000 ---p 00000000 00:00 0 
7f0e54000000-7f0e54021000 rw-p 00000000 00:00 0 
7f0e54021000-7f0e58000000 ---p 00000000 00:00 0 
7f0e58000000-7f0e58021000 rw-p 00000000 00:00 0 
7f0e58021000-7f0e5c000000 ---p 00000000 00:00 0 
7f0e5c000000-7f0e5c021000 rw-p 00000000 00:00 0 
7f0e5c021000-7f0e60000000 ---p 00000000 00:00 0 
7f0e60000000-7f0e60021000 rw-p 00000000 00:00 0 
7f0e60021000-7f0e64000000 ---p 00000000 00:00 0 
7f0e64000000-7f0e6418b000 rw-p 00000000 00:00 0 
7f0e6418b000-7f0e68000000 ---p 00000000 00:00 0 
7f0e68000000-7f0e684ab000 rw-p 00000000 00:00 0 
7f0e684ab000-7f0e6c000000 ---p 00000000 00:00 0 
7f0e6c000000-7f0e6c1fc000 rw-p 00000000 00:00 0 
7f0e6c1fc000-7f0e70000000 ---p 00000000 00:00 0 
7f0e70000000-7f0e70021000 rw-p 00000000 00:00 0 
7f0e70021000-7f0e74000000 ---p 00000000 00:00 0 
7f0e74000000-7f0e74021000 rw-p 00000000 00:00 0 
7f0e74021000-7f0e78000000 ---p 00000000 00:00 0 
7f0e78000000-7f0e78021000 rw-p 00000000 00:00 0 
7f0e78021000-7f0e7c000000 ---p 00000000 00:00 0 
7f0e7c000000-7f0e7c021000 rw-p 00000000 00:00 0 
7f0e7c021000-7f0e80000000 ---p 00000000 00:00 0 
7f0e80000000-7f0e80021000 rw-p 00000000 00:00 0 
7f0e80021000-7f0e84000000 ---p 00000000 00:00 0 
7f0e84000000-7f0e84021000 rw-p 00000000 00:00 0 
7f0e84021000-7f0e88000000 ---p 00000000 00:00 0 
7f0e88000000-7f0e88021000 rw-p 00000000 00:00 0 
7f0e88021000-7f0e8c000000 ---p 00000000 00:00 0 
7f0e8c000000-7f0e8c021000 rw-p 00000000 00:00 0 
7f0e8c021000-7f0e90000000 ---p 00000000 00:00 0 
7f0e90000000-7f0e90001000 r--p 00000000 08:20 172814                     /home/cbrissette/cuopt/.cuopt_env/lib/libabsl_examine_stack.so.2601.0.0
7f0e90001000-7f0e90002000 r-xp 00001000 08:20 172814                     /home/cbrissette/cuopt/.cuopt_env/lib/libabsl_examine_stack.so.2601.0.0
7f0e90002000-7f0e90003000 r--p 00002000 08:20 172814                     /home/cbrissette/cuopt/.cuopt_env/lib/libabsl_examine_stack.so.2601.0.0
7f0e90003000-7f0e90004000 r--p 00002000 08:20 172814                     /home/cbrissette/cuopt/.cuopt_env/lib/libabsl_examine_stack.so.2601.0.0
7f0e90004000-7f0e90005000 rw-p 00003000 08:20 172814                     /home/cbrissette/cuopt/.cuopt_env/lib/libabsl_examine_stack.so.2601.0.0
7f0e90005000-7f0e90006000 r--p 00000000 08:20 176086                     /home/cbrissette/cuopt/.cuopt_env/lib/libabsl_leak_check.so.2601.0.0
7f0e90006000-7f0e90007000 r-xp 00001000 08:20 176086                     /home/cbrissette/cuopt/.cuopt_env/lib/libabsl_leak_check.so.2601.0.0
7f0e90007000-7f0e90008000 r--p 00002000 08:20 176086                     /home/cbrissette/cuopt/.cuopt_env/lib/libabsl_leak_check.so.2601.0.0
7f0e90008000-7f0e90009000 r--p 00002000 08:20 176086                     /home/cbrissette/cuopt/.cuopt_env/lib/libabsl_leak_check.so.2601.0.0
7f0e90009000-7f0e9000a000 rw-p 00003000 08:20 176086                     /home/cbrissette/cuopt/.cuopt_env/lib/libabsl_leak_check.so.2601.0.0
7f0e9000a000-7f0e9000e000 r--p 00000000 08:20 176110                     /home/cbrissette/cuopt/.cuopt_env/lib/libabsl_flags_internal.so.2601.0.0
7f0e9000e000-7f0e90011000 r-xp 00004000 08:20 176110                     /home/cbrissette/cuopt/.cuopt_env/lib/libabsl_flags_internal.so.2601.0.0
7f0e90011000-7f0e90013000 r--p 00007000 08:20 176110                     /home/cbrissette/cuopt/.cuopt_env/lib/libabsl_flags_internal.so.2601.0.0
7f0e90013000-7f0e90014000 r--p 00008000 08:20 176110                     /home/cbrissette/cuopt/.cuopt_env/lib/libabsl_flags_internal.so.2601.0.0
7f0e90014000-7f0e90015000 rw-p 00009000 08:20 176110                     /home/cbrissette/cuopt/.cuopt_env/lib/libabsl_flags_internal.so.2601.0.0
7f0e90015000-7f0e90016000 r--p 00000000 08:20 176919                     /home/cbrissette/cuopt/.cuopt_env/lib/libabsl_random_internal_randen_slow.so.2601.0.0
7f0e90016000-7f0e90017000 r-xp 00001000 08:20 176919                     /home/cbrissette/cuopt/.cuopt_env/lib/libabsl_random_internal_randen_slow.so.2601.0.0
7f0e90017000-7f0e90019000 r--p 00002000 08:20 176919                     /home/cbrissette/cuopt/.cuopt_env/lib/libabsl_random_internal_randen_slow.so.2601.0.0
7f0e90019000-7f0e9001a000 r--p 00003000 08:20 176919                     /home/cbrissette/cuopt/.cuopt_env/lib/libabsl_random_internal_randen_slow.so.2601.0.0
7f0e9001a000-7f0e9001b000 rw-p 00004000 08:20 176919                     /home/cbrissette/cuopt/.cuopt_env/lib/libabsl_random_internal_randen_slow.so.2601.0.0
7f0e9001b000-7f0e9001c000 r--p 00000000 08:20 172885                     /home/cbrissette/cuopt/.cuopt_env/lib/libabsl_random_internal_randen_hwaes_impl.so.2601.0.0
7f0e9001c000-7f0e9001d000 r-xp 00001000 08:20 172885                     /home/cbrissette/cuopt/.cuopt_env/lib/libabsl_random_internal_randen_hwaes_impl.so.2601.0.0
7f0e9001d000-7f0e9001e000 r--p 00002000 08:20 172885                     /home/cbrissette/cuopt/.cuopt_env/lib/libabsl_random_internal_randen_hwaes_impl.so.2601.0.0
7f0e9001e000-7f0e9001f000 r--p 00002000 08:20 172885                     /home/cbrissette/cuopt/.cuopt_env/lib/libabsl_random_internal_randen_hwaes_impl.so.2601.0.0
7f0e9001f000-7f0e90020000 rw-p 00003000 08:20 172885                     /home/cbrissette/cuopt/.cuopt_env/lib/libabsl_random_internal_randen_hwaes_impl.so.2601.0.0
7f0e90020000-7f0e90021000 r--p 00000000 08:20 173464                     /home/cbrissette/cuopt/.cuopt_env/lib/libabsl_random_internal_randen.so.2601.0.0
7f0e90021000-7f0e90022000 r-xp 00001000 08:20 173464                     /home/cbrissette/cuopt/.cuopt_env/lib/libabsl_random_internal_randen.so.2601.0.0
7f0e90022000-7f0e90023000 r--p 00002000 08:20 173464                     /home/cbrissette/cuopt/.cuopt_env/lib/libabsl_random_internal_randen.so.2601.0.0
7f0e90023000-7f0e90024000 r--p 00002000 08:20 173464                     /home/cbrissette/cuopt/.cuopt_env/lib/libabsl_random_internal_randen.so.2601.0.0
7f0e90024000-7f0e90025000 rw-p 00003000 08:20 173464                     /home/cbrissette/cuopt/.cuopt_env/lib/libabsl_random_internal_randen.so.2601.0.0
7f0e90025000-7f0e90027000 r--p 00000000 08:20 178082                     /home/cbrissette/cuopt/.cuopt_env/lib/libabsl_kernel_timeout_internal.so.2601.0.0
7f0e90027000-7f0e90028000 r-xp 00002000 08:20 178082                     /home/cbrissette/cuopt/.cuopt_env/lib/libabsl_kernel_timeout_internal.so.2601.0.0
7f0e90028000-7f0e90029000 r--p 00003000 08:20 178082                     /home/cbrissette/cuopt/.cuopt_env/lib/libabsl_kernel_timeout_internal.so.2601.0.0
7f0e90029000-7f0e9002a000 r--p 00003000 08:20 178082                     /home/cbrissette/cuopt/.cuopt_env/lib/libabsl_kernel_timeout_internal.so.2601.0.0
7f0e9002a000-7f0e9002b000 rw-p 00004000 08:20 178082                     /home/cbrissette/cuopt/.cuopt_env/lib/libabsl_kernel_timeout_internal.so.2601.0.0
7f0e9002b000-7f0e9002d000 r--p 00000000 08:20 175359                     /home/cbrissette/cuopt/.cuopt_env/lib/libabsl_random_internal_entropy_pool.so.2601.0.0
7f0e9002d000-7f0e9002e000 r-xp 00002000 08:20 175359                     /home/cbrissette/cuopt/.cuopt_env/lib/libabsl_random_internal_entropy_pool.so.2601.0.0
7f0e9002e000-7f0e9002f000 r--p 00003000 08:20 175359                     /home/cbrissette/cuopt/.cuopt_env/lib/libabsl_random_internal_entropy_pool.so.2601.0.0
7f0e9002f000-7f0e90030000 r--p 00003000 08:20 175359                     /home/cbrissette/cuopt/.cuopt_env/lib/libabsl_random_internal_entropy_pool.so.2601.0.0
7f0e90030000-7f0e90031000 rw-p 00004000 08:20 175359                     /home/cbrissette/cuopt/.cuopt_env/lib/libabsl_random_internal_entropy_pool.so.2601.0.0
7f0e90031000-7f0e90033000 r--p 00000000 08:20 178507                     /home/cbrissette/cuopt/.cuopt_env/lib/libabsl_log_globals.so.2601.0.0
7f0e90033000-7f0e90034000 r-xp 00002000 08:20 178507                     /home/cbrissette/cuopt/.cuopt_env/lib/libabsl_log_globals.so.2601.0.0
7f0e90034000-7f0e90035000 r--p 00003000 08:20 178507                     /home/cbrissette/cuopt/.cuopt_env/lib/libabsl_log_globals.so.2601.0.0
7f0e90035000-7f0e90036000 r--p 00003000 08:20 178507                     /home/cbrissette/cuopt/.cuopt_env/lib/libabsl_log_globals.so.2601.0.0
7f0e90036000-7f0e90037000 rw-p 00004000 08:20 178507                     /home/cbrissette/cuopt/.cuopt_env/lib/libabsl_log_globals.so.2601.0.0
7f0e90037000-7f0e9004f000 r--p 00000000 08:20 192153                     /home/cbrissette/cuopt/.cuopt_env/lib/libre2.so.11
7f0e9004f000-7f0e90095000 r-xp 00018000 08:20 192153                     /home/cbrissette/cuopt/.cuopt_env/lib/libre2.so.11
7f0e90095000-7f0e900ae000 r--p 0005e000 08:20 192153                     /home/cbrissette/cuopt/.cuopt_env/lib/libre2.so.11
7f0e900ae000-7f0e900b3000 r--p 00076000 08:20 192153                     /home/cbrissette/cuopt/.cuopt_env/lib/libre2.so.11
7f0e900b3000-7f0e900b4000 rw-p 0007b000 08:20 192153                     /home/cbrissette/cuopt/.cuopt_env/lib/libre2.so.11
7f0e900b4000-7f0e900c2000 r--p 00000000 08:20 84539                      /home/cbrissette/cuopt/.cuopt_env/lib/libcares.so.2.19.5
7f0e900c2000-7f0e900ed000 r-xp 0000e000 08:20 84539                      /home/cbrissette/cuopt/.cuopt_env/lib/libcares.so.2.19.5
7f0e900ed000-7f0e900f8000 r--p 00039000 08:20 84539                      /home/cbrissette/cuopt/.cuopt_env/lib/libcares.so.2.19.5
7f0e900f8000-7f0e900fa000 r--p 00043000 08:20 84539                      /home/cbrissette/cuopt/.cuopt_env/lib/libcares.so.2.19.5
7f0e900fa000-7f0e900fb000 rw-p 00045000 08:20 84539                      /home/cbrissette/cuopt/.cuopt_env/lib/libcares.so.2.19.5
7f0e900fb000-7f0e900fc000 r--p 00000000 08:20 139113                     /home/cbrissette/cuopt/.cuopt_env/lib/libaddress_sorting.so.52.0.0
7f0e900fc000-7f0e900fd000 r-xp 00001000 08:20 139113                     /home/cbrissette/cuopt/.cuopt_env/lib/libaddress_sorting.so.52.0.0
7f0e900fd000-7f0e900fe000 r--p 00002000 08:20 139113                     /home/cbrissette/cuopt/.cuopt_env/lib/libaddress_sorting.so.52.0.0
7f0e900fe000-7f0e900ff000 r--p 00002000 08:20 139113                     /home/cbrissette/cuopt/.cuopt_env/lib/libaddress_sorting.so.52.0.0
7f0e900ff000-7f0e90100000 rw-p 00003000 08:20 139113                     /home/cbrissette/cuopt/.cuopt_env/lib/libaddress_sorting.so.52.0.0
7f0e90100000-7f0e90103000 r--p 00000000 08:20 175772                     /home/cbrissette/cuopt/.cuopt_env/lib/libabsl_throw_delegate.so.2601.0.0
7f0e90103000-7f0e90104000 r-xp 00003000 08:20 175772                     /home/cbrissette/cuopt/.cuopt_env/lib/libabsl_throw_delegate.so.2601.0.0
7f0e90104000-7f0e90105000 r--p 00004000 08:20 175772                     /home/cbrissette/cuopt/.cuopt_env/lib/libabsl_throw_delegate.so.2601.0.0
7f0e90105000-7f0e90106000 r--p 00004000 08:20 175772                     /home/cbrissette/cuopt/.cuopt_env/lib/libabsl_throw_delegate.so.2601.0.0
7f0e90106000-7f0e90107000 rw-p 00005000 08:20 175772                     /home/cbrissette/cuopt/.cuopt_env/lib/libabsl_throw_delegate.so.2601.0.0
7f0e90107000-7f0e90108000 r--p 00000000 08:20 174707                     /home/cbrissette/cuopt/.cuopt_env/lib/libabsl_spinlock_wait.so.2601.0.0
7f0e90108000-7f0e90109000 r-xp 00001000 08:20 174707                     /home/cbrissette/cuopt/.cuopt_env/lib/libabsl_spinlock_wait.so.2601.0.0
7f0e90109000-7f0e9010a000 r--p 00002000 08:20 174707                     /home/cbrissette/cuopt/.cuopt_env/lib/libabsl_spinlock_wait.so.2601.0.0
7f0e9010a000-7f0e9010b000 r--p 00002000 08:20 174707                     /home/cbrissette/cuopt/.cuopt_env/lib/libabsl_spinlock_wait.so.2601.0.0
7f0e9010b000-7f0e9010c000 rw-p 00003000 08:20 174707                     /home/cbrissette/cuopt/.cuopt_env/lib/libabsl_spinlock_wait.so.2601.0.0
7f0e9010c000-7f0e9010d000 r--p 00000000 08:20 172795                     /home/cbrissette/cuopt/.cuopt_env/lib/libabsl_hash.so.2601.0.0
7f0e9010d000-7f0e9010e000 r-xp 00001000 08:20 172795                     /home/cbrissette/cuopt/.cuopt_env/lib/libabsl_hash.so.2601.0.0
7f0e9010e000-7f0e9010f000 r--p 00002000 08:20 172795                     /home/cbrissette/cuopt/.cuopt_env/lib/libabsl_hash.so.2601.0.0
7f0e9010f000-7f0e90110000 r--p 00002000 08:20 172795                     /home/cbrissette/cuopt/.cuopt_env/lib/libabsl_hash.so.2601.0.0
7f0e90110000-7f0e90111000 rw-p 00003000 08:20 172795                     /home/cbrissette/cuopt/.cuopt_env/lib/libabsl_hash.so.2601.0.0
7f0e90111000-7f0e90118000 r--p 00000000 08:20 172948                     /home/cbrissette/cuopt/.cuopt_env/lib/libabsl_time_zone.so.2601.0.0
7f0e90118000-7f0e9012c000 r-xp 00007000 08:20 172948                     /home/cbrissette/cuopt/.cuopt_env/lib/libabsl_time_zone.so.2601.0.0
7f0e9012c000-7f0e9012f000 r--p 0001b000 08:20 172948                     /home/cbrissette/cuopt/.cuopt_env/lib/libabsl_time_zone.so.2601.0.0
7f0e9012f000-7f0e90130000 r--p 0001e000 08:20 172948                     /home/cbrissette/cuopt/.cuopt_env/lib/libabsl_time_zone.so.2601.0.0
7f0e90130000-7f0e90131000 rw-p 0001f000 08:20 172948                     /home/cbrissette/cuopt/.cuopt_env/lib/libabsl_time_zone.so.2601.0.0
7f0e90131000-7f0e90137000 r--p 00000000 08:20 173780                     /home/cbrissette/cuopt/.cuopt_env/lib/libabsl_time.so.2601.0.0
7f0e90137000-7f0e90144000 r-xp 00006000 08:20 173780                     /home/cbrissette/cuopt/.cuopt_env/lib/libabsl_time.so.2601.0.0
7f0e90144000-7f0e90146000 r--p 00013000 08:20 173780                     /home/cbrissette/cuopt/.cuopt_env/lib/libabsl_time.so.2601.0.0
7f0e90146000-7f0e90147000 r--p 00015000 08:20 173780                     /home/cbrissette/cuopt/.cuopt_env/lib/libabsl_time.so.2601.0.0
7f0e90147000-7f0e90148000 rw-p 00016000 08:20 173780                     /home/cbrissette/cuopt/.cuopt_env/lib/libabsl_time.so.2601.0.0
7f0e90148000-7f0e9014b000 r--p 00000000 08:20 174438                     /home/cbrissette/cuopt/.cuopt_env/lib/libabsl_cord_internal.so.2601.0.0
7f0e9014b000-7f0e90159000 r-xp 00003000 08:20 174438                     /home/cbrissette/cuopt/.cuopt_env/lib/libabsl_cord_internal.so.2601.0.0
7f0e90159000-7f0e9015b000 r--p 00011000 08:20 174438                     /home/cbrissette/cuopt/.cuopt_env/lib/libabsl_cord_internal.so.2601.0.0
7f0e9015b000-7f0e9015c000 r--p 00012000 08:20 174438                     /home/cbrissette/cuopt/.cuopt_env/lib/libabsl_cord_internal.so.2601.0.0
7f0e9015c000-7f0e9015d000 rw-p 00013000 08:20 174438                     /home/cbrissette/cuopt/.cuopt_env/lib/libabsl_cord_internal.so.2601.0.0
7f0e9015d000-7f0e9015f000 r--p 00000000 08:20 173725                     /home/cbrissette/cuopt/.cuopt_env/lib/libabsl_raw_hash_set.so.2601.0.0
7f0e9015f000-7f0e90163000 r-xp 00002000 08:20 173725                     /home/cbrissette/cuopt/.cuopt_env/lib/libabsl_raw_hash_set.so.2601.0.0
7f0e90163000-7f0e90164000 r--p 00006000 08:20 173725                     /home/cbrissette/cuopt/.cuopt_env/lib/libabsl_raw_hash_set.so.2601.0.0
7f0e90164000-7f0e90165000 r--p 00007000 08:20 173725                     /home/cbrissette/cuopt/.cuopt_env/lib/libabsl_raw_hash_set.so.2601.0.0
7f0e90165000-7f0e90166000 rw-p 00008000 08:20 173725                     /home/cbrissette/cuopt/.cuopt_env/lib/libabsl_raw_hash_set.so.2601.0.0
7f0e90166000-7f0e90167000 r--p 00000000 08:20 174927                     /home/cbrissette/cuopt/.cuopt_env/lib/libabsl_log_internal_conditions.so.2601.0.0
7f0e90167000-7f0e90168000 r-xp 00001000 08:20 174927                     /home/cbrissette/cuopt/.cuopt_env/lib/libabsl_log_internal_conditions.so.2601.0.0
7f0e90168000-7f0e90169000 r--p 00002000 08:20 174927                     /home/cbrissette/cuopt/.cuopt_env/lib/libabsl_log_internal_conditions.so.2601.0.0
7f0e90169000-7f0e9016a000 r--p 00002000 08:20 174927                     /home/cbrissette/cuopt/.cuopt_env/lib/libabsl_log_internal_conditions.so.2601.0.0
7f0e9016a000-7f0e9016b000 rw-p 00003000 08:20 174927                     /home/cbrissette/cuopt/.cuopt_env/lib/libabsl_log_internal_conditions.so.2601.0.0
7f0e9016b000-7f0e9016c000 r--p 00000000 08:20 144730                     /home/cbrissette/cuopt/.cuopt_env/lib/libutf8_validity.so.33.5.0
7f0e9016c000-7f0e9016d000 r-xp 00001000 08:20 144730                     /home/cbrissette/cuopt/.cuopt_env/lib/libutf8_validity.so.33.5.0
7f0e9016d000-7f0e9016e000 r--p 00002000 08:20 144730                     /home/cbrissette/cuopt/.cuopt_env/lib/libutf8_validity.so.33.5.0
7f0e9016e000-7f0e9016f000 r--p 00002000 08:20 144730                     /home/cbrissette/cuopt/.cuopt_env/lib/libutf8_validity.so.33.5.0
7f0e9016f000-7f0e90170000 rw-p 00003000 08:20 144730                     /home/cbrissette/cuopt/.cuopt_env/lib/libutf8_validity.so.33.5.0
7f0e90170000-7f0e90171000 r--p 00000000 08:20 173312                     /home/cbrissette/cuopt/.cuopt_env/lib/libabsl_die_if_null.so.2601.0.0
7f0e90171000-7f0e90172000 r-xp 00001000 08:20 173312                     /home/cbrissette/cuopt/.cuopt_env/lib/libabsl_die_if_null.so.2601.0.0
7f0e90172000-7f0e90173000 r--p 00002000 08:20 173312                     /home/cbrissette/cuopt/.cuopt_env/lib/libabsl_die_if_null.so.2601.0.0
7f0e90173000-7f0e90174000 r--p 00002000 08:20 173312                     /home/cbrissette/cuopt/.cuopt_env/lib/libabsl_die_if_null.so.2601.0.0
7f0e90174000-7f0e90175000 rw-p 00003000 08:20 173312                     /home/cbrissette/cuopt/.cuopt_env/lib/libabsl_die_if_null.so.2601.0.0
7f0e90175000-7f0e9017b000 r--p 00000000 08:20 178474                     /home/cbrissette/cuopt/.cuopt_env/lib/libabsl_str_format_internal.so.2601.0.0
7f0e9017b000-7f0e90191000 r-xp 00006000 08:20 178474                     /home/cbrissette/cuopt/.cuopt_env/lib/libabsl_str_format_internal.so.2601.0.0
7f0e90191000-7f0e90194000 r--p 0001c000 08:20 178474                     /home/cbrissette/cuopt/.cuopt_env/lib/libabsl_str_format_internal.so.2601.0.0
7f0e90194000-7f0e90195000 r--p 0001f000 08:20 178474                     /home/cbrissette/cuopt/.cuopt_env/lib/libabsl_str_format_internal.so.2601.0.0
7f0e90195000-7f0e90196000 rw-p 00020000 08:20 178474                     /home/cbrissette/cuopt/.cuopt_env/lib/libabsl_str_format_internal.so.2601.0.0
7f0e90196000-7f0e9019a000 r--p 00000000 08:20 178182                     /home/cbrissette/cuopt/.cuopt_env/lib/libabsl_status.so.2601.0.0
7f0e9019a000-7f0e9019e000 r-xp 00004000 08:20 178182                     /home/cbrissette/cuopt/.cuopt_env/lib/libabsl_status.so.2601.0.0
7f0e9019e000-7f0e901a0000 r--p 00008000 08:20 178182                     /home/cbrissette/cuopt/.cuopt_env/lib/libabsl_status.so.2601.0.0
7f0e901a0000-7f0e901a1000 r--p 00009000 08:20 178182                     /home/cbrissette/cuopt/.cuopt_env/lib/libabsl_status.so.2601.0.0
7f0e901a1000-7f0e901a2000 rw-p 0000a000 08:20 178182                     /home/cbrissette/cuopt/.cuopt_env/lib/libabsl_status.so.2601.0.0
7f0e901a2000-7f0e901a4000 r--p 00000000 08:20 175942                     /home/cbrissette/cuopt/.cuopt_env/lib/libabsl_statusor.so.2601.0.0
7f0e901a4000-7f0e901a5000 r-xp 00002000 08:20 175942                     /home/cbrissette/cuopt/.cuopt_env/lib/libabsl_statusor.so.2601.0.0
7f0e901a5000-7f0e901a6000 r--p 00003000 08:20 175942                     /home/cbrissette/cuopt/.cuopt_env/lib/libabsl_statusor.so.2601.0.0
7f0e901a6000-7f0e901a7000 r--p 00003000 08:20 175942                     /home/cbrissette/cuopt/.cuopt_env/lib/libabsl_statusor.so.2601.0.0
7f0e901a7000-7f0e901a8000 rw-p 00004000 08:20 175942                     /home/cbrissette/cuopt/.cuopt_env/lib/libabsl_statusor.so.2601.0.0
7f0e901a8000-7f0e901aa000 r--p 00000000 08:20 174394                     /home/cbrissette/cuopt/.cuopt_env/lib/libabsl_vlog_config_internal.so.2601.0.0
7f0e901aa000-7f0e901ae000 r-xp 00002000 08:20 174394                     /home/cbrissette/cuopt/.cuopt_env/lib/libabsl_vlog_config_internal.so.2601.0.0
7f0e901ae000-7f0e901af000 r--p 00006000 08:20 174394                     /home/cbrissette/cuopt/.cuopt_env/lib/libabsl_vlog_config_internal.so.2601.0.0
7f0e901af000-7f0e901b0000 r--p 00006000 08:20 174394                     /home/cbrissette/cuopt/.cuopt_env/lib/libabsl_vlog_config_internal.so.2601.0.0
7f0e901b0000-7f0e901b1000 rw-p 00007000 08:20 174394                     /home/cbrissette/cuopt/.cuopt_env/lib/libabsl_vlog_config_internal.so.2601.0.0
7f0e901b1000-7f0e901b2000 r--p 00000000 08:20 144825                     /home/cbrissette/cuopt/.cuopt_env/lib/libutf8_range.so.33.5.0
7f0e901b2000-7f0e901b3000 r-xp 00001000 08:20 144825                     /home/cbrissette/cuopt/.cuopt_env/lib/libutf8_range.so.33.5.0
7f0e901b3000-7f0e901b4000 r--p 00002000 08:20 144825                     /home/cbrissette/cuopt/.cuopt_env/lib/libutf8_range.so.33.5.0
7f0e901b4000-7f0e901b5000 r--p 00002000 08:20 144825                     /home/cbrissette/cuopt/.cuopt_env/lib/libutf8_range.so.33.5.0
7f0e901b5000-7f0e901b6000 rw-p 00003000 08:20 144825                     /home/cbrissette/cuopt/.cuopt_env/lib/libutf8_range.so.33.5.0
7f0e901b6000-7f0e901bd000 r--p 00000000 08:20 173525                     /home/cbrissette/cuopt/.cuopt_env/lib/libabsl_strings.so.2601.0.0
7f0e901bd000-7f0e901d4000 r-xp 00007000 08:20 173525                     /home/cbrissette/cuopt/.cuopt_env/lib/libabsl_strings.so.2601.0.0
7f0e901d4000-7f0e901dd000 r--p 0001e000 08:20 173525                     /home/cbrissette/cuopt/.cuopt_env/lib/libabsl_strings.so.2601.0.0
7f0e901dd000-7f0e901de000 r--p 00026000 08:20 173525                     /home/cbrissette/cuopt/.cuopt_env/lib/libabsl_strings.so.2601.0.0
7f0e901de000-7f0e901df000 rw-p 00027000 08:20 173525                     /home/cbrissette/cuopt/.cuopt_env/lib/libabsl_strings.so.2601.0.0
7f0e901df000-7f0e901e5000 r--p 00000000 08:20 176237                     /home/cbrissette/cuopt/.cuopt_env/lib/libabsl_synchronization.so.2601.0.0
7f0e901e5000-7f0e901ea000 r-xp 00006000 08:20 176237                     /home/cbrissette/cuopt/.cuopt_env/lib/libabsl_synchronization.so.2601.0.0
7f0e901ea000-7f0e901ed000 r--p 0000b000 08:20 176237                     /home/cbrissette/cuopt/.cuopt_env/lib/libabsl_synchronization.so.2601.0.0
7f0e901ed000-7f0e901ee000 r--p 0000d000 08:20 176237                     /home/cbrissette/cuopt/.cuopt_env/lib/libabsl_synchronization.so.2601.0.0
7f0e901ee000-7f0e901ef000 rw-p 0000e000 08:20 176237                     /home/cbrissette/cuopt/.cuopt_env/lib/libabsl_synchronization.so.2601.0.0
7f0e901ef000-7f0e901f1000 rw-p 00000000 00:00 0 
7f0e901f1000-7f0e901f2000 r--p 00000000 08:20 178365                     /home/cbrissette/cuopt/.cuopt_env/lib/libabsl_cordz_functions.so.2601.0.0
7f0e901f2000-7f0e901f3000 r-xp 00001000 08:20 178365                     /home/cbrissette/cuopt/.cuopt_env/lib/libabsl_cordz_functions.so.2601.0.0
7f0e901f3000-7f0e901f4000 r--p 00002000 08:20 178365                     /home/cbrissette/cuopt/.cuopt_env/lib/libabsl_cordz_functions.so.2601.0.0
7f0e901f4000-7f0e901f5000 r--p 00002000 08:20 178365                     /home/cbrissette/cuopt/.cuopt_env/lib/libabsl_cordz_functions.so.2601.0.0
7f0e901f5000-7f0e901f6000 rw-p 00003000 08:20 178365                     /home/cbrissette/cuopt/.cuopt_env/lib/libabsl_cordz_functions.so.2601.0.0
7f0e901f6000-7f0e901f8000 r--p 00000000 08:20 175257                     /home/cbrissette/cuopt/.cuopt_env/lib/libabsl_cordz_info.so.2601.0.0
7f0e901f8000-7f0e901fa000 r-xp 00002000 08:20 175257                     /home/cbrissette/cuopt/.cuopt_env/lib/libabsl_cordz_info.so.2601.0.0
7f0e901fa000-7f0e901fb000 r--p 00004000 08:20 175257                     /home/cbrissette/cuopt/.cuopt_env/lib/libabsl_cordz_info.so.2601.0.0
7f0e901fb000-7f0e901fc000 r--p 00004000 08:20 175257                     /home/cbrissette/cuopt/.cuopt_env/lib/libabsl_cordz_info.so.2601.0.0
7f0e901fc000-7f0e901fd000 rw-p 00005000 08:20 175257                     /home/cbrissette/cuopt/.cuopt_env/lib/libabsl_cordz_info.so.2601.0.0
7f0e901fd000-7f0e90203000 r--p 00000000 08:20 177056                     /home/cbrissette/cuopt/.cuopt_env/lib/libabsl_cord.so.2601.0.0
7f0e90203000-7f0e9021c000 r-xp 00006000 08:20 177056                     /home/cbrissette/cuopt/.cuopt_env/lib/libabsl_cord.so.2601.0.0
7f0e9021c000-7f0e9021f000 r--p 0001f000 08:20 177056                     /home/cbrissette/cuopt/.cuopt_env/lib/libabsl_cord.so.2601.0.0
7f0e9021f000-7f0e90220000 r--p 00021000 08:20 177056                     /home/cbrissette/cuopt/.cuopt_env/lib/libabsl_cord.so.2601.0.0
7f0e90220000-7f0e90221000 rw-p 00022000 08:20 177056                     /home/cbrissette/cuopt/.cuopt_env/lib/libabsl_cord.so.2601.0.0
7f0e90221000-7f0e90227000 r--p 00000000 08:20 173104                     /home/cbrissette/cuopt/.cuopt_env/lib/libabsl_log_internal_message.so.2601.0.0
7f0e90227000-7f0e9022b000 r-xp 00006000 08:20 173104                     /home/cbrissette/cuopt/.cuopt_env/lib/libabsl_log_internal_message.so.2601.0.0
7f0e9022b000-7f0e9022d000 r--p 0000a000 08:20 173104                     /home/cbrissette/cuopt/.cuopt_env/lib/libabsl_log_internal_message.so.2601.0.0
7f0e9022d000-7f0e9022e000 r--p 0000b000 08:20 173104                     /home/cbrissette/cuopt/.cuopt_env/lib/libabsl_log_internal_message.so.2601.0.0
7f0e9022e000-7f0e9022f000 rw-p 0000c000 08:20 173104                     /home/cbrissette/cuopt/.cuopt_env/lib/libabsl_log_internal_message.so.2601.0.0
7f0e9022f000-7f0e9023b000 r--p 00000000 08:20 140730                     /home/cbrissette/cuopt/.cuopt_env/lib/libgpr.so.52.0.0
7f0e9023b000-7f0e90248000 r-xp 0000c000 08:20 140730                     /home/cbrissette/cuopt/.cuopt_env/lib/libgpr.so.52.0.0
7f0e90248000-7f0e9024e000 r--p 00019000 08:20 140730                     /home/cbrissette/cuopt/.cuopt_env/lib/libgpr.so.52.0.0
7f0e9024e000-7f0e9024f000 r--p 0001f000 08:20 140730                     /home/cbrissette/cuopt/.cuopt_env/lib/libgpr.so.52.0.0
7f0e9024f000-7f0e90250000 rw-p 00020000 08:20 140730                     /home/cbrissette/cuopt/.cuopt_env/lib/libgpr.so.52.0.0
7f0e90250000-7f0e902e5000 r--p 00000000 08:20 144643                     /home/cbrissette/cuopt/.cuopt_env/lib/libprotobuf.so.33.5.0
7f0e902e5000-7f0e90508000 r-xp 00095000 08:20 144643                     /home/cbrissette/cuopt/.cuopt_env/lib/libprotobuf.so.33.5.0
7f0e90508000-7f0e90574000 r--p 002b8000 08:20 144643                     /home/cbrissette/cuopt/.cuopt_env/lib/libprotobuf.so.33.5.0
7f0e90574000-7f0e9057f000 r--p 00324000 08:20 144643                     /home/cbrissette/cuopt/.cuopt_env/lib/libprotobuf.so.33.5.0
7f0e9057f000-7f0e90586000 rw-p 0032f000 08:20 144643                     /home/cbrissette/cuopt/.cuopt_env/lib/libprotobuf.so.33.5.0
7f0e90586000-7f0e90587000 rw-p 00000000 00:00 0 
7f0e90587000-7f0e90594000 r--p 00000000 08:20 83455                      /home/cbrissette/cuopt/.cuopt_env/lib/libgomp.so.1.0.0
7f0e90594000-7f0e905cd000 r-xp 0000d000 08:20 83455                      /home/cbrissette/cuopt/.cuopt_env/lib/libgomp.so.1.0.0
7f0e905cd000-7f0e905db000 r--p 00046000 08:20 83455                      /home/cbrissette/cuopt/.cuopt_env/lib/libgomp.so.1.0.0
7f0e905db000-7f0e905dc000 r--p 00054000 08:20 83455                      /home/cbrissette/cuopt/.cuopt_env/lib/libgomp.so.1.0.0
7f0e905dc000-7f0e905dd000 rw-p 00055000 08:20 83455                      /home/cbrissette/cuopt/.cuopt_env/lib/libgomp.so.1.0.0
7f0e905dd000-7f0e905f9000 r--p 00000000 08:20 182877                     /home/cbrissette/cuopt/.cuopt_env/lib/librmm.so
7f0e905f9000-7f0e906b9000 r-xp 0001c000 08:20 182877                     /home/cbrissette/cuopt/.cuopt_env/lib/librmm.so
7f0e906b9000-7f0e906e9000 r--p 000dc000 08:20 182877                     /home/cbrissette/cuopt/.cuopt_env/lib/librmm.so
7f0e906e9000-7f0e906f0000 r--p 0010c000 08:20 182877                     /home/cbrissette/cuopt/.cuopt_env/lib/librmm.so
7f0e906f0000-7f0e906f1000 rw-p 00113000 08:20 182877                     /home/cbrissette/cuopt/.cuopt_env/lib/librmm.so
7f0e906f1000-7f0e906f3000 rw-p 00000000 00:00 0 
7f0e906f3000-7f0e90720000 r--p 00000000 08:20 140888                     /home/cbrissette/cuopt/.cuopt_env/lib/libgrpc++.so.1.78.1
7f0e90720000-7f0e90779000 r-xp 0002d000 08:20 140888                     /home/cbrissette/cuopt/.cuopt_env/lib/libgrpc++.so.1.78.1
7f0e90779000-7f0e90795000 r--p 00086000 08:20 140888                     /home/cbrissette/cuopt/.cuopt_env/lib/libgrpc++.so.1.78.1
7f0e90795000-7f0e9079a000 r--p 000a2000 08:20 140888                     /home/cbrissette/cuopt/.cuopt_env/lib/libgrpc++.so.1.78.1
7f0e9079a000-7f0e9079b000 rw-p 000a7000 08:20 140888                     /home/cbrissette/cuopt/.cuopt_env/lib/libgrpc++.so.1.78.1
7f0e9079b000-7f0e907a9000 r--p 00000000 08:20 194104                     /home/cbrissette/cuopt/.cuopt_env/lib/libtbb.so.12.18
7f0e907a9000-7f0e907d6000 r-xp 0000e000 08:20 194104                     /home/cbrissette/cuopt/.cuopt_env/lib/libtbb.so.12.18
7f0e907d6000-7f0e907e2000 r--p 0003b000 08:20 194104                     /home/cbrissette/cuopt/.cuopt_env/lib/libtbb.so.12.18
7f0e907e2000-7f0e907e4000 r--p 00046000 08:20 194104                     /home/cbrissette/cuopt/.cuopt_env/lib/libtbb.so.12.18
7f0e907e4000-7f0e907e7000 rw-p 00048000 08:20 194104                     /home/cbrissette/cuopt/.cuopt_env/lib/libtbb.so.12.18
7f0e907e7000-7f0e907fd000 rw-p 00000000 00:00 0 
7f0e907fd000-7f0e90801000 ---p 00000000 00:00 0 
7f0e90801000-7f0e908fd000 rw-p 00000000 00:00 0 
7f0e908fd000-7f0e90901000 ---p 00000000 00:00 0 
7f0e90901000-7f0e909fd000 rw-p 00000000 00:00 0 
7f0e909fd000-7f0e90a01000 ---p 00000000 00:00 0 
7f0e90a01000-7f0e90afd000 rw-p 00000000 00:00 0 
7f0e90afd000-7f0e90b01000 ---p 00000000 00:00 0 
7f0e90b01000-7f0e90bfd000 rw-p 00000000 00:00 0 
7f0e90bfd000-7f0e90c01000 ---p 00000000 00:00 0 
7f0e90c01000-7f0e90cfd000 rw-p 00000000 00:00 0 
7f0e90cfd000-7f0e90cfe000 ---p 00000000 00:00 0 
7f0e90cfe000-7f0e90dfe000 rw-p 00000000 00:00 0 
7f0e90dfe000-7f0e90e02000 ---p 00000000 00:00 0 
7f0e90e02000-7f0e90efe000 rw-p 00000000 00:00 0 
7f0e90efe000-7f0e90f02000 ---p 00000000 00:00 0 
7f0e90f02000-7f0e90ffe000 rw-p 00000000 00:00 0 
7f0e90ffe000-7f0e91002000 ---p 00000000 00:00 0 
7f0e91002000-7f0e910fe000 rw-p 00000000 00:00 0 
7f0e910fe000-7f0e91102000 ---p 00000000 00:00 0 
7f0e91102000-7f0e911fe000 rw-p 00000000 00:00 0 
7f0e911fe000-7f0e91202000 ---p 00000000 00:00 0 
7f0e91202000-7f0e912fe000 rw-p 00000000 00:00 0 
7f0e912fe000-7f0e91302000 ---p 00000000 00:00 0 
7f0e91302000-7f0e913fe000 rw-p 00000000 00:00 0 
7f0e913fe000-7f0e91402000 ---p 00000000 00:00 0 
7f0e91402000-7f0e914fe000 rw-p 00000000 00:00 0 
7f0e914fe000-7f0e91502000 ---p 00000000 00:00 0 
7f0e91502000-7f0e915fe000 rw-p 00000000 00:00 0 
7f0e915fe000-7f0e915ff000 ---p 00000000 00:00 0 
7f0e915ff000-7f0e91eff000 rw-p 00000000 00:00 0 
7f0e91eff000-7f0e91f00000 ---p 00000000 00:00 0 
7f0e91f00000-7f0e94000000 rw-p 00000000 00:00 0 
7f0e94000000-7f0e94021000 rw-p 00000000 00:00 0 
7f0e94021000-7f0e98000000 ---p 00000000 00:00 0 
7f0e98000000-7f0e98001000 rw-s a01e2a000 00:01 16566                     /dev/zero (deleted)
7f0e98001000-7f0e98002000 r--p 00000000 08:20 172516                     /home/cbrissette/cuopt/.cuopt_env/lib/libabsl_log_internal_nullguard.so.2601.0.0
7f0e98002000-7f0e98003000 r-xp 00001000 08:20 172516                     /home/cbrissette/cuopt/.cuopt_env/lib/libabsl_log_internal_nullguard.so.2601.0.0
7f0e98003000-7f0e98004000 r--p 00002000 08:20 172516                     /home/cbrissette/cuopt/.cuopt_env/lib/libabsl_log_internal_nullguard.so.2601.0.0
7f0e98004000-7f0e98005000 r--p 00002000 08:20 172516                     /home/cbrissette/cuopt/.cuopt_env/lib/libabsl_log_internal_nullguard.so.2601.0.0
7f0e98005000-7f0e98006000 rw-p 00003000 08:20 172516                     /home/cbrissette/cuopt/.cuopt_env/lib/libabsl_log_internal_nullguard.so.2601.0.0
7f0e98006000-7f0e98010000 r--p 00000000 08:20 198476                     /home/cbrissette/cuopt/.cuopt_env/lib/librapids_logger.so
7f0e98010000-7f0e98041000 r-xp 0000a000 08:20 198476                     /home/cbrissette/cuopt/.cuopt_env/lib/librapids_logger.so
7f0e98041000-7f0e9804e000 r--p 0003b000 08:20 198476                     /home/cbrissette/cuopt/.cuopt_env/lib/librapids_logger.so
7f0e9804e000-7f0e98051000 r--p 00048000 08:20 198476                     /home/cbrissette/cuopt/.cuopt_env/lib/librapids_logger.so
7f0e98051000-7f0e98052000 rw-p 0004b000 08:20 198476                     /home/cbrissette/cuopt/.cuopt_env/lib/librapids_logger.so
7f0e98052000-7f0e98064000 r--p 00000000 08:20 78513                      /home/cbrissette/cuopt/java/cuopt/build/native/libcuopt_jni.so
7f0e98064000-7f0e98080000 r-xp 00012000 08:20 78513                      /home/cbrissette/cuopt/java/cuopt/build/native/libcuopt_jni.so
7f0e98080000-7f0e98089000 r--p 0002e000 08:20 78513                      /home/cbrissette/cuopt/java/cuopt/build/native/libcuopt_jni.so
7f0e98089000-7f0e9808a000 r--p 00037000 08:20 78513                      /home/cbrissette/cuopt/java/cuopt/build/native/libcuopt_jni.so
7f0e9808a000-7f0e9808b000 rw-p 00038000 08:20 78513                      /home/cbrissette/cuopt/java/cuopt/build/native/libcuopt_jni.so
7f0e9808b000-7f0e9808c000 rw-p 00000000 00:00 0 
7f0e9808c000-7f0e9808d000 ---p 00000000 00:00 0 
7f0e9808d000-7f0e98870000 rw-p 00000000 00:00 0 
7f0e98870000-7f0e9b240000 ---p 00000000 00:00 0 
7f0e9b240000-7f0e9b248000 rw-p 00000000 00:00 0 
7f0e9b248000-7f0e9c248000 ---p 00000000 00:00 0 
7f0e9c248000-7f0e9c628000 rw-p 00000000 00:00 0 
7f0e9c628000-7f0e9eff8000 ---p 00000000 00:00 0 
7f0e9eff8000-7f0e9f000000 rw-p 00000000 00:00 0 
7f0e9f000000-7f0ea0000000 ---p 00000000 00:00 0 
7f0ea0000000-7f0ea0021000 rw-p 00000000 00:00 0 
7f0ea0021000-7f0ea4000000 ---p 00000000 00:00 0 
7f0ea4000000-7f0ea4001000 rw-s a01e29000 00:01 16565                     /dev/zero (deleted)
7f0ea4001000-7f0ea4002000 rw-s a01e28000 00:01 16564                     /dev/zero (deleted)
7f0ea4002000-7f0ea4003000 rw-s a01e27000 00:01 16563                     /dev/zero (deleted)
7f0ea4003000-7f0ea4006000 r--p 00000000 08:20 175246                     /home/cbrissette/cuopt/.cuopt_env/lib/libabsl_log_internal_check_op.so.2601.0.0
7f0ea4006000-7f0ea4009000 r-xp 00003000 08:20 175246                     /home/cbrissette/cuopt/.cuopt_env/lib/libabsl_log_internal_check_op.so.2601.0.0
7f0ea4009000-7f0ea400a000 r--p 00006000 08:20 175246                     /home/cbrissette/cuopt/.cuopt_env/lib/libabsl_log_internal_check_op.so.2601.0.0
7f0ea400a000-7f0ea400b000 r--p 00006000 08:20 175246                     /home/cbrissette/cuopt/.cuopt_env/lib/libabsl_log_internal_check_op.so.2601.0.0
7f0ea400b000-7f0ea400c000 rw-p 00007000 08:20 175246                     /home/cbrissette/cuopt/.cuopt_env/lib/libabsl_log_internal_check_op.so.2601.0.0
7f0ea400c000-7f0ea400d000 r--p 00000000 08:20 218634                     /usr/lib/x86_64-linux-gnu/libpthread.so.0
7f0ea400d000-7f0ea400e000 r-xp 00001000 08:20 218634                     /usr/lib/x86_64-linux-gnu/libpthread.so.0
7f0ea400e000-7f0ea400f000 r--p 00002000 08:20 218634                     /usr/lib/x86_64-linux-gnu/libpthread.so.0
7f0ea400f000-7f0ea4010000 r--p 00002000 08:20 218634                     /usr/lib/x86_64-linux-gnu/libpthread.so.0
7f0ea4010000-7f0ea4011000 rw-p 00003000 08:20 218634                     /usr/lib/x86_64-linux-gnu/libpthread.so.0
7f0ea4011000-7f0ea4012000 rw-s a01e26000 00:01 16562                     /dev/zero (deleted)
7f0ea4012000-7f0ea4013000 rw-s a01e25000 00:01 16561                     /dev/zero (deleted)
7f0ea4013000-7f0ea4014000 rw-s a01e24000 00:01 16560                     /dev/zero (deleted)
7f0ea4014000-7f0ea4015000 rw-s a01e23000 00:01 16559                     /dev/zero (deleted)
7f0ea4015000-7f0ea4016000 rw-s a01e22000 00:01 16558                     /dev/zero (deleted)
7f0ea4016000-7f0ea4017000 rw-s a01e21000 00:01 16554                     /dev/zero (deleted)
7f0ea4017000-7f0ea4018000 rw-s a01e20000 00:01 16553                     /dev/zero (deleted)
7f0ea4018000-7f0ea4019000 rw-s a01e1f000 00:01 16552                     /dev/zero (deleted)
7f0ea4019000-7f0ea401a000 rw-s a01e1e000 00:01 16551                     /dev/zero (deleted)
7f0ea401a000-7f0ea401b000 rw-s a01e1d000 00:01 16550                     /dev/zero (deleted)
7f0ea401b000-7f0ea401f000 r--p 00000000 08:20 294964                     /usr/lib/jvm/java-11-openjdk-amd64/lib/libnet.so
7f0ea401f000-7f0ea402d000 r-xp 00004000 08:20 294964                     /usr/lib/jvm/java-11-openjdk-amd64/lib/libnet.so
7f0ea402d000-7f0ea4031000 r--p 00012000 08:20 294964                     /usr/lib/jvm/java-11-openjdk-amd64/lib/libnet.so
7f0ea4031000-7f0ea4032000 r--p 00015000 08:20 294964                     /usr/lib/jvm/java-11-openjdk-amd64/lib/libnet.so
7f0ea4032000-7f0ea4033000 rw-p 00016000 08:20 294964                     /usr/lib/jvm/java-11-openjdk-amd64/lib/libnet.so
7f0ea4033000-7f0ea403a000 r--p 00000000 08:20 294965                     /usr/lib/jvm/java-11-openjdk-amd64/lib/libnio.so
7f0ea403a000-7f0ea4042000 r-xp 00007000 08:20 294965                     /usr/lib/jvm/java-11-openjdk-amd64/lib/libnio.so
7f0ea4042000-7f0ea4045000 r--p 0000f000 08:20 294965                     /usr/lib/jvm/java-11-openjdk-amd64/lib/libnio.so
7f0ea4045000-7f0ea4046000 r--p 00011000 08:20 294965                     /usr/lib/jvm/java-11-openjdk-amd64/lib/libnio.so
7f0ea4046000-7f0ea4047000 rw-p 00012000 08:20 294965                     /usr/lib/jvm/java-11-openjdk-amd64/lib/libnio.so
7f0ea4047000-7f0ea47cf000 rw-p 00000000 00:00 0 
7f0ea47cf000-7f0ea4a3f000 rwxp 00000000 00:00 0 
7f0ea4a3f000-7f0ea4f0e000 ---p 00000000 00:00 0 
7f0ea4f0e000-7f0ea51fe000 rwxp 00000000 00:00 0 
7f0ea51fe000-7f0eac36e000 ---p 00000000 00:00 0 
7f0eac36e000-7f0eac5de000 rwxp 00000000 00:00 0 
7f0eac5de000-7f0eb37cf000 ---p 00000000 00:00 0 
7f0eb37cf000-7f0ebc000000 r--s 00000000 08:20 294975                     /usr/lib/jvm/java-11-openjdk-amd64/lib/modules
7f0ebc000000-7f0ebfccb000 rw-p 00000000 00:00 0 
7f0ebfccb000-7f0ec0000000 ---p 00000000 00:00 0 
7f0ec0000000-7f0ec0001000 r--p 00000000 00:00 0 
7f0ec0001000-7f0ec0002000 rw-s a01e1c000 00:01 16548                     /dev/zero (deleted)
7f0ec0002000-7f0ec0003000 rw-s a01e1b000 00:01 16547                     /dev/zero (deleted)
7f0ec0003000-7f0ec0005000 r--p 00000000 08:20 294962                     /usr/lib/jvm/java-11-openjdk-amd64/lib/libmanagement_ext.so
7f0ec0005000-7f0ec0008000 r-xp 00002000 08:20 294962                     /usr/lib/jvm/java-11-openjdk-amd64/lib/libmanagement_ext.so
7f0ec0008000-7f0ec000a000 r--p 00005000 08:20 294962                     /usr/lib/jvm/java-11-openjdk-amd64/lib/libmanagement_ext.so
7f0ec000a000-7f0ec000b000 r--p 00006000 08:20 294962                     /usr/lib/jvm/java-11-openjdk-amd64/lib/libmanagement_ext.so
7f0ec000b000-7f0ec000c000 rw-p 00007000 08:20 294962                     /usr/lib/jvm/java-11-openjdk-amd64/lib/libmanagement_ext.so
7f0ec000c000-7f0ec000f000 r--p 00000000 08:20 294960                     /usr/lib/jvm/java-11-openjdk-amd64/lib/libmanagement.so
7f0ec000f000-7f0ec0010000 r-xp 00003000 08:20 294960                     /usr/lib/jvm/java-11-openjdk-amd64/lib/libmanagement.so
7f0ec0010000-7f0ec0011000 r--p 00004000 08:20 294960                     /usr/lib/jvm/java-11-openjdk-amd64/lib/libmanagement.so
7f0ec0011000-7f0ec0012000 r--p 00004000 08:20 294960                     /usr/lib/jvm/java-11-openjdk-amd64/lib/libmanagement.so
7f0ec0012000-7f0ec0013000 rw-p 00005000 08:20 294960                     /usr/lib/jvm/java-11-openjdk-amd64/lib/libmanagement.so
7f0ec0013000-7f0ec006a000 r--p 00000000 08:20 217873                     /usr/lib/locale/C.utf8/LC_CTYPE
7f0ec006a000-7f0ec006b000 r--p 00000000 08:20 217879                     /usr/lib/locale/C.utf8/LC_NUMERIC
7f0ec006b000-7f0ec006c000 r--p 00000000 08:20 217882                     /usr/lib/locale/C.utf8/LC_TIME
7f0ec006c000-7f0ec006d000 r--p 00000000 08:20 217872                     /usr/lib/locale/C.utf8/LC_COLLATE
7f0ec006d000-7f0ec006e000 r--p 00000000 08:20 217877                     /usr/lib/locale/C.utf8/LC_MONETARY
7f0ec006e000-7f0ec006f000 r--p 00000000 08:20 217876                     /usr/lib/locale/C.utf8/LC_MESSAGES/SYS_LC_MESSAGES
7f0ec006f000-7f0ec0070000 r--p 00000000 08:20 217880                     /usr/lib/locale/C.utf8/LC_PAPER
7f0ec0070000-7f0ec0071000 r--p 00000000 08:20 217878                     /usr/lib/locale/C.utf8/LC_NAME
7f0ec0071000-7f0ec0072000 r--p 00000000 08:20 217871                     /usr/lib/locale/C.utf8/LC_ADDRESS
7f0ec0072000-7f0ec0073000 r--p 00000000 08:20 217881                     /usr/lib/locale/C.utf8/LC_TELEPHONE
7f0ec0073000-7f0ec007a000 r--s 00000000 08:20 218904                     /usr/lib/x86_64-linux-gnu/gconv/gconv-modules.cache
7f0ec007a000-7f0ec05da000 rw-p 00000000 00:00 0 
7f0ec05da000-7f0ec05db000 ---p 00000000 00:00 0 
7f0ec05db000-7f0ec06db000 rw-p 00000000 00:00 0 
7f0ec06db000-7f0ec06dc000 ---p 00000000 00:00 0 
7f0ec06dc000-7f0ec0a4e000 rw-p 00000000 00:00 0 
7f0ec0a4e000-7f0ec0f88000 ---p 00000000 00:00 0 
7f0ec0f88000-7f0ec0f89000 rw-p 00000000 00:00 0 
7f0ec0f89000-7f0ec1189000 ---p 00000000 00:00 0 
7f0ec1189000-7f0ec1205000 rw-p 00000000 00:00 0 
7f0ec1205000-7f0ec173f000 ---p 00000000 00:00 0 
7f0ec173f000-7f0ec1740000 rw-p 00000000 00:00 0 
7f0ec1740000-7f0ec1940000 ---p 00000000 00:00 0 
7f0ec1940000-7f0ec19bc000 rw-p 00000000 00:00 0 
7f0ec19bc000-7f0ec1ef6000 ---p 00000000 00:00 0 
7f0ec1ef6000-7f0ec1ef7000 rw-p 00000000 00:00 0 
7f0ec1ef7000-7f0ec20f7000 ---p 00000000 00:00 0 
7f0ec20f7000-7f0ec3006000 rw-p 00000000 00:00 0 
7f0ec3006000-7f0ec3007000 ---p 00000000 00:00 0 
7f0ec3007000-7f0ec310c000 rw-p 00000000 00:00 0 
7f0ec310c000-7f0ec31f0000 ---p 00000000 00:00 0 
7f0ec31f0000-7f0ec31f6000 rw-p 00000000 00:00 0 
7f0ec31f6000-7f0ec32d9000 ---p 00000000 00:00 0 
7f0ec32d9000-7f0ec32de000 rw-p 00000000 00:00 0 
7f0ec32de000-7f0ec32e8000 ---p 00000000 00:00 0 
7f0ec32e8000-7f0ec32ea000 r--p 00000000 08:20 294974                     /usr/lib/jvm/java-11-openjdk-amd64/lib/libzip.so
7f0ec32ea000-7f0ec32ef000 r-xp 00002000 08:20 294974                     /usr/lib/jvm/java-11-openjdk-amd64/lib/libzip.so
7f0ec32ef000-7f0ec32f1000 r--p 00007000 08:20 294974                     /usr/lib/jvm/java-11-openjdk-amd64/lib/libzip.so
7f0ec32f1000-7f0ec32f2000 r--p 00008000 08:20 294974                     /usr/lib/jvm/java-11-openjdk-amd64/lib/libzip.so
7f0ec32f2000-7f0ec32f3000 rw-p 00009000 08:20 294974                     /usr/lib/jvm/java-11-openjdk-amd64/lib/libzip.so
7f0ec32f3000-7f0ec32fb000 rw-s 00000000 08:20 78560                      /tmp/hsperfdata_cbrissette/1440122
7f0ec32fb000-7f0ec32fc000 ---p 00000000 00:00 0 
7f0ec32fc000-7f0ec32fd000 r--p 00000000 00:00 0 
7f0ec32fd000-7f0ec330b000 r--p 00000000 08:20 294953                     /usr/lib/jvm/java-11-openjdk-amd64/lib/libjava.so
7f0ec330b000-7f0ec3321000 r-xp 0000e000 08:20 294953                     /usr/lib/jvm/java-11-openjdk-amd64/lib/libjava.so
7f0ec3321000-7f0ec3328000 r--p 00024000 08:20 294953                     /usr/lib/jvm/java-11-openjdk-amd64/lib/libjava.so
7f0ec3328000-7f0ec3329000 r--p 0002a000 08:20 294953                     /usr/lib/jvm/java-11-openjdk-amd64/lib/libjava.so
7f0ec3329000-7f0ec332a000 rw-p 0002b000 08:20 294953                     /usr/lib/jvm/java-11-openjdk-amd64/lib/libjava.so
7f0ec332a000-7f0ec332b000 rw-p 00000000 00:00 0 
7f0ec332b000-7f0ec3330000 r--p 00000000 08:20 294973                     /usr/lib/jvm/java-11-openjdk-amd64/lib/libverify.so
7f0ec3330000-7f0ec3337000 r-xp 00005000 08:20 294973                     /usr/lib/jvm/java-11-openjdk-amd64/lib/libverify.so
7f0ec3337000-7f0ec3339000 r--p 0000c000 08:20 294973                     /usr/lib/jvm/java-11-openjdk-amd64/lib/libverify.so
7f0ec3339000-7f0ec333b000 r--p 0000d000 08:20 294973                     /usr/lib/jvm/java-11-openjdk-amd64/lib/libverify.so
7f0ec333b000-7f0ec333c000 rw-p 0000f000 08:20 294973                     /usr/lib/jvm/java-11-openjdk-amd64/lib/libverify.so
7f0ec333c000-7f0ec333d000 r--p 00000000 08:20 218636                     /usr/lib/x86_64-linux-gnu/librt.so.1
7f0ec333d000-7f0ec333e000 r-xp 00001000 08:20 218636                     /usr/lib/x86_64-linux-gnu/librt.so.1
7f0ec333e000-7f0ec333f000 r--p 00002000 08:20 218636                     /usr/lib/x86_64-linux-gnu/librt.so.1
7f0ec333f000-7f0ec3340000 r--p 00002000 08:20 218636                     /usr/lib/x86_64-linux-gnu/librt.so.1
7f0ec3340000-7f0ec3341000 rw-p 00003000 08:20 218636                     /usr/lib/x86_64-linux-gnu/librt.so.1
7f0ec3341000-7f0ec3345000 ---p 00000000 00:00 0 
7f0ec3345000-7f0ec3441000 rw-p 00000000 00:00 0 
7f0ec3441000-7f0ec3442000 r--p 00000000 08:20 218624                     /usr/lib/x86_64-linux-gnu/libdl.so.2
7f0ec3442000-7f0ec3443000 r-xp 00001000 08:20 218624                     /usr/lib/x86_64-linux-gnu/libdl.so.2
7f0ec3443000-7f0ec3444000 r--p 00002000 08:20 218624                     /usr/lib/x86_64-linux-gnu/libdl.so.2
7f0ec3444000-7f0ec3445000 r--p 00002000 08:20 218624                     /usr/lib/x86_64-linux-gnu/libdl.so.2
7f0ec3445000-7f0ec3446000 rw-p 00003000 08:20 218624                     /usr/lib/x86_64-linux-gnu/libdl.so.2
7f0ec3446000-7f0ec344a000 r--p 00000000 08:20 84327                      /home/cbrissette/cuopt/.cuopt_env/lib/libgcc_s.so.1
7f0ec344a000-7f0ec346d000 r-xp 00004000 08:20 84327                      /home/cbrissette/cuopt/.cuopt_env/lib/libgcc_s.so.1
7f0ec346d000-7f0ec3471000 r--p 00027000 08:20 84327                      /home/cbrissette/cuopt/.cuopt_env/lib/libgcc_s.so.1
7f0ec3471000-7f0ec3472000 r--p 0002a000 08:20 84327                      /home/cbrissette/cuopt/.cuopt_env/lib/libgcc_s.so.1
7f0ec3472000-7f0ec3473000 rw-p 0002b000 08:20 84327                      /home/cbrissette/cuopt/.cuopt_env/lib/libgcc_s.so.1
7f0ec3473000-7f0ec3481000 r--p 00000000 08:20 218625                     /usr/lib/x86_64-linux-gnu/libm.so.6
7f0ec3481000-7f0ec34fd000 r-xp 0000e000 08:20 218625                     /usr/lib/x86_64-linux-gnu/libm.so.6
7f0ec34fd000-7f0ec3558000 r--p 0008a000 08:20 218625                     /usr/lib/x86_64-linux-gnu/libm.so.6
7f0ec3558000-7f0ec3559000 r--p 000e4000 08:20 218625                     /usr/lib/x86_64-linux-gnu/libm.so.6
7f0ec3559000-7f0ec355a000 rw-p 000e5000 08:20 218625                     /usr/lib/x86_64-linux-gnu/libm.so.6
7f0ec355a000-7f0ec3604000 r--p 00000000 08:20 84948                      /home/cbrissette/cuopt/.cuopt_env/lib/libstdc++.so.6.0.34
7f0ec3604000-7f0ec3735000 r-xp 000aa000 08:20 84948                      /home/cbrissette/cuopt/.cuopt_env/lib/libstdc++.so.6.0.34
7f0ec3735000-7f0ec37c3000 r--p 001db000 08:20 84948                      /home/cbrissette/cuopt/.cuopt_env/lib/libstdc++.so.6.0.34
7f0ec37c3000-7f0ec37d2000 r--p 00268000 08:20 84948                      /home/cbrissette/cuopt/.cuopt_env/lib/libstdc++.so.6.0.34
7f0ec37d2000-7f0ec37d5000 rw-p 00277000 08:20 84948                      /home/cbrissette/cuopt/.cuopt_env/lib/libstdc++.so.6.0.34
7f0ec37d5000-7f0ec37d9000 rw-p 00000000 00:00 0 
7f0ec37d9000-7f0ec3a5c000 r--p 00000000 08:20 294978                     /usr/lib/jvm/java-11-openjdk-amd64/lib/server/libjvm.so
7f0ec3a5c000-7f0ec46fa000 r-xp 00283000 08:20 294978                     /usr/lib/jvm/java-11-openjdk-amd64/lib/server/libjvm.so
7f0ec46fa000-7f0ec4956000 r--p 00f21000 08:20 294978                     /usr/lib/jvm/java-11-openjdk-amd64/lib/server/libjvm.so
7f0ec4956000-7f0ec4a1a000 r--p 0117c000 08:20 294978                     /usr/lib/jvm/java-11-openjdk-amd64/lib/server/libjvm.so
7f0ec4a1a000-7f0ec4a55000 rw-p 01240000 08:20 294978                     /usr/lib/jvm/java-11-openjdk-amd64/lib/server/libjvm.so
7f0ec4a55000-7f0ec4aae000 rw-p 00000000 00:00 0 
7f0ec4aae000-7f0ec4ad6000 r--p 00000000 08:20 218621                     /usr/lib/x86_64-linux-gnu/libc.so.6
7f0ec4ad6000-7f0ec4c6b000 r-xp 00028000 08:20 218621                     /usr/lib/x86_64-linux-gnu/libc.so.6
7f0ec4c6b000-7f0ec4cc3000 r--p 001bd000 08:20 218621                     /usr/lib/x86_64-linux-gnu/libc.so.6
7f0ec4cc3000-7f0ec4cc4000 ---p 00215000 08:20 218621                     /usr/lib/x86_64-linux-gnu/libc.so.6
7f0ec4cc4000-7f0ec4cc8000 r--p 00215000 08:20 218621                     /usr/lib/x86_64-linux-gnu/libc.so.6
7f0ec4cc8000-7f0ec4cca000 rw-p 00219000 08:20 218621                     /usr/lib/x86_64-linux-gnu/libc.so.6
7f0ec4cca000-7f0ec4cd7000 rw-p 00000000 00:00 0 
7f0ec4cd7000-7f0ec4cd8000 r--p 00000000 08:20 217875                     /usr/lib/locale/C.utf8/LC_MEASUREMENT
7f0ec4cd8000-7f0ec4cda000 r--p 00000000 08:20 294956                     /usr/lib/jvm/java-11-openjdk-amd64/lib/libjimage.so
7f0ec4cda000-7f0ec4cdd000 r-xp 00002000 08:20 294956                     /usr/lib/jvm/java-11-openjdk-amd64/lib/libjimage.so
7f0ec4cdd000-7f0ec4cde000 r--p 00005000 08:20 294956                     /usr/lib/jvm/java-11-openjdk-amd64/lib/libjimage.so
7f0ec4cde000-7f0ec4cdf000 ---p 00006000 08:20 294956                     /usr/lib/jvm/java-11-openjdk-amd64/lib/libjimage.so
7f0ec4cdf000-7f0ec4ce0000 r--p 00006000 08:20 294956                     /usr/lib/jvm/java-11-openjdk-amd64/lib/libjimage.so
7f0ec4ce0000-7f0ec4ce1000 rw-p 00007000 08:20 294956                     /usr/lib/jvm/java-11-openjdk-amd64/lib/libjimage.so
7f0ec4ce1000-7f0ec4ce4000 r--p 00000000 08:20 294930                     /usr/lib/jvm/java-11-openjdk-amd64/lib/jli/libjli.so
7f0ec4ce4000-7f0ec4cee000 r-xp 00003000 08:20 294930                     /usr/lib/jvm/java-11-openjdk-amd64/lib/jli/libjli.so
7f0ec4cee000-7f0ec4cf1000 r--p 0000d000 08:20 294930                     /usr/lib/jvm/java-11-openjdk-amd64/lib/jli/libjli.so
7f0ec4cf1000-7f0ec4cf2000 ---p 00010000 08:20 294930                     /usr/lib/jvm/java-11-openjdk-amd64/lib/jli/libjli.so
7f0ec4cf2000-7f0ec4cf3000 r--p 00010000 08:20 294930                     /usr/lib/jvm/java-11-openjdk-amd64/lib/jli/libjli.so
7f0ec4cf3000-7f0ec4cf4000 rw-p 00011000 08:20 294930                     /usr/lib/jvm/java-11-openjdk-amd64/lib/jli/libjli.so
7f0ec4cf4000-7f0ec4cf7000 r--p 00000000 08:20 83514                      /home/cbrissette/cuopt/.cuopt_env/lib/libz.so.1.3.2
7f0ec4cf7000-7f0ec4d07000 r-xp 00003000 08:20 83514                      /home/cbrissette/cuopt/.cuopt_env/lib/libz.so.1.3.2
7f0ec4d07000-7f0ec4d0d000 r--p 00013000 08:20 83514                      /home/cbrissette/cuopt/.cuopt_env/lib/libz.so.1.3.2
7f0ec4d0d000-7f0ec4d0e000 r--p 00019000 08:20 83514                      /home/cbrissette/cuopt/.cuopt_env/lib/libz.so.1.3.2
7f0ec4d0e000-7f0ec4d0f000 rw-p 0001a000 08:20 83514                      /home/cbrissette/cuopt/.cuopt_env/lib/libz.so.1.3.2
7f0ec4d0f000-7f0ec4d11000 rw-p 00000000 00:00 0 
7f0ec4d11000-7f0ec4d13000 r--p 00000000 08:20 218618                     /usr/lib/x86_64-linux-gnu/ld-linux-x86-64.so.2
7f0ec4d13000-7f0ec4d3d000 r-xp 00002000 08:20 218618                     /usr/lib/x86_64-linux-gnu/ld-linux-x86-64.so.2
7f0ec4d3d000-7f0ec4d48000 r--p 0002c000 08:20 218618                     /usr/lib/x86_64-linux-gnu/ld-linux-x86-64.so.2
7f0ec4d48000-7f0ec4d49000 r--p 00000000 08:20 217874                     /usr/lib/locale/C.utf8/LC_IDENTIFICATION
7f0ec4d49000-7f0ec4d4b000 r--p 00037000 08:20 218618                     /usr/lib/x86_64-linux-gnu/ld-linux-x86-64.so.2
7f0ec4d4b000-7f0ec4d4d000 rw-p 00039000 08:20 218618                     /usr/lib/x86_64-linux-gnu/ld-linux-x86-64.so.2
7ffd2ab9a000-7ffd2abbd000 rw-p 00000000 00:00 0                          [stack]
7ffd2abee000-7ffd2abf2000 r--p 00000000 00:00 0                          [vvar]
7ffd2abf2000-7ffd2abf4000 r-xp 00000000 00:00 0                          [vdso]


VM Arguments:
java_command: /home/cbrissette/cuopt/java/cuopt/target/surefire/surefirebooter-20260707090259251_3.jar /home/cbrissette/cuopt/java/cuopt/target/surefire 2026-07-07T09-02-59_150-jvmRun1 surefire-20260707090259251_1tmp surefire_0-20260707090259251_2tmp
java_class_path (initial): /home/cbrissette/cuopt/java/cuopt/target/surefire/surefirebooter-20260707090259251_3.jar
Launcher Type: SUN_STANDARD

[Global flags]
     intx CICompilerCount                          = 12                                        {product} {ergonomic}
     uint ConcGCThreads                            = 4                                         {product} {ergonomic}
     uint G1ConcRefinementThreads                  = 15                                        {product} {ergonomic}
   size_t G1HeapRegionSize                         = 1048576                                   {product} {ergonomic}
    uintx GCDrainStackTargetSize                   = 64                                        {product} {ergonomic}
   size_t InitialHeapSize                          = 260046848                                 {product} {ergonomic}
   size_t MarkStackSize                            = 4194304                                   {product} {ergonomic}
   size_t MaxHeapSize                              = 4141875200                                {product} {ergonomic}
   size_t MaxNewSize                               = 2485125120                                {product} {ergonomic}
   size_t MinHeapDeltaBytes                        = 1048576                                   {product} {ergonomic}
    uintx NonNMethodCodeHeapSize                   = 7594288                                {pd product} {ergonomic}
    uintx NonProfiledCodeHeapSize                  = 122031976                              {pd product} {ergonomic}
    uintx ProfiledCodeHeapSize                     = 122031976                              {pd product} {ergonomic}
    uintx ReservedCodeCacheSize                    = 251658240                              {pd product} {ergonomic}
     bool SegmentedCodeCache                       = true                                      {product} {ergonomic}
     bool UseCompressedClassPointers               = true                                 {lp64_product} {ergonomic}
     bool UseCompressedOops                        = true                                 {lp64_product} {ergonomic}
     bool UseG1GC                                  = true                                      {product} {ergonomic}

Logging:
Log output configuration:
 #0: stdout all=warning uptime,level,tags
 #1: stderr all=off uptime,level,tags

Environment Variables:
JAVA_HOME=/usr/lib/jvm/java-11-openjdk-amd64
PATH=/usr/lib/jvm/java-11-openjdk-amd64/bin:/home/cbrissette/cuopt/.cuopt_env/bin:/usr/lib/jvm/java-11-openjdk-amd64/bin:/path/to/jdk-11/bin:/home/cbrissette/cuopt/.cuopt_env/bin:/home/cbrissette/miniforge3/condabin:/usr/local/cuda-12/bin:/usr/lib:/lib:/home/cbrissette/.npm-packages/bin:/home/cbrissette/.local/node/bin:/home/cbrissette/.vscode-server/bin/034f571df509819cc10b0c8129f66ef77a542f0e/bin/remote-cli:/usr/local/sbin:/usr/local/bin:/usr/sbin:/usr/bin:/sbin:/bin:/usr/games:/usr/local/games:/usr/lib/wsl/lib:/mnt/c/Program Files/Microsoft VS Code:/mnt/c/Windows/system32:/mnt/c/Windows:/mnt/c/Windows/System32/Wbem:/mnt/c/Windows/System32/WindowsPowerShell/v1.0:/mnt/c/Windows/System32/OpenSSH:/mnt/c/Program Files/dotnet:/mnt/c/Program Files/Microsoft VS Code/bin:/mnt/c/Program Files (x86)/NVIDIA Corporation/PhysX/Common:/mnt/c/Program Files/NVIDIA Corporation/Nsight Compute 2025.1.0:/mnt/c/Program Files/Teleport:/mnt/c/PROGRA~1/cinc/bin:/mnt/c/Program Files/NVInfo/bin:/mnt/c/Program Files/ai-pim-utils:/mnt/c/WINDOWS/system32:/mnt/c/WINDOWS:/mnt/c/WINDOWS/System32/Wbem:/mnt/c/WINDOWS/System32/WindowsPowerShell/v1.0:/mnt/c/WINDOWS/System32/OpenSSH:/mnt/c/Program Files/Teleport Connect/resources/bin:/mnt/c/Users/cbrissette/.local/bin:/mnt/c/Users/cbrissette/AppData/Local/Microsoft/WindowsApps:/mnt/c/Users/cbrissette/AppData/Local/Programs/cursor/resources/app/bin:/mnt/c/Users/cbrissette/AppData/Local/Microsoft/WinGet/Packages/astral-sh.uv_Microsoft.Winget.Source_8wekyb3d8bbwe:/mnt/c/Users/cbrissette/AppData/Local/Microsoft/WindowsApps:/snap/bin:/home/cbrissette/ngc-cli:/home/cbrissette/.local/bin:/usr/local/go/bin
LD_LIBRARY_PATH=/home/cbrissette/cuopt/.cuopt_env/lib:/home/cbrissette/cuopt/java/cuopt/build/native:/home/cbrissette/cuopt/.cuopt_env/lib:/home/cbrissette/cuopt/cpp/build
SHELL=/bin/bash
DISPLAY=:0
HOSTTYPE=x86_64
LANG=C.UTF-8
TERM=xterm-256color

Signal Handlers:
SIGSEGV: [libjvm.so+0xeaead0], sa_mask[0]=11111111011111111101111111111110, sa_flags=SA_RESTART|SA_SIGINFO
SIGBUS: [libjvm.so+0xeaead0], sa_mask[0]=11111111011111111101111111111110, sa_flags=SA_RESTART|SA_SIGINFO
SIGFPE: [libjvm.so+0xeaead0], sa_mask[0]=11111111011111111101111111111110, sa_flags=SA_RESTART|SA_SIGINFO
SIGPIPE: [libjvm.so+0xbf1430], sa_mask[0]=11111111011111111101111111111110, sa_flags=SA_RESTART|SA_SIGINFO
SIGXFSZ: [libjvm.so+0xbf1430], sa_mask[0]=11111111011111111101111111111110, sa_flags=SA_RESTART|SA_SIGINFO
SIGILL: [libjvm.so+0xeaead0], sa_mask[0]=11111111011111111101111111111110, sa_flags=SA_RESTART|SA_SIGINFO
SIGUSR2: [libjvm.so+0xbf12d0], sa_mask[0]=00000000000000000000000000000000, sa_flags=SA_RESTART|SA_SIGINFO
SIGHUP: [libjvm.so+0xbf1a90], sa_mask[0]=11111111011111111101111111111110, sa_flags=SA_RESTART|SA_SIGINFO
SIGINT: [libjvm.so+0xbf1a90], sa_mask[0]=11111111011111111101111111111110, sa_flags=SA_RESTART|SA_SIGINFO
SIGTERM: [libjvm.so+0xbf1a90], sa_mask[0]=11111111011111111101111111111110, sa_flags=SA_RESTART|SA_SIGINFO
SIGQUIT: [libjvm.so+0xbf1a90], sa_mask[0]=11111111011111111101111111111110, sa_flags=SA_RESTART|SA_SIGINFO


---------------  S Y S T E M  ---------------

OS:DISTRIB_ID=Ubuntu
DISTRIB_RELEASE=22.04
DISTRIB_CODENAME=jammy
DISTRIB_DESCRIPTION="Ubuntu 22.04.5 LTS"
uname:Linux 5.15.153.1-microsoft-standard-WSL2 #1 SMP Fri Mar 29 23:14:13 UTC 2024 x86_64
OS uptime: 2 days 16:07 hours
libc:glibc 2.35 NPTL 2.35 
rlimit (soft/hard): STACK 8192k/infinity , CORE 0k/infinity , NPROC 63166/63166 , NOFILE 1048576/1048576 , AS infinity/infinity , CPU infinity/infinity , DATA infinity/infinity , FSIZE infinity/infinity , MEMLOCK 65536k/65536k
load average:0.92 0.38 0.22

/proc/meminfo:
MemTotal:       16177528 kB
MemFree:        10978740 kB
MemAvailable:   11940716 kB
Buffers:           10640 kB
Cached:           963344 kB
SwapCached:        57796 kB
Active:           476540 kB
Inactive:        3837872 kB
Active(anon):      14360 kB
Inactive(anon):  3395324 kB
Active(file):     462180 kB
Inactive(file):   442548 kB
Unevictable:           0 kB
Mlocked:               0 kB
SwapTotal:       4194304 kB
SwapFree:        3716576 kB
Dirty:              4540 kB
Writeback:             0 kB
AnonPages:       3228376 kB
Mapped:           523268 kB
Shmem:             69292 kB
KReclaimable:     389348 kB
Slab:             511468 kB
SReclaimable:     389348 kB
SUnreclaim:       122120 kB
KernelStack:       14752 kB
PageTables:        50184 kB
NFS_Unstable:          0 kB
Bounce:                0 kB
WritebackTmp:          0 kB
CommitLimit:    12283068 kB
Committed_AS:    6693168 kB
VmallocTotal:   34359738367 kB
VmallocUsed:       37832 kB
VmallocChunk:          0 kB
Percpu:            13248 kB
AnonHugePages:   1234944 kB
ShmemHugePages:        0 kB
ShmemPmdMapped:        0 kB
FileHugePages:         0 kB
FilePmdMapped:         0 kB
HugePages_Total:       0
HugePages_Free:        0
HugePages_Rsvd:        0
HugePages_Surp:        0
Hugepagesize:       2048 kB
Hugetlb:               0 kB
DirectMap4k:      402432 kB
DirectMap2M:    13025280 kB
DirectMap1G:    11534336 kB

/sys/kernel/mm/transparent_hugepage/enabled:
[always] madvise never
/sys/kernel/mm/transparent_hugepage/defrag (defrag/compaction efforts parameter):
always defer defer+madvise [madvise] never

Process Memory:
Virtual Size: 42600520K (peak: 42666056K)
Resident Set Size: 489132K (peak: 489132K) (anon: 298392K, file: 125152K, shmem: 65588K)
Swapped out: 0K
C-Heap outstanding allocations: 191829K, retained: 4606K
glibc malloc tunables: (default)

/proc/sys/kernel/threads-max (system-wide limit on the number of threads):
126333
/proc/sys/vm/max_map_count (maximum number of memory map areas a process may have):
65530
/proc/sys/kernel/pid_max (system-wide limit on number of process identifiers):
4194304

container (cgroup) information:
container_type: cgroupv1
cpu_cpuset_cpus: 0-19
cpu_memory_nodes: 0
active_processor_count: 20
cpu_quota: no quota
cpu_period: 100000
cpu_shares: no shares
memory_limit_in_bytes: unlimited
memory_and_swap_limit_in_bytes: unlimited
memory_soft_limit_in_bytes: unlimited
memory_usage_in_bytes: 4201780 k
memory_max_usage_in_bytes: 2211664 k
kernel_memory_usage_in_bytes: 38364 k
kernel_memory_max_usage_in_bytes: unlimited
kernel_memory_limit_in_bytes: 70264 k
maximum number of tasks: not supported
current number of tasks: not supported

Hyper-V virtualization detected
Steal ticks since vm start: 0
Steal ticks percentage since vm start:  0.000

CPU:total 20 (initial active 20) (16 cores per cpu, 2 threads per core) family 6 model 186 stepping 2 microcode 0xffffffff, cmov, cx8, fxsr, mmx, sse, sse2, sse3, ssse3, sse4.1, sse4.2, popcnt, avx, avx2, aes, clmul, erms, 3dnowpref, lzcnt, ht, tsc, tscinvbit, bmi1, bmi2, adx, sha, fma
CPU Model and flags from /proc/cpuinfo:
model name	: 13th Gen Intel(R) Core(TM) i7-13800H
flags		: fpu vme de pse tsc msr pae mce cx8 apic sep mtrr pge mca cmov pat pse36 clflush mmx fxsr sse sse2 ss ht syscall nx pdpe1gb rdtscp lm constant_tsc rep_good nopl xtopology tsc_reliable nonstop_tsc cpuid pni pclmulqdq vmx ssse3 fma cx16 sse4_1 sse4_2 x2apic movbe popcnt tsc_deadline_timer aes xsave avx f16c rdrand hypervisor lahf_lm abm 3dnowprefetch ssbd ibrs ibpb stibp ibrs_enhanced tpr_shadow vnmi ept vpid ept_ad fsgsbase tsc_adjust bmi1 avx2 smep bmi2 erms invpcid rdseed adx smap clflushopt clwb sha_ni xsaveopt xsavec xgetbv1 xsaves avx_vnni umip waitpkg gfni vaes vpclmulqdq rdpid movdiri movdir64b fsrm md_clear serialize flush_l1d arch_capabilities
Online cpus:
0-19
Offline cpus:

BIOS frequency limitation:
<Not Available>
Frequency switch latency (ns):
<Not Available>
Available cpu frequencies:
<Not Available>
Current governor:
<Not Available>
Core performance/turbo boost:
<Not Available>

Memory: 4k page, physical 16177528k(10978740k free), swap 4194304k(3716576k free)

vm_info: OpenJDK 64-Bit Server VM (11.0.24+8-post-Ubuntu-1ubuntu322.04) for linux-amd64 JRE (11.0.24+8-post-Ubuntu-1ubuntu322.04), built on Jul 21 2024 21:19:53 by "unknown" with gcc 11.4.0

END.
