#
# A fatal error has been detected by the Java Runtime Environment:
#
#  SIGBUS (0x7) at pc=0x00007f41ff060c00, pid=101, tid=102
#
# JRE version: OpenJDK Runtime Environment (11.0.24+8) (build 11.0.24+8-post-Ubuntu-1ubuntu322.04)
# Java VM: OpenJDK 64-Bit Server VM (11.0.24+8-post-Ubuntu-1ubuntu322.04, mixed mode, sharing, tiered, compressed oops, g1 gc, linux-amd64)
# Problematic frame:
# C  [libcuopt.so+0x59fc00]  cuopt::linear_programming::problem_and_stream_view_t::~problem_and_stream_view_t()+0x30
#
# Core dump will be written. Default location: Core dumps may be processed with "/wsl-capture-crash %t %E %p %s" (or dumping to /home/cbrissette/cuopt/java/cuopt/core.101)
#
# If you would like to submit a bug report, please visit:
#   https://bugs.launchpad.net/ubuntu/+source/openjdk-lts
# The crash happened outside the Java Virtual Machine in native code.
# See problematic frame for where to report the bug.
#

---------------  S U M M A R Y ------------

Command Line: /home/cbrissette/cuopt/java/cuopt/target/surefire/surefirebooter-20260707090606534_3.jar /home/cbrissette/cuopt/java/cuopt/target/surefire 2026-07-07T09-06-06_415-jvmRun1 surefire-20260707090606534_1tmp surefire_0-20260707090606534_2tmp

Host: 13th Gen Intel(R) Core(TM) i7-13800H, 20 cores, 15G, Ubuntu 22.04.5 LTS
Time: Tue Jul  7 09:06:07 2026 EDT elapsed time: 0.528521 seconds (0d 0h 0m 0s)

---------------  T H R E A D  ---------------

Current thread (0x00007f428c016000):  JavaThread "main" [_thread_in_native, id=102, stack(0x00007f4291069000,0x00007f4291169000)]

Stack: [0x00007f4291069000,0x00007f4291169000],  sp=0x00007f4291164910,  free space=1006k
Native frames: (J=compiled Java code, A=aot compiled Java code, j=interpreted, Vv=VM code, C=native code)
C  [libcuopt.so+0x59fc00]  cuopt::linear_programming::problem_and_stream_view_t::~problem_and_stream_view_t()+0x30

Java frames: (J=compiled Java code, j=interpreted, Vv=VM code)
j  com.nvidia.cuopt.linearprogramming.NativeCuOpt.destroyProblem(J)V+0
j  com.nvidia.cuopt.linearprogramming.DataModel$NativeHandle.run()V+13
J 707 c1 jdk.internal.ref.CleanerImpl$PhantomCleanableRef.performCleanup()V java.base@11.0.24 (10 bytes) @ 0x00007f4275060974 [0x00007f4275060840+0x0000000000000134]
J 706 c1 jdk.internal.ref.PhantomCleanable.clean()V java.base@11.0.24 (16 bytes) @ 0x00007f427505f73c [0x00007f427505f560+0x00000000000001dc]
j  com.nvidia.cuopt.linearprogramming.DataModel.close()V+4
j  com.nvidia.cuopt.linearprogramming.NativeIntegrationTest.mutableDataModelExposesPythonMetadataAndQuadraticFields()V+576
v  ~StubRoutines::call_stub
j  jdk.internal.reflect.NativeMethodAccessorImpl.invoke0(Ljava/lang/reflect/Method;Ljava/lang/Object;[Ljava/lang/Object;)Ljava/lang/Object;+0 java.base@11.0.24
j  jdk.internal.reflect.NativeMethodAccessorImpl.invoke(Ljava/lang/Object;[Ljava/lang/Object;)Ljava/lang/Object;+100 java.base@11.0.24
j  jdk.internal.reflect.DelegatingMethodAccessorImpl.invoke(Ljava/lang/Object;[Ljava/lang/Object;)Ljava/lang/Object;+6 java.base@11.0.24
j  java.lang.reflect.Method.invoke(Ljava/lang/Object;[Ljava/lang/Object;)Ljava/lang/Object;+59 java.base@11.0.24
j  org.junit.platform.commons.util.ReflectionUtils.invokeMethod(Ljava/lang/reflect/Method;Ljava/lang/Object;[Ljava/lang/Object;)Ljava/lang/Object;+42
j  org.junit.jupiter.engine.execution.MethodInvocation.proceed()Ljava/lang/Object;+16
j  org.junit.jupiter.engine.execution.InvocationInterceptorChain$ValidatingInvocation.proceed()Ljava/lang/Object;+8
j  org.junit.jupiter.engine.extension.TimeoutExtension.intercept(Lorg/junit/jupiter/api/extension/InvocationInterceptor$Invocation;Lorg/junit/jupiter/api/extension/ReflectiveInvocationContext;Lorg/junit/jupiter/api/extension/ExtensionContext;Lorg/junit/jupiter/engine/extension/TimeoutDuration;Lorg/junit/jupiter/engine/extension/TimeoutExtension$TimeoutProvider;)Ljava/lang/Object;+28
j  org.junit.jupiter.engine.extension.TimeoutExtension.interceptTestableMethod(Lorg/junit/jupiter/api/extension/InvocationInterceptor$Invocation;Lorg/junit/jupiter/api/extension/ReflectiveInvocationContext;Lorg/junit/jupiter/api/extension/ExtensionContext;Lorg/junit/jupiter/engine/extension/TimeoutExtension$TimeoutProvider;)Ljava/lang/Object;+31
j  org.junit.jupiter.engine.extension.TimeoutExtension.interceptTestMethod(Lorg/junit/jupiter/api/extension/InvocationInterceptor$Invocation;Lorg/junit/jupiter/api/extension/ReflectiveInvocationContext;Lorg/junit/jupiter/api/extension/ExtensionContext;)V+9
j  org.junit.jupiter.engine.descriptor.TestMethodTestDescriptor$$Lambda$189.apply(Lorg/junit/jupiter/api/extension/InvocationInterceptor;Lorg/junit/jupiter/api/extension/InvocationInterceptor$Invocation;Lorg/junit/jupiter/api/extension/ReflectiveInvocationContext;Lorg/junit/jupiter/api/extension/ExtensionContext;)V+5
j  org.junit.jupiter.engine.execution.InterceptingExecutableInvoker$ReflectiveInterceptorCall.lambda$ofVoidMethod$0(Lorg/junit/jupiter/engine/execution/InterceptingExecutableInvoker$ReflectiveInterceptorCall$VoidMethodInterceptorCall;Lorg/junit/jupiter/api/extension/InvocationInterceptor;Lorg/junit/jupiter/api/extension/InvocationInterceptor$Invocation;Lorg/junit/jupiter/api/extension/ReflectiveInvocationContext;Lorg/junit/jupiter/api/extension/ExtensionContext;)Ljava/lang/Void;+6
j  org.junit.jupiter.engine.execution.InterceptingExecutableInvoker$ReflectiveInterceptorCall$$Lambda$190.apply(Lorg/junit/jupiter/api/extension/InvocationInterceptor;Lorg/junit/jupiter/api/extension/InvocationInterceptor$Invocation;Lorg/junit/jupiter/api/extension/ReflectiveInvocationContext;Lorg/junit/jupiter/api/extension/ExtensionContext;)Ljava/lang/Object;+9
j  org.junit.jupiter.engine.execution.InterceptingExecutableInvoker.lambda$invoke$0(Lorg/junit/jupiter/engine/execution/InterceptingExecutableInvoker$ReflectiveInterceptorCall;Lorg/junit/jupiter/api/extension/ReflectiveInvocationContext;Lorg/junit/jupiter/api/extension/ExtensionContext;Lorg/junit/jupiter/api/extension/InvocationInterceptor;Lorg/junit/jupiter/api/extension/InvocationInterceptor$Invocation;)Ljava/lang/Object;+6
j  org.junit.jupiter.engine.execution.InterceptingExecutableInvoker$$Lambda$389.apply(Lorg/junit/jupiter/api/extension/InvocationInterceptor;Lorg/junit/jupiter/api/extension/InvocationInterceptor$Invocation;)Ljava/lang/Object;+14
j  org.junit.jupiter.engine.execution.InvocationInterceptorChain$InterceptedInvocation.proceed()Ljava/lang/Object;+12
j  org.junit.jupiter.engine.execution.InvocationInterceptorChain.proceed(Lorg/junit/jupiter/api/extension/InvocationInterceptor$Invocation;)Ljava/lang/Object;+1
j  org.junit.jupiter.engine.execution.InvocationInterceptorChain.chainAndInvoke(Lorg/junit/jupiter/api/extension/InvocationInterceptor$Invocation;Lorg/junit/jupiter/engine/execution/InvocationInterceptorChain$InterceptorCall;Ljava/util/List;)Ljava/lang/Object;+24
j  org.junit.jupiter.engine.execution.InvocationInterceptorChain.invoke(Lorg/junit/jupiter/api/extension/InvocationInterceptor$Invocation;Lorg/junit/jupiter/engine/extension/ExtensionRegistry;Lorg/junit/jupiter/engine/execution/InvocationInterceptorChain$InterceptorCall;)Ljava/lang/Object;+31
j  org.junit.jupiter.engine.execution.InterceptingExecutableInvoker.invoke(Lorg/junit/jupiter/api/extension/InvocationInterceptor$Invocation;Lorg/junit/jupiter/api/extension/ReflectiveInvocationContext;Lorg/junit/jupiter/api/extension/ExtensionContext;Lorg/junit/jupiter/engine/extension/ExtensionRegistry;Lorg/junit/jupiter/engine/execution/InterceptingExecutableInvoker$ReflectiveInterceptorCall;)Ljava/lang/Object;+15
j  org.junit.jupiter.engine.execution.InterceptingExecutableInvoker.invoke(Ljava/lang/reflect/Method;Ljava/lang/Object;Lorg/junit/jupiter/api/extension/ExtensionContext;Lorg/junit/jupiter/engine/extension/ExtensionRegistry;Lorg/junit/jupiter/engine/execution/InterceptingExecutableInvoker$ReflectiveInterceptorCall;)Ljava/lang/Object;+55
j  org.junit.jupiter.engine.descriptor.TestMethodTestDescriptor.lambda$invokeTestMethod$8(Lorg/junit/jupiter/api/extension/ExtensionContext;Lorg/junit/jupiter/engine/execution/JupiterEngineExecutionContext;)V+28
j  org.junit.jupiter.engine.descriptor.TestMethodTestDescriptor$$Lambda$410.execute()V+12
j  org.junit.platform.engine.support.hierarchical.ThrowableCollector.execute(Lorg/junit/platform/engine/support/hierarchical/ThrowableCollector$Executable;)V+1
j  org.junit.jupiter.engine.descriptor.TestMethodTestDescriptor.invokeTestMethod(Lorg/junit/jupiter/engine/execution/JupiterEngineExecutionContext;Lorg/junit/platform/engine/support/hierarchical/Node$DynamicTestExecutor;)V+21
j  org.junit.jupiter.engine.descriptor.TestMethodTestDescriptor.execute(Lorg/junit/jupiter/engine/execution/JupiterEngineExecutionContext;Lorg/junit/platform/engine/support/hierarchical/Node$DynamicTestExecutor;)Lorg/junit/jupiter/engine/execution/JupiterEngineExecutionContext;+44
j  org.junit.jupiter.engine.descriptor.TestMethodTestDescriptor.execute(Lorg/junit/platform/engine/support/hierarchical/EngineExecutionContext;Lorg/junit/platform/engine/support/hierarchical/Node$DynamicTestExecutor;)Lorg/junit/platform/engine/support/hierarchical/EngineExecutionContext;+6
j  org.junit.platform.engine.support.hierarchical.NodeTestTask.lambda$executeRecursively$6()V+79
j  org.junit.platform.engine.support.hierarchical.NodeTestTask$$Lambda$308.execute()V+4
j  org.junit.platform.engine.support.hierarchical.ThrowableCollector.execute(Lorg/junit/platform/engine/support/hierarchical/ThrowableCollector$Executable;)V+1
j  org.junit.platform.engine.support.hierarchical.NodeTestTask.lambda$executeRecursively$8(Lorg/junit/platform/engine/support/hierarchical/EngineExecutionContext;)V+15
j  org.junit.platform.engine.support.hierarchical.NodeTestTask$$Lambda$307.invoke(Lorg/junit/platform/engine/support/hierarchical/EngineExecutionContext;)V+5
j  org.junit.platform.engine.support.hierarchical.Node.around(Lorg/junit/platform/engine/support/hierarchical/EngineExecutionContext;Lorg/junit/platform/engine/support/hierarchical/Node$Invocation;)V+2
j  org.junit.platform.engine.support.hierarchical.NodeTestTask.lambda$executeRecursively$9()V+14
j  org.junit.platform.engine.support.hierarchical.NodeTestTask$$Lambda$306.execute()V+4
j  org.junit.platform.engine.support.hierarchical.ThrowableCollector.execute(Lorg/junit/platform/engine/support/hierarchical/ThrowableCollector$Executable;)V+1
j  org.junit.platform.engine.support.hierarchical.NodeTestTask.executeRecursively()V+31
j  org.junit.platform.engine.support.hierarchical.NodeTestTask.execute()V+55
j  org.junit.platform.engine.support.hierarchical.SameThreadHierarchicalTestExecutorService$$Lambda$312.accept(Ljava/lang/Object;)V+4
j  java.util.ArrayList.forEach(Ljava/util/function/Consumer;)V+46 java.base@11.0.24
j  org.junit.platform.engine.support.hierarchical.SameThreadHierarchicalTestExecutorService.invokeAll(Ljava/util/List;)V+6
j  org.junit.platform.engine.support.hierarchical.NodeTestTask.lambda$executeRecursively$6()V+116
j  org.junit.platform.engine.support.hierarchical.NodeTestTask$$Lambda$308.execute()V+4
j  org.junit.platform.engine.support.hierarchical.ThrowableCollector.execute(Lorg/junit/platform/engine/support/hierarchical/ThrowableCollector$Executable;)V+1
j  org.junit.platform.engine.support.hierarchical.NodeTestTask.lambda$executeRecursively$8(Lorg/junit/platform/engine/support/hierarchical/EngineExecutionContext;)V+15
j  org.junit.platform.engine.support.hierarchical.NodeTestTask$$Lambda$307.invoke(Lorg/junit/platform/engine/support/hierarchical/EngineExecutionContext;)V+5
j  org.junit.platform.engine.support.hierarchical.Node.around(Lorg/junit/platform/engine/support/hierarchical/EngineExecutionContext;Lorg/junit/platform/engine/support/hierarchical/Node$Invocation;)V+2
j  org.junit.platform.engine.support.hierarchical.NodeTestTask.lambda$executeRecursively$9()V+14
j  org.junit.platform.engine.support.hierarchical.NodeTestTask$$Lambda$306.execute()V+4
j  org.junit.platform.engine.support.hierarchical.ThrowableCollector.execute(Lorg/junit/platform/engine/support/hierarchical/ThrowableCollector$Executable;)V+1
j  org.junit.platform.engine.support.hierarchical.NodeTestTask.executeRecursively()V+31
j  org.junit.platform.engine.support.hierarchical.NodeTestTask.execute()V+55
j  org.junit.platform.engine.support.hierarchical.SameThreadHierarchicalTestExecutorService$$Lambda$312.accept(Ljava/lang/Object;)V+4
j  java.util.ArrayList.forEach(Ljava/util/function/Consumer;)V+46 java.base@11.0.24
j  org.junit.platform.engine.support.hierarchical.SameThreadHierarchicalTestExecutorService.invokeAll(Ljava/util/List;)V+6
j  org.junit.platform.engine.support.hierarchical.NodeTestTask.lambda$executeRecursively$6()V+116
j  org.junit.platform.engine.support.hierarchical.NodeTestTask$$Lambda$308.execute()V+4
j  org.junit.platform.engine.support.hierarchical.ThrowableCollector.execute(Lorg/junit/platform/engine/support/hierarchical/ThrowableCollector$Executable;)V+1
j  org.junit.platform.engine.support.hierarchical.NodeTestTask.lambda$executeRecursively$8(Lorg/junit/platform/engine/support/hierarchical/EngineExecutionContext;)V+15
j  org.junit.platform.engine.support.hierarchical.NodeTestTask$$Lambda$307.invoke(Lorg/junit/platform/engine/support/hierarchical/EngineExecutionContext;)V+5
j  org.junit.platform.engine.support.hierarchical.Node.around(Lorg/junit/platform/engine/support/hierarchical/EngineExecutionContext;Lorg/junit/platform/engine/support/hierarchical/Node$Invocation;)V+2
j  org.junit.platform.engine.support.hierarchical.NodeTestTask.lambda$executeRecursively$9()V+14
j  org.junit.platform.engine.support.hierarchical.NodeTestTask$$Lambda$306.execute()V+4
j  org.junit.platform.engine.support.hierarchical.ThrowableCollector.execute(Lorg/junit/platform/engine/support/hierarchical/ThrowableCollector$Executable;)V+1
j  org.junit.platform.engine.support.hierarchical.NodeTestTask.executeRecursively()V+31
j  org.junit.platform.engine.support.hierarchical.NodeTestTask.execute()V+55
j  org.junit.platform.engine.support.hierarchical.SameThreadHierarchicalTestExecutorService.submit(Lorg/junit/platform/engine/support/hierarchical/HierarchicalTestExecutorService$TestTask;)Ljava/util/concurrent/Future;+1
j  org.junit.platform.engine.support.hierarchical.HierarchicalTestExecutor.execute()Ljava/util/concurrent/Future;+74
j  org.junit.platform.engine.support.hierarchical.HierarchicalTestEngine.execute(Lorg/junit/platform/engine/ExecutionRequest;)V+31
j  org.junit.platform.launcher.core.EngineExecutionOrchestrator.execute(Lorg/junit/platform/engine/TestDescriptor;Lorg/junit/platform/engine/EngineExecutionListener;Lorg/junit/platform/engine/ConfigurationParameters;Lorg/junit/platform/engine/TestEngine;)V+24
j  org.junit.platform.launcher.core.EngineExecutionOrchestrator.execute(Lorg/junit/platform/launcher/core/LauncherDiscoveryResult;Lorg/junit/platform/engine/EngineExecutionListener;)V+115
j  org.junit.platform.launcher.core.EngineExecutionOrchestrator.execute(Lorg/junit/platform/launcher/core/InternalTestPlan;Lorg/junit/platform/engine/EngineExecutionListener;Lorg/junit/platform/launcher/TestExecutionListener;)V+55
j  org.junit.platform.launcher.core.EngineExecutionOrchestrator.lambda$execute$0(Lorg/junit/platform/launcher/core/InternalTestPlan;Lorg/junit/platform/launcher/TestExecutionListener;)V+6
j  org.junit.platform.launcher.core.EngineExecutionOrchestrator$$Lambda$259.accept(Ljava/lang/Object;)V+12
j  org.junit.platform.launcher.core.EngineExecutionOrchestrator.withInterceptedStreams(Lorg/junit/platform/engine/ConfigurationParameters;Lorg/junit/platform/launcher/core/ListenerRegistry;Ljava/util/function/Consumer;)V+51
j  org.junit.platform.launcher.core.EngineExecutionOrchestrator.execute(Lorg/junit/platform/launcher/core/InternalTestPlan;[Lorg/junit/platform/launcher/TestExecutionListener;)V+23
j  org.junit.platform.launcher.core.DefaultLauncher.execute(Lorg/junit/platform/launcher/core/InternalTestPlan;[Lorg/junit/platform/launcher/TestExecutionListener;)V+6
j  org.junit.platform.launcher.core.DefaultLauncher.execute(Lorg/junit/platform/launcher/LauncherDiscoveryRequest;[Lorg/junit/platform/launcher/TestExecutionListener;)V+34
j  org.junit.platform.launcher.core.DelegatingLauncher.execute(Lorg/junit/platform/launcher/LauncherDiscoveryRequest;[Lorg/junit/platform/launcher/TestExecutionListener;)V+6
j  org.apache.maven.surefire.junitplatform.LazyLauncher.execute(Lorg/junit/platform/launcher/LauncherDiscoveryRequest;[Lorg/junit/platform/launcher/TestExecutionListener;)V+6
j  org.apache.maven.surefire.junitplatform.JUnitPlatformProvider.execute(Lorg/apache/maven/surefire/api/util/TestsToRun;Lorg/apache/maven/surefire/junitplatform/RunListenerAdapter;)V+70
j  org.apache.maven.surefire.junitplatform.JUnitPlatformProvider.invokeAllTests(Lorg/apache/maven/surefire/api/util/TestsToRun;Lorg/apache/maven/surefire/junitplatform/RunListenerAdapter;)V+3
j  org.apache.maven.surefire.junitplatform.JUnitPlatformProvider.invoke(Ljava/lang/Object;)Lorg/apache/maven/surefire/api/suite/RunResult;+95
j  org.apache.maven.surefire.booter.ForkedBooter.runSuitesInProcess()V+8
j  org.apache.maven.surefire.booter.ForkedBooter.execute()V+1
j  org.apache.maven.surefire.booter.ForkedBooter.run(Lorg/apache/maven/surefire/booter/ForkedBooter;[Ljava/lang/String;)V+27
j  org.apache.maven.surefire.booter.ForkedBooter.main([Ljava/lang/String;)V+10
v  ~StubRoutines::call_stub

siginfo: si_signo: 7 (SIGBUS), si_code: 128 (SI_KERNEL), si_addr: 0x0000000000000000

Register to memory mapping:

RAX=0x0 is NULL
RBX=0x00007f428cc1eee0 points into unknown readable memory: 0x0000000700000000 | 00 00 00 00 07 00 00 00
RCX=0x0000000000000060 is an unknown value
RDX=0x00007f428c000090 points into unknown readable memory: 0x00007f428d0868b0 | b0 68 08 8d 42 7f 00 00
RSP=0x00007f4291164910 is pointing into the stack for thread: 0x00007f428c016000
RBP=0x696c2f5345474153 is an unknown value
RSI=0x0 is NULL
RDI=0x0 is NULL
R8 ={method} {0x00007f425fc1b9a8} 'destroyProblem' '(J)V' in 'com/nvidia/cuopt/linearprogramming/NativeCuOpt'
R9 =0x0 is NULL
R10=0x00007f41feb23e08: <offset 0x0000000000062e08> in /home/cbrissette/cuopt/.cuopt_env/lib/libcuopt.so at 0x00007f41feac1000
R11=0x00007f41ff060cb0: cuOptDestroyProblem+0x0000000000000000 in /home/cbrissette/cuopt/.cuopt_env/lib/libcuopt.so at 0x00007f41feac1000
R12=0x00007f429286c6d0: __pthread_key_create+0x0000000000000000 in /lib/x86_64-linux-gnu/libc.so.6 at 0x00007f42927d6000
R13={method} {0x00007f425fc1b9a8} 'destroyProblem' '(J)V' in 'com/nvidia/cuopt/linearprogramming/NativeCuOpt'
R14=0x00007f4291164a18 is pointing into the stack for thread: 0x00007f428c016000
R15=0x00007f428c016000 is a thread


Registers:
RAX=0x0000000000000000, RBX=0x00007f428cc1eee0, RCX=0x0000000000000060, RDX=0x00007f428c000090
RSP=0x00007f4291164910, RBP=0x696c2f5345474153, RSI=0x0000000000000000, RDI=0x0000000000000000
R8 =0x00007f425fc1b9a8, R9 =0x0000000000000000, R10=0x00007f41feb23e08, R11=0x00007f41ff060cb0
R12=0x00007f429286c6d0, R13=0x00007f425fc1b9a8, R14=0x00007f4291164a18, R15=0x00007f428c016000
RIP=0x00007f41ff060c00, EFLAGS=0x0000000000010206, CSGSFS=0x002b000000000033, ERR=0x0000000000000000
  TRAPNO=0x000000000000000c

Top of Stack: (sp=0x00007f4291164910)
0x00007f4291164910:   00007f4291164a18 00007f4291164958
0x00007f4291164920:   00007f428cc1eee0 00007f41ff060cce
0x00007f4291164930:   00007f428cc1eee0 00007f428cc1eee0
0x00007f4291164940:   00007f42911649f0 00007f425e361ff8 

Instructions: (pc=0x00007f41ff060c00)
0x00007f41ff060b00:   00 eb d6 0f 1f 44 00 00 48 8b 07 ff 90 38 01 00
0x00007f41ff060b10:   00 eb c6 0f 1f 44 00 00 48 8b 07 ff 90 30 01 00
0x00007f41ff060b20:   00 eb b6 0f 1f 44 00 00 b8 01 00 00 00 5b c3 48
0x00007f41ff060b30:   89 c7 48 89 d0 e9 33 3a d0 ff 66 0f 1f 44 00 00
0x00007f41ff060b40:   48 85 d2 74 3b 48 85 ff 74 36 80 3f 00 75 31 48
0x00007f41ff060b50:   8b 7f 10 48 85 ff 74 28 53 48 89 d3 83 fe 0c 74
0x00007f41ff060b60:   4f 83 fe 10 74 3a 83 fe 0b 75 25 48 8b 07 ff 90
0x00007f41ff060b70:   40 01 00 00 89 03 31 c0 5b c3 66 0f 1f 44 00 00
0x00007f41ff060b80:   b8 01 00 00 00 c3 66 2e 0f 1f 84 00 00 00 00 00
0x00007f41ff060b90:   b8 01 00 00 00 5b c3 66 0f 1f 84 00 00 00 00 00
0x00007f41ff060ba0:   48 8b 07 ff 90 68 01 00 00 eb c9 0f 1f 44 00 00
0x00007f41ff060bb0:   48 8b 07 ff 90 48 01 00 00 eb b9 48 89 c7 48 89
0x00007f41ff060bc0:   d0 e9 c8 39 d0 ff 66 2e 0f 1f 84 00 00 00 00 00
0x00007f41ff060bd0:   55 53 48 89 fb 48 83 ec 08 48 8b 7f 08 48 85 ff
0x00007f41ff060be0:   74 06 48 8b 07 ff 50 08 48 8b 7b 10 48 85 ff 74
0x00007f41ff060bf0:   06 48 8b 07 ff 50 08 48 8b 6b 50 48 85 ed 74 47
0x00007f41ff060c00:   48 8b 45 00 48 8d 15 a5 da e1 ff 48 8b 40 08 48
0x00007f41ff060c10:   39 d0 0f 85 88 00 00 00 48 8b 05 99 70 c4 00 48
0x00007f41ff060c20:   8d 7d 48 48 83 c0 10 48 89 45 00 e8 d0 e0 e1 ff
0x00007f41ff060c30:   48 8d 7d 30 e8 e7 df e1 ff be 60 00 00 00 48 89
0x00007f41ff060c40:   ef ff 15 21 e1 c3 00 48 8b 7b 48 48 85 ff 74 0b
0x00007f41ff060c50:   be 08 00 00 00 ff 15 0d e1 c3 00 48 8b 7b 30 48
0x00007f41ff060c60:   85 ff 74 0d 48 8b 73 40 48 29 fe ff 15 f7 e0 c3
0x00007f41ff060c70:   00 48 8b 7b 18 48 85 ff 74 16 48 8b 73 28 48 83
0x00007f41ff060c80:   c4 08 5b 5d 48 29 fe ff 25 db e0 c3 00 0f 1f 00
0x00007f41ff060c90:   48 83 c4 08 5b 5d c3 66 0f 1f 84 00 00 00 00 00
0x00007f41ff060ca0:   48 89 ef ff d0 eb a0 66 0f 1f 84 00 00 00 00 00
0x00007f41ff060cb0:   48 85 ff 74 3b 55 53 48 89 fb 48 83 ec 08 48 8b
0x00007f41ff060cc0:   2f 48 85 ed 74 1d 48 89 ef e8 02 ff ff ff be 58
0x00007f41ff060cd0:   00 00 00 48 89 ef ff 15 8c e0 c3 00 48 c7 03 00
0x00007f41ff060ce0:   00 00 00 48 83 c4 08 5b 5d c3 66 0f 1f 44 00 00
0x00007f41ff060cf0:   c3 66 2e 0f 1f 84 00 00 00 00 00 0f 1f 44 00 00 


Stack slot to memory mapping:
stack at sp + 0 slots: 0x00007f4291164a18 is pointing into the stack for thread: 0x00007f428c016000
stack at sp + 1 slots: 0x00007f4291164958 is pointing into the stack for thread: 0x00007f428c016000
stack at sp + 2 slots: 0x00007f428cc1eee0 points into unknown readable memory: 0x0000000700000000 | 00 00 00 00 07 00 00 00
stack at sp + 3 slots: 0x00007f41ff060cce: cuOptDestroyProblem+0x000000000000001e in /home/cbrissette/cuopt/.cuopt_env/lib/libcuopt.so at 0x00007f41feac1000
stack at sp + 4 slots: 0x00007f428cc1eee0 points into unknown readable memory: 0x0000000700000000 | 00 00 00 00 07 00 00 00
stack at sp + 5 slots: 0x00007f428cc1eee0 points into unknown readable memory: 0x0000000700000000 | 00 00 00 00 07 00 00 00
stack at sp + 6 slots: 0x00007f42911649f0 is pointing into the stack for thread: 0x00007f428c016000
stack at sp + 7 slots: 0x00007f425e361ff8: Java_com_nvidia_cuopt_linearprogramming_NativeCuOpt_destroyProblem+0x0000000000000098 in /home/cbrissette/cuopt/java/cuopt/build/native/libcuopt_jni.so at 0x00007f425e340000


---------------  P R O C E S S  ---------------

Threads class SMR info:
_java_thread_list=0x00007f428c6b7b30, length=17, elements={
0x00007f428c016000, 0x00007f428c253800, 0x00007f428c255800, 0x00007f428c25d800,
0x00007f428c25f800, 0x00007f428c262000, 0x00007f428c264000, 0x00007f428c266000,
0x00007f423409d800, 0x00007f428c299000, 0x00007f428c3f1800, 0x00007f428c3fe800,
0x00007f42300cd000, 0x00007f423819d000, 0x00007f423819f000, 0x00007f428c6b4000,
0x00007f428c6b6000
}

Java Threads: ( => current thread )
=>0x00007f428c016000 JavaThread "main" [_thread_in_native, id=102, stack(0x00007f4291069000,0x00007f4291169000)]
  0x00007f428c253800 JavaThread "Reference Handler" daemon [_thread_blocked, id=111, stack(0x00007f425f27b000,0x00007f425f37b000)]
  0x00007f428c255800 JavaThread "Finalizer" daemon [_thread_blocked, id=112, stack(0x00007f425f17b000,0x00007f425f27b000)]
  0x00007f428c25d800 JavaThread "Signal Dispatcher" daemon [_thread_blocked, id=113, stack(0x00007f425f07b000,0x00007f425f17b000)]
  0x00007f428c25f800 JavaThread "Service Thread" daemon [_thread_blocked, id=114, stack(0x00007f425ef7b000,0x00007f425f07b000)]
  0x00007f428c262000 JavaThread "C2 CompilerThread0" daemon [_thread_blocked, id=115, stack(0x00007f425ee7b000,0x00007f425ef7b000)]
  0x00007f428c264000 JavaThread "C1 CompilerThread0" daemon [_thread_blocked, id=117, stack(0x00007f425ed7b000,0x00007f425ee7b000)]
  0x00007f428c266000 JavaThread "Sweeper thread" daemon [_thread_blocked, id=118, stack(0x00007f425ec7b000,0x00007f425ed7b000)]
  0x00007f423409d800 JavaThread "C1 CompilerThread1" daemon [_thread_blocked, id=119, stack(0x00007f425eb7b000,0x00007f425ec7b000)]
  0x00007f428c299000 JavaThread "Common-Cleaner" daemon [_thread_blocked, id=121, stack(0x00007f425e97a000,0x00007f425ea7a000)]
  0x00007f428c3f1800 JavaThread "surefire-forkedjvm-stream-flusher" daemon [_thread_blocked, id=122, stack(0x00007f425e87a000,0x00007f425e97a000)]
  0x00007f428c3fe800 JavaThread "surefire-forkedjvm-command-thread" daemon [_thread_in_native, id=123, stack(0x00007f425e77a000,0x00007f425e87a000)]
  0x00007f42300cd000 JavaThread "C2 CompilerThread1" daemon [_thread_blocked, id=124, stack(0x00007f425e67a000,0x00007f425e77a000)]
  0x00007f423819d000 JavaThread "C1 CompilerThread2" daemon [_thread_blocked, id=125, stack(0x00007f425e57a000,0x00007f425e67a000)]
  0x00007f423819f000 JavaThread "C1 CompilerThread3" daemon [_thread_blocked, id=126, stack(0x00007f425e47a000,0x00007f425e57a000)]
  0x00007f428c6b4000 JavaThread "process reaper" daemon [_thread_blocked, id=128, stack(0x00007f4264024000,0x00007f4264046000)]
  0x00007f428c6b6000 JavaThread "Cleaner-0" daemon [_thread_blocked, id=129, stack(0x00007f425e37a000,0x00007f425e47a000)]

Other Threads:
  0x00007f428c250800 VMThread "VM Thread" [stack: 0x00007f425f37c000,0x00007f425f47c000] [id=110]
  0x00007f428c296800 WatcherThread [stack: 0x00007f425ea7b000,0x00007f425eb7b000] [id=120]
  0x00007f428c030000 GCTaskThread "GC Thread#0" [stack: 0x00007f4290d2f000,0x00007f4290e2f000] [id=103]
  0x00007f428c08d800 ConcurrentGCThread "G1 Main Marker" [stack: 0x00007f42742d7000,0x00007f42743d7000] [id=104]
  0x00007f428c08f800 ConcurrentGCThread "G1 Conc#0" [stack: 0x00007f42741d6000,0x00007f42742d6000] [id=105]
  0x00007f428c1ab000 ConcurrentGCThread "G1 Refine#0" [stack: 0x00007f425fdff000,0x00007f425feff000] [id=108]
  0x00007f428c1ac800 ConcurrentGCThread "G1 Young RemSet Sampling" [stack: 0x00007f425fcfe000,0x00007f425fdfe000] [id=109]

Threads with active compile tasks:

VM state:not at safepoint (normal execution)

VM Mutex/Monitor currently owned by a thread: None

Heap address: 0x0000000709200000, size: 3950 MB, Compressed Oops mode: Zero based, Oop shift amount: 3
Narrow klass base: 0x0000000800000000, Narrow klass shift: 3
Compressed class space size: 1073741824 Address: 0x0000000840000000

Heap:
 garbage-first heap   total 256000K, used 21200K [0x0000000709200000, 0x0000000800000000)
  region size 1024K, 22 young (22528K), 0 survivors (0K)
 Metaspace       used 6868K, capacity 8529K, committed 8704K, reserved 1056768K
  class space    used 842K, capacity 1167K, committed 1280K, reserved 1048576K
Heap Regions: E=young(eden), S=young(survivor), O=old, HS=humongous(starts), HC=humongous(continues), CS=collection set, F=free, A=archive, TAMS=top-at-mark-start (previous, next)
|   0|0x0000000709200000, 0x0000000709200000, 0x0000000709300000|  0%| F|  |TAMS 0x0000000709200000, 0x0000000709200000| Untracked 
|   1|0x0000000709300000, 0x0000000709300000, 0x0000000709400000|  0%| F|  |TAMS 0x0000000709300000, 0x0000000709300000| Untracked 
|   2|0x0000000709400000, 0x0000000709400000, 0x0000000709500000|  0%| F|  |TAMS 0x0000000709400000, 0x0000000709400000| Untracked 
|   3|0x0000000709500000, 0x0000000709500000, 0x0000000709600000|  0%| F|  |TAMS 0x0000000709500000, 0x0000000709500000| Untracked 
|   4|0x0000000709600000, 0x0000000709600000, 0x0000000709700000|  0%| F|  |TAMS 0x0000000709600000, 0x0000000709600000| Untracked 
|   5|0x0000000709700000, 0x0000000709700000, 0x0000000709800000|  0%| F|  |TAMS 0x0000000709700000, 0x0000000709700000| Untracked 
|   6|0x0000000709800000, 0x0000000709800000, 0x0000000709900000|  0%| F|  |TAMS 0x0000000709800000, 0x0000000709800000| Untracked 
|   7|0x0000000709900000, 0x0000000709900000, 0x0000000709a00000|  0%| F|  |TAMS 0x0000000709900000, 0x0000000709900000| Untracked 
|   8|0x0000000709a00000, 0x0000000709a00000, 0x0000000709b00000|  0%| F|  |TAMS 0x0000000709a00000, 0x0000000709a00000| Untracked 
|   9|0x0000000709b00000, 0x0000000709b00000, 0x0000000709c00000|  0%| F|  |TAMS 0x0000000709b00000, 0x0000000709b00000| Untracked 
|  10|0x0000000709c00000, 0x0000000709c00000, 0x0000000709d00000|  0%| F|  |TAMS 0x0000000709c00000, 0x0000000709c00000| Untracked 
|  11|0x0000000709d00000, 0x0000000709d00000, 0x0000000709e00000|  0%| F|  |TAMS 0x0000000709d00000, 0x0000000709d00000| Untracked 
|  12|0x0000000709e00000, 0x0000000709e00000, 0x0000000709f00000|  0%| F|  |TAMS 0x0000000709e00000, 0x0000000709e00000| Untracked 
|  13|0x0000000709f00000, 0x0000000709f00000, 0x000000070a000000|  0%| F|  |TAMS 0x0000000709f00000, 0x0000000709f00000| Untracked 
|  14|0x000000070a000000, 0x000000070a000000, 0x000000070a100000|  0%| F|  |TAMS 0x000000070a000000, 0x000000070a000000| Untracked 
|  15|0x000000070a100000, 0x000000070a100000, 0x000000070a200000|  0%| F|  |TAMS 0x000000070a100000, 0x000000070a100000| Untracked 
|  16|0x000000070a200000, 0x000000070a200000, 0x000000070a300000|  0%| F|  |TAMS 0x000000070a200000, 0x000000070a200000| Untracked 
|  17|0x000000070a300000, 0x000000070a300000, 0x000000070a400000|  0%| F|  |TAMS 0x000000070a300000, 0x000000070a300000| Untracked 
|  18|0x000000070a400000, 0x000000070a400000, 0x000000070a500000|  0%| F|  |TAMS 0x000000070a400000, 0x000000070a400000| Untracked 
|  19|0x000000070a500000, 0x000000070a500000, 0x000000070a600000|  0%| F|  |TAMS 0x000000070a500000, 0x000000070a500000| Untracked 
|  20|0x000000070a600000, 0x000000070a600000, 0x000000070a700000|  0%| F|  |TAMS 0x000000070a600000, 0x000000070a600000| Untracked 
|  21|0x000000070a700000, 0x000000070a700000, 0x000000070a800000|  0%| F|  |TAMS 0x000000070a700000, 0x000000070a700000| Untracked 
|  22|0x000000070a800000, 0x000000070a800000, 0x000000070a900000|  0%| F|  |TAMS 0x000000070a800000, 0x000000070a800000| Untracked 
|  23|0x000000070a900000, 0x000000070a900000, 0x000000070aa00000|  0%| F|  |TAMS 0x000000070a900000, 0x000000070a900000| Untracked 
|  24|0x000000070aa00000, 0x000000070aa00000, 0x000000070ab00000|  0%| F|  |TAMS 0x000000070aa00000, 0x000000070aa00000| Untracked 
|  25|0x000000070ab00000, 0x000000070ab00000, 0x000000070ac00000|  0%| F|  |TAMS 0x000000070ab00000, 0x000000070ab00000| Untracked 
|  26|0x000000070ac00000, 0x000000070ac00000, 0x000000070ad00000|  0%| F|  |TAMS 0x000000070ac00000, 0x000000070ac00000| Untracked 
|  27|0x000000070ad00000, 0x000000070ad00000, 0x000000070ae00000|  0%| F|  |TAMS 0x000000070ad00000, 0x000000070ad00000| Untracked 
|  28|0x000000070ae00000, 0x000000070ae00000, 0x000000070af00000|  0%| F|  |TAMS 0x000000070ae00000, 0x000000070ae00000| Untracked 
|  29|0x000000070af00000, 0x000000070af00000, 0x000000070b000000|  0%| F|  |TAMS 0x000000070af00000, 0x000000070af00000| Untracked 
|  30|0x000000070b000000, 0x000000070b000000, 0x000000070b100000|  0%| F|  |TAMS 0x000000070b000000, 0x000000070b000000| Untracked 
|  31|0x000000070b100000, 0x000000070b100000, 0x000000070b200000|  0%| F|  |TAMS 0x000000070b100000, 0x000000070b100000| Untracked 
|  32|0x000000070b200000, 0x000000070b200000, 0x000000070b300000|  0%| F|  |TAMS 0x000000070b200000, 0x000000070b200000| Untracked 
|  33|0x000000070b300000, 0x000000070b300000, 0x000000070b400000|  0%| F|  |TAMS 0x000000070b300000, 0x000000070b300000| Untracked 
|  34|0x000000070b400000, 0x000000070b400000, 0x000000070b500000|  0%| F|  |TAMS 0x000000070b400000, 0x000000070b400000| Untracked 
|  35|0x000000070b500000, 0x000000070b500000, 0x000000070b600000|  0%| F|  |TAMS 0x000000070b500000, 0x000000070b500000| Untracked 
|  36|0x000000070b600000, 0x000000070b600000, 0x000000070b700000|  0%| F|  |TAMS 0x000000070b600000, 0x000000070b600000| Untracked 
|  37|0x000000070b700000, 0x000000070b700000, 0x000000070b800000|  0%| F|  |TAMS 0x000000070b700000, 0x000000070b700000| Untracked 
|  38|0x000000070b800000, 0x000000070b800000, 0x000000070b900000|  0%| F|  |TAMS 0x000000070b800000, 0x000000070b800000| Untracked 
|  39|0x000000070b900000, 0x000000070b900000, 0x000000070ba00000|  0%| F|  |TAMS 0x000000070b900000, 0x000000070b900000| Untracked 
|  40|0x000000070ba00000, 0x000000070ba00000, 0x000000070bb00000|  0%| F|  |TAMS 0x000000070ba00000, 0x000000070ba00000| Untracked 
|  41|0x000000070bb00000, 0x000000070bb00000, 0x000000070bc00000|  0%| F|  |TAMS 0x000000070bb00000, 0x000000070bb00000| Untracked 
|  42|0x000000070bc00000, 0x000000070bc00000, 0x000000070bd00000|  0%| F|  |TAMS 0x000000070bc00000, 0x000000070bc00000| Untracked 
|  43|0x000000070bd00000, 0x000000070bd00000, 0x000000070be00000|  0%| F|  |TAMS 0x000000070bd00000, 0x000000070bd00000| Untracked 
|  44|0x000000070be00000, 0x000000070be00000, 0x000000070bf00000|  0%| F|  |TAMS 0x000000070be00000, 0x000000070be00000| Untracked 
|  45|0x000000070bf00000, 0x000000070bf00000, 0x000000070c000000|  0%| F|  |TAMS 0x000000070bf00000, 0x000000070bf00000| Untracked 
|  46|0x000000070c000000, 0x000000070c000000, 0x000000070c100000|  0%| F|  |TAMS 0x000000070c000000, 0x000000070c000000| Untracked 
|  47|0x000000070c100000, 0x000000070c100000, 0x000000070c200000|  0%| F|  |TAMS 0x000000070c100000, 0x000000070c100000| Untracked 
|  48|0x000000070c200000, 0x000000070c200000, 0x000000070c300000|  0%| F|  |TAMS 0x000000070c200000, 0x000000070c200000| Untracked 
|  49|0x000000070c300000, 0x000000070c300000, 0x000000070c400000|  0%| F|  |TAMS 0x000000070c300000, 0x000000070c300000| Untracked 
|  50|0x000000070c400000, 0x000000070c400000, 0x000000070c500000|  0%| F|  |TAMS 0x000000070c400000, 0x000000070c400000| Untracked 
|  51|0x000000070c500000, 0x000000070c500000, 0x000000070c600000|  0%| F|  |TAMS 0x000000070c500000, 0x000000070c500000| Untracked 
|  52|0x000000070c600000, 0x000000070c600000, 0x000000070c700000|  0%| F|  |TAMS 0x000000070c600000, 0x000000070c600000| Untracked 
|  53|0x000000070c700000, 0x000000070c700000, 0x000000070c800000|  0%| F|  |TAMS 0x000000070c700000, 0x000000070c700000| Untracked 
|  54|0x000000070c800000, 0x000000070c800000, 0x000000070c900000|  0%| F|  |TAMS 0x000000070c800000, 0x000000070c800000| Untracked 
|  55|0x000000070c900000, 0x000000070c900000, 0x000000070ca00000|  0%| F|  |TAMS 0x000000070c900000, 0x000000070c900000| Untracked 
|  56|0x000000070ca00000, 0x000000070ca00000, 0x000000070cb00000|  0%| F|  |TAMS 0x000000070ca00000, 0x000000070ca00000| Untracked 
|  57|0x000000070cb00000, 0x000000070cb00000, 0x000000070cc00000|  0%| F|  |TAMS 0x000000070cb00000, 0x000000070cb00000| Untracked 
|  58|0x000000070cc00000, 0x000000070cc00000, 0x000000070cd00000|  0%| F|  |TAMS 0x000000070cc00000, 0x000000070cc00000| Untracked 
|  59|0x000000070cd00000, 0x000000070cd00000, 0x000000070ce00000|  0%| F|  |TAMS 0x000000070cd00000, 0x000000070cd00000| Untracked 
|  60|0x000000070ce00000, 0x000000070ce00000, 0x000000070cf00000|  0%| F|  |TAMS 0x000000070ce00000, 0x000000070ce00000| Untracked 
|  61|0x000000070cf00000, 0x000000070cf00000, 0x000000070d000000|  0%| F|  |TAMS 0x000000070cf00000, 0x000000070cf00000| Untracked 
|  62|0x000000070d000000, 0x000000070d000000, 0x000000070d100000|  0%| F|  |TAMS 0x000000070d000000, 0x000000070d000000| Untracked 
|  63|0x000000070d100000, 0x000000070d100000, 0x000000070d200000|  0%| F|  |TAMS 0x000000070d100000, 0x000000070d100000| Untracked 
|  64|0x000000070d200000, 0x000000070d200000, 0x000000070d300000|  0%| F|  |TAMS 0x000000070d200000, 0x000000070d200000| Untracked 
|  65|0x000000070d300000, 0x000000070d300000, 0x000000070d400000|  0%| F|  |TAMS 0x000000070d300000, 0x000000070d300000| Untracked 
|  66|0x000000070d400000, 0x000000070d400000, 0x000000070d500000|  0%| F|  |TAMS 0x000000070d400000, 0x000000070d400000| Untracked 
|  67|0x000000070d500000, 0x000000070d500000, 0x000000070d600000|  0%| F|  |TAMS 0x000000070d500000, 0x000000070d500000| Untracked 
|  68|0x000000070d600000, 0x000000070d600000, 0x000000070d700000|  0%| F|  |TAMS 0x000000070d600000, 0x000000070d600000| Untracked 
|  69|0x000000070d700000, 0x000000070d700000, 0x000000070d800000|  0%| F|  |TAMS 0x000000070d700000, 0x000000070d700000| Untracked 
|  70|0x000000070d800000, 0x000000070d800000, 0x000000070d900000|  0%| F|  |TAMS 0x000000070d800000, 0x000000070d800000| Untracked 
|  71|0x000000070d900000, 0x000000070d900000, 0x000000070da00000|  0%| F|  |TAMS 0x000000070d900000, 0x000000070d900000| Untracked 
|  72|0x000000070da00000, 0x000000070da00000, 0x000000070db00000|  0%| F|  |TAMS 0x000000070da00000, 0x000000070da00000| Untracked 
|  73|0x000000070db00000, 0x000000070db00000, 0x000000070dc00000|  0%| F|  |TAMS 0x000000070db00000, 0x000000070db00000| Untracked 
|  74|0x000000070dc00000, 0x000000070dc00000, 0x000000070dd00000|  0%| F|  |TAMS 0x000000070dc00000, 0x000000070dc00000| Untracked 
|  75|0x000000070dd00000, 0x000000070dd00000, 0x000000070de00000|  0%| F|  |TAMS 0x000000070dd00000, 0x000000070dd00000| Untracked 
|  76|0x000000070de00000, 0x000000070de00000, 0x000000070df00000|  0%| F|  |TAMS 0x000000070de00000, 0x000000070de00000| Untracked 
|  77|0x000000070df00000, 0x000000070df00000, 0x000000070e000000|  0%| F|  |TAMS 0x000000070df00000, 0x000000070df00000| Untracked 
|  78|0x000000070e000000, 0x000000070e000000, 0x000000070e100000|  0%| F|  |TAMS 0x000000070e000000, 0x000000070e000000| Untracked 
|  79|0x000000070e100000, 0x000000070e100000, 0x000000070e200000|  0%| F|  |TAMS 0x000000070e100000, 0x000000070e100000| Untracked 
|  80|0x000000070e200000, 0x000000070e200000, 0x000000070e300000|  0%| F|  |TAMS 0x000000070e200000, 0x000000070e200000| Untracked 
|  81|0x000000070e300000, 0x000000070e300000, 0x000000070e400000|  0%| F|  |TAMS 0x000000070e300000, 0x000000070e300000| Untracked 
|  82|0x000000070e400000, 0x000000070e400000, 0x000000070e500000|  0%| F|  |TAMS 0x000000070e400000, 0x000000070e400000| Untracked 
|  83|0x000000070e500000, 0x000000070e500000, 0x000000070e600000|  0%| F|  |TAMS 0x000000070e500000, 0x000000070e500000| Untracked 
|  84|0x000000070e600000, 0x000000070e600000, 0x000000070e700000|  0%| F|  |TAMS 0x000000070e600000, 0x000000070e600000| Untracked 
|  85|0x000000070e700000, 0x000000070e700000, 0x000000070e800000|  0%| F|  |TAMS 0x000000070e700000, 0x000000070e700000| Untracked 
|  86|0x000000070e800000, 0x000000070e800000, 0x000000070e900000|  0%| F|  |TAMS 0x000000070e800000, 0x000000070e800000| Untracked 
|  87|0x000000070e900000, 0x000000070e900000, 0x000000070ea00000|  0%| F|  |TAMS 0x000000070e900000, 0x000000070e900000| Untracked 
|  88|0x000000070ea00000, 0x000000070ea00000, 0x000000070eb00000|  0%| F|  |TAMS 0x000000070ea00000, 0x000000070ea00000| Untracked 
|  89|0x000000070eb00000, 0x000000070eb00000, 0x000000070ec00000|  0%| F|  |TAMS 0x000000070eb00000, 0x000000070eb00000| Untracked 
|  90|0x000000070ec00000, 0x000000070ec00000, 0x000000070ed00000|  0%| F|  |TAMS 0x000000070ec00000, 0x000000070ec00000| Untracked 
|  91|0x000000070ed00000, 0x000000070ed00000, 0x000000070ee00000|  0%| F|  |TAMS 0x000000070ed00000, 0x000000070ed00000| Untracked 
|  92|0x000000070ee00000, 0x000000070ee00000, 0x000000070ef00000|  0%| F|  |TAMS 0x000000070ee00000, 0x000000070ee00000| Untracked 
|  93|0x000000070ef00000, 0x000000070ef00000, 0x000000070f000000|  0%| F|  |TAMS 0x000000070ef00000, 0x000000070ef00000| Untracked 
|  94|0x000000070f000000, 0x000000070f000000, 0x000000070f100000|  0%| F|  |TAMS 0x000000070f000000, 0x000000070f000000| Untracked 
|  95|0x000000070f100000, 0x000000070f100000, 0x000000070f200000|  0%| F|  |TAMS 0x000000070f100000, 0x000000070f100000| Untracked 
|  96|0x000000070f200000, 0x000000070f200000, 0x000000070f300000|  0%| F|  |TAMS 0x000000070f200000, 0x000000070f200000| Untracked 
|  97|0x000000070f300000, 0x000000070f300000, 0x000000070f400000|  0%| F|  |TAMS 0x000000070f300000, 0x000000070f300000| Untracked 
|  98|0x000000070f400000, 0x000000070f400000, 0x000000070f500000|  0%| F|  |TAMS 0x000000070f400000, 0x000000070f400000| Untracked 
|  99|0x000000070f500000, 0x000000070f500000, 0x000000070f600000|  0%| F|  |TAMS 0x000000070f500000, 0x000000070f500000| Untracked 
| 100|0x000000070f600000, 0x000000070f600000, 0x000000070f700000|  0%| F|  |TAMS 0x000000070f600000, 0x000000070f600000| Untracked 
| 101|0x000000070f700000, 0x000000070f700000, 0x000000070f800000|  0%| F|  |TAMS 0x000000070f700000, 0x000000070f700000| Untracked 
| 102|0x000000070f800000, 0x000000070f800000, 0x000000070f900000|  0%| F|  |TAMS 0x000000070f800000, 0x000000070f800000| Untracked 
| 103|0x000000070f900000, 0x000000070f900000, 0x000000070fa00000|  0%| F|  |TAMS 0x000000070f900000, 0x000000070f900000| Untracked 
| 104|0x000000070fa00000, 0x000000070fa00000, 0x000000070fb00000|  0%| F|  |TAMS 0x000000070fa00000, 0x000000070fa00000| Untracked 
| 105|0x000000070fb00000, 0x000000070fb00000, 0x000000070fc00000|  0%| F|  |TAMS 0x000000070fb00000, 0x000000070fb00000| Untracked 
| 106|0x000000070fc00000, 0x000000070fc00000, 0x000000070fd00000|  0%| F|  |TAMS 0x000000070fc00000, 0x000000070fc00000| Untracked 
| 107|0x000000070fd00000, 0x000000070fd00000, 0x000000070fe00000|  0%| F|  |TAMS 0x000000070fd00000, 0x000000070fd00000| Untracked 
| 108|0x000000070fe00000, 0x000000070fe00000, 0x000000070ff00000|  0%| F|  |TAMS 0x000000070fe00000, 0x000000070fe00000| Untracked 
| 109|0x000000070ff00000, 0x000000070ff00000, 0x0000000710000000|  0%| F|  |TAMS 0x000000070ff00000, 0x000000070ff00000| Untracked 
| 110|0x0000000710000000, 0x0000000710000000, 0x0000000710100000|  0%| F|  |TAMS 0x0000000710000000, 0x0000000710000000| Untracked 
| 111|0x0000000710100000, 0x0000000710100000, 0x0000000710200000|  0%| F|  |TAMS 0x0000000710100000, 0x0000000710100000| Untracked 
| 112|0x0000000710200000, 0x0000000710200000, 0x0000000710300000|  0%| F|  |TAMS 0x0000000710200000, 0x0000000710200000| Untracked 
| 113|0x0000000710300000, 0x0000000710300000, 0x0000000710400000|  0%| F|  |TAMS 0x0000000710300000, 0x0000000710300000| Untracked 
| 114|0x0000000710400000, 0x0000000710400000, 0x0000000710500000|  0%| F|  |TAMS 0x0000000710400000, 0x0000000710400000| Untracked 
| 115|0x0000000710500000, 0x0000000710500000, 0x0000000710600000|  0%| F|  |TAMS 0x0000000710500000, 0x0000000710500000| Untracked 
| 116|0x0000000710600000, 0x0000000710600000, 0x0000000710700000|  0%| F|  |TAMS 0x0000000710600000, 0x0000000710600000| Untracked 
| 117|0x0000000710700000, 0x0000000710700000, 0x0000000710800000|  0%| F|  |TAMS 0x0000000710700000, 0x0000000710700000| Untracked 
| 118|0x0000000710800000, 0x0000000710800000, 0x0000000710900000|  0%| F|  |TAMS 0x0000000710800000, 0x0000000710800000| Untracked 
| 119|0x0000000710900000, 0x0000000710900000, 0x0000000710a00000|  0%| F|  |TAMS 0x0000000710900000, 0x0000000710900000| Untracked 
| 120|0x0000000710a00000, 0x0000000710a00000, 0x0000000710b00000|  0%| F|  |TAMS 0x0000000710a00000, 0x0000000710a00000| Untracked 
| 121|0x0000000710b00000, 0x0000000710b00000, 0x0000000710c00000|  0%| F|  |TAMS 0x0000000710b00000, 0x0000000710b00000| Untracked 
| 122|0x0000000710c00000, 0x0000000710c00000, 0x0000000710d00000|  0%| F|  |TAMS 0x0000000710c00000, 0x0000000710c00000| Untracked 
| 123|0x0000000710d00000, 0x0000000710d00000, 0x0000000710e00000|  0%| F|  |TAMS 0x0000000710d00000, 0x0000000710d00000| Untracked 
| 124|0x0000000710e00000, 0x0000000710e00000, 0x0000000710f00000|  0%| F|  |TAMS 0x0000000710e00000, 0x0000000710e00000| Untracked 
| 125|0x0000000710f00000, 0x0000000710f00000, 0x0000000711000000|  0%| F|  |TAMS 0x0000000710f00000, 0x0000000710f00000| Untracked 
| 126|0x0000000711000000, 0x0000000711000000, 0x0000000711100000|  0%| F|  |TAMS 0x0000000711000000, 0x0000000711000000| Untracked 
| 127|0x0000000711100000, 0x0000000711100000, 0x0000000711200000|  0%| F|  |TAMS 0x0000000711100000, 0x0000000711100000| Untracked 
| 128|0x0000000711200000, 0x0000000711200000, 0x0000000711300000|  0%| F|  |TAMS 0x0000000711200000, 0x0000000711200000| Untracked 
| 129|0x0000000711300000, 0x0000000711300000, 0x0000000711400000|  0%| F|  |TAMS 0x0000000711300000, 0x0000000711300000| Untracked 
| 130|0x0000000711400000, 0x0000000711400000, 0x0000000711500000|  0%| F|  |TAMS 0x0000000711400000, 0x0000000711400000| Untracked 
| 131|0x0000000711500000, 0x0000000711500000, 0x0000000711600000|  0%| F|  |TAMS 0x0000000711500000, 0x0000000711500000| Untracked 
| 132|0x0000000711600000, 0x0000000711600000, 0x0000000711700000|  0%| F|  |TAMS 0x0000000711600000, 0x0000000711600000| Untracked 
| 133|0x0000000711700000, 0x0000000711700000, 0x0000000711800000|  0%| F|  |TAMS 0x0000000711700000, 0x0000000711700000| Untracked 
| 134|0x0000000711800000, 0x0000000711800000, 0x0000000711900000|  0%| F|  |TAMS 0x0000000711800000, 0x0000000711800000| Untracked 
| 135|0x0000000711900000, 0x0000000711900000, 0x0000000711a00000|  0%| F|  |TAMS 0x0000000711900000, 0x0000000711900000| Untracked 
| 136|0x0000000711a00000, 0x0000000711a00000, 0x0000000711b00000|  0%| F|  |TAMS 0x0000000711a00000, 0x0000000711a00000| Untracked 
| 137|0x0000000711b00000, 0x0000000711b00000, 0x0000000711c00000|  0%| F|  |TAMS 0x0000000711b00000, 0x0000000711b00000| Untracked 
| 138|0x0000000711c00000, 0x0000000711c00000, 0x0000000711d00000|  0%| F|  |TAMS 0x0000000711c00000, 0x0000000711c00000| Untracked 
| 139|0x0000000711d00000, 0x0000000711d00000, 0x0000000711e00000|  0%| F|  |TAMS 0x0000000711d00000, 0x0000000711d00000| Untracked 
| 140|0x0000000711e00000, 0x0000000711e00000, 0x0000000711f00000|  0%| F|  |TAMS 0x0000000711e00000, 0x0000000711e00000| Untracked 
| 141|0x0000000711f00000, 0x0000000711f00000, 0x0000000712000000|  0%| F|  |TAMS 0x0000000711f00000, 0x0000000711f00000| Untracked 
| 142|0x0000000712000000, 0x0000000712000000, 0x0000000712100000|  0%| F|  |TAMS 0x0000000712000000, 0x0000000712000000| Untracked 
| 143|0x0000000712100000, 0x0000000712100000, 0x0000000712200000|  0%| F|  |TAMS 0x0000000712100000, 0x0000000712100000| Untracked 
| 144|0x0000000712200000, 0x0000000712200000, 0x0000000712300000|  0%| F|  |TAMS 0x0000000712200000, 0x0000000712200000| Untracked 
| 145|0x0000000712300000, 0x0000000712300000, 0x0000000712400000|  0%| F|  |TAMS 0x0000000712300000, 0x0000000712300000| Untracked 
| 146|0x0000000712400000, 0x0000000712400000, 0x0000000712500000|  0%| F|  |TAMS 0x0000000712400000, 0x0000000712400000| Untracked 
| 147|0x0000000712500000, 0x0000000712500000, 0x0000000712600000|  0%| F|  |TAMS 0x0000000712500000, 0x0000000712500000| Untracked 
| 148|0x0000000712600000, 0x0000000712600000, 0x0000000712700000|  0%| F|  |TAMS 0x0000000712600000, 0x0000000712600000| Untracked 
| 149|0x0000000712700000, 0x0000000712700000, 0x0000000712800000|  0%| F|  |TAMS 0x0000000712700000, 0x0000000712700000| Untracked 
| 150|0x0000000712800000, 0x0000000712800000, 0x0000000712900000|  0%| F|  |TAMS 0x0000000712800000, 0x0000000712800000| Untracked 
| 151|0x0000000712900000, 0x0000000712900000, 0x0000000712a00000|  0%| F|  |TAMS 0x0000000712900000, 0x0000000712900000| Untracked 
| 152|0x0000000712a00000, 0x0000000712a00000, 0x0000000712b00000|  0%| F|  |TAMS 0x0000000712a00000, 0x0000000712a00000| Untracked 
| 153|0x0000000712b00000, 0x0000000712b00000, 0x0000000712c00000|  0%| F|  |TAMS 0x0000000712b00000, 0x0000000712b00000| Untracked 
| 154|0x0000000712c00000, 0x0000000712c00000, 0x0000000712d00000|  0%| F|  |TAMS 0x0000000712c00000, 0x0000000712c00000| Untracked 
| 155|0x0000000712d00000, 0x0000000712d00000, 0x0000000712e00000|  0%| F|  |TAMS 0x0000000712d00000, 0x0000000712d00000| Untracked 
| 156|0x0000000712e00000, 0x0000000712e00000, 0x0000000712f00000|  0%| F|  |TAMS 0x0000000712e00000, 0x0000000712e00000| Untracked 
| 157|0x0000000712f00000, 0x0000000712f00000, 0x0000000713000000|  0%| F|  |TAMS 0x0000000712f00000, 0x0000000712f00000| Untracked 
| 158|0x0000000713000000, 0x0000000713000000, 0x0000000713100000|  0%| F|  |TAMS 0x0000000713000000, 0x0000000713000000| Untracked 
| 159|0x0000000713100000, 0x0000000713100000, 0x0000000713200000|  0%| F|  |TAMS 0x0000000713100000, 0x0000000713100000| Untracked 
| 160|0x0000000713200000, 0x0000000713200000, 0x0000000713300000|  0%| F|  |TAMS 0x0000000713200000, 0x0000000713200000| Untracked 
| 161|0x0000000713300000, 0x0000000713300000, 0x0000000713400000|  0%| F|  |TAMS 0x0000000713300000, 0x0000000713300000| Untracked 
| 162|0x0000000713400000, 0x0000000713400000, 0x0000000713500000|  0%| F|  |TAMS 0x0000000713400000, 0x0000000713400000| Untracked 
| 163|0x0000000713500000, 0x0000000713500000, 0x0000000713600000|  0%| F|  |TAMS 0x0000000713500000, 0x0000000713500000| Untracked 
| 164|0x0000000713600000, 0x0000000713600000, 0x0000000713700000|  0%| F|  |TAMS 0x0000000713600000, 0x0000000713600000| Untracked 
| 165|0x0000000713700000, 0x0000000713700000, 0x0000000713800000|  0%| F|  |TAMS 0x0000000713700000, 0x0000000713700000| Untracked 
| 166|0x0000000713800000, 0x0000000713800000, 0x0000000713900000|  0%| F|  |TAMS 0x0000000713800000, 0x0000000713800000| Untracked 
| 167|0x0000000713900000, 0x0000000713900000, 0x0000000713a00000|  0%| F|  |TAMS 0x0000000713900000, 0x0000000713900000| Untracked 
| 168|0x0000000713a00000, 0x0000000713a00000, 0x0000000713b00000|  0%| F|  |TAMS 0x0000000713a00000, 0x0000000713a00000| Untracked 
| 169|0x0000000713b00000, 0x0000000713b00000, 0x0000000713c00000|  0%| F|  |TAMS 0x0000000713b00000, 0x0000000713b00000| Untracked 
| 170|0x0000000713c00000, 0x0000000713c00000, 0x0000000713d00000|  0%| F|  |TAMS 0x0000000713c00000, 0x0000000713c00000| Untracked 
| 171|0x0000000713d00000, 0x0000000713d00000, 0x0000000713e00000|  0%| F|  |TAMS 0x0000000713d00000, 0x0000000713d00000| Untracked 
| 172|0x0000000713e00000, 0x0000000713e00000, 0x0000000713f00000|  0%| F|  |TAMS 0x0000000713e00000, 0x0000000713e00000| Untracked 
| 173|0x0000000713f00000, 0x0000000713f00000, 0x0000000714000000|  0%| F|  |TAMS 0x0000000713f00000, 0x0000000713f00000| Untracked 
| 174|0x0000000714000000, 0x0000000714000000, 0x0000000714100000|  0%| F|  |TAMS 0x0000000714000000, 0x0000000714000000| Untracked 
| 175|0x0000000714100000, 0x0000000714100000, 0x0000000714200000|  0%| F|  |TAMS 0x0000000714100000, 0x0000000714100000| Untracked 
| 176|0x0000000714200000, 0x0000000714200000, 0x0000000714300000|  0%| F|  |TAMS 0x0000000714200000, 0x0000000714200000| Untracked 
| 177|0x0000000714300000, 0x0000000714300000, 0x0000000714400000|  0%| F|  |TAMS 0x0000000714300000, 0x0000000714300000| Untracked 
| 178|0x0000000714400000, 0x0000000714400000, 0x0000000714500000|  0%| F|  |TAMS 0x0000000714400000, 0x0000000714400000| Untracked 
| 179|0x0000000714500000, 0x0000000714500000, 0x0000000714600000|  0%| F|  |TAMS 0x0000000714500000, 0x0000000714500000| Untracked 
| 180|0x0000000714600000, 0x0000000714600000, 0x0000000714700000|  0%| F|  |TAMS 0x0000000714600000, 0x0000000714600000| Untracked 
| 181|0x0000000714700000, 0x0000000714700000, 0x0000000714800000|  0%| F|  |TAMS 0x0000000714700000, 0x0000000714700000| Untracked 
| 182|0x0000000714800000, 0x0000000714800000, 0x0000000714900000|  0%| F|  |TAMS 0x0000000714800000, 0x0000000714800000| Untracked 
| 183|0x0000000714900000, 0x0000000714900000, 0x0000000714a00000|  0%| F|  |TAMS 0x0000000714900000, 0x0000000714900000| Untracked 
| 184|0x0000000714a00000, 0x0000000714a00000, 0x0000000714b00000|  0%| F|  |TAMS 0x0000000714a00000, 0x0000000714a00000| Untracked 
| 185|0x0000000714b00000, 0x0000000714b00000, 0x0000000714c00000|  0%| F|  |TAMS 0x0000000714b00000, 0x0000000714b00000| Untracked 
| 186|0x0000000714c00000, 0x0000000714c00000, 0x0000000714d00000|  0%| F|  |TAMS 0x0000000714c00000, 0x0000000714c00000| Untracked 
| 187|0x0000000714d00000, 0x0000000714d00000, 0x0000000714e00000|  0%| F|  |TAMS 0x0000000714d00000, 0x0000000714d00000| Untracked 
| 188|0x0000000714e00000, 0x0000000714e00000, 0x0000000714f00000|  0%| F|  |TAMS 0x0000000714e00000, 0x0000000714e00000| Untracked 
| 189|0x0000000714f00000, 0x0000000714f00000, 0x0000000715000000|  0%| F|  |TAMS 0x0000000714f00000, 0x0000000714f00000| Untracked 
| 190|0x0000000715000000, 0x0000000715000000, 0x0000000715100000|  0%| F|  |TAMS 0x0000000715000000, 0x0000000715000000| Untracked 
| 191|0x0000000715100000, 0x0000000715100000, 0x0000000715200000|  0%| F|  |TAMS 0x0000000715100000, 0x0000000715100000| Untracked 
| 192|0x0000000715200000, 0x0000000715200000, 0x0000000715300000|  0%| F|  |TAMS 0x0000000715200000, 0x0000000715200000| Untracked 
| 193|0x0000000715300000, 0x0000000715300000, 0x0000000715400000|  0%| F|  |TAMS 0x0000000715300000, 0x0000000715300000| Untracked 
| 194|0x0000000715400000, 0x0000000715400000, 0x0000000715500000|  0%| F|  |TAMS 0x0000000715400000, 0x0000000715400000| Untracked 
| 195|0x0000000715500000, 0x0000000715500000, 0x0000000715600000|  0%| F|  |TAMS 0x0000000715500000, 0x0000000715500000| Untracked 
| 196|0x0000000715600000, 0x0000000715600000, 0x0000000715700000|  0%| F|  |TAMS 0x0000000715600000, 0x0000000715600000| Untracked 
| 197|0x0000000715700000, 0x0000000715700000, 0x0000000715800000|  0%| F|  |TAMS 0x0000000715700000, 0x0000000715700000| Untracked 
| 198|0x0000000715800000, 0x0000000715800000, 0x0000000715900000|  0%| F|  |TAMS 0x0000000715800000, 0x0000000715800000| Untracked 
| 199|0x0000000715900000, 0x0000000715900000, 0x0000000715a00000|  0%| F|  |TAMS 0x0000000715900000, 0x0000000715900000| Untracked 
| 200|0x0000000715a00000, 0x0000000715a00000, 0x0000000715b00000|  0%| F|  |TAMS 0x0000000715a00000, 0x0000000715a00000| Untracked 
| 201|0x0000000715b00000, 0x0000000715b00000, 0x0000000715c00000|  0%| F|  |TAMS 0x0000000715b00000, 0x0000000715b00000| Untracked 
| 202|0x0000000715c00000, 0x0000000715c00000, 0x0000000715d00000|  0%| F|  |TAMS 0x0000000715c00000, 0x0000000715c00000| Untracked 
| 203|0x0000000715d00000, 0x0000000715d00000, 0x0000000715e00000|  0%| F|  |TAMS 0x0000000715d00000, 0x0000000715d00000| Untracked 
| 204|0x0000000715e00000, 0x0000000715e00000, 0x0000000715f00000|  0%| F|  |TAMS 0x0000000715e00000, 0x0000000715e00000| Untracked 
| 205|0x0000000715f00000, 0x0000000715f00000, 0x0000000716000000|  0%| F|  |TAMS 0x0000000715f00000, 0x0000000715f00000| Untracked 
| 206|0x0000000716000000, 0x0000000716000000, 0x0000000716100000|  0%| F|  |TAMS 0x0000000716000000, 0x0000000716000000| Untracked 
| 207|0x0000000716100000, 0x0000000716100000, 0x0000000716200000|  0%| F|  |TAMS 0x0000000716100000, 0x0000000716100000| Untracked 
| 208|0x0000000716200000, 0x0000000716200000, 0x0000000716300000|  0%| F|  |TAMS 0x0000000716200000, 0x0000000716200000| Untracked 
| 209|0x0000000716300000, 0x0000000716300000, 0x0000000716400000|  0%| F|  |TAMS 0x0000000716300000, 0x0000000716300000| Untracked 
| 210|0x0000000716400000, 0x0000000716400000, 0x0000000716500000|  0%| F|  |TAMS 0x0000000716400000, 0x0000000716400000| Untracked 
| 211|0x0000000716500000, 0x0000000716500000, 0x0000000716600000|  0%| F|  |TAMS 0x0000000716500000, 0x0000000716500000| Untracked 
| 212|0x0000000716600000, 0x0000000716600000, 0x0000000716700000|  0%| F|  |TAMS 0x0000000716600000, 0x0000000716600000| Untracked 
| 213|0x0000000716700000, 0x0000000716700000, 0x0000000716800000|  0%| F|  |TAMS 0x0000000716700000, 0x0000000716700000| Untracked 
| 214|0x0000000716800000, 0x0000000716800000, 0x0000000716900000|  0%| F|  |TAMS 0x0000000716800000, 0x0000000716800000| Untracked 
| 215|0x0000000716900000, 0x0000000716900000, 0x0000000716a00000|  0%| F|  |TAMS 0x0000000716900000, 0x0000000716900000| Untracked 
| 216|0x0000000716a00000, 0x0000000716a00000, 0x0000000716b00000|  0%| F|  |TAMS 0x0000000716a00000, 0x0000000716a00000| Untracked 
| 217|0x0000000716b00000, 0x0000000716b00000, 0x0000000716c00000|  0%| F|  |TAMS 0x0000000716b00000, 0x0000000716b00000| Untracked 
| 218|0x0000000716c00000, 0x0000000716c00000, 0x0000000716d00000|  0%| F|  |TAMS 0x0000000716c00000, 0x0000000716c00000| Untracked 
| 219|0x0000000716d00000, 0x0000000716d00000, 0x0000000716e00000|  0%| F|  |TAMS 0x0000000716d00000, 0x0000000716d00000| Untracked 
| 220|0x0000000716e00000, 0x0000000716e00000, 0x0000000716f00000|  0%| F|  |TAMS 0x0000000716e00000, 0x0000000716e00000| Untracked 
| 221|0x0000000716f00000, 0x0000000716f00000, 0x0000000717000000|  0%| F|  |TAMS 0x0000000716f00000, 0x0000000716f00000| Untracked 
| 222|0x0000000717000000, 0x0000000717000000, 0x0000000717100000|  0%| F|  |TAMS 0x0000000717000000, 0x0000000717000000| Untracked 
| 223|0x0000000717100000, 0x0000000717100000, 0x0000000717200000|  0%| F|  |TAMS 0x0000000717100000, 0x0000000717100000| Untracked 
| 224|0x0000000717200000, 0x0000000717200000, 0x0000000717300000|  0%| F|  |TAMS 0x0000000717200000, 0x0000000717200000| Untracked 
| 225|0x0000000717300000, 0x0000000717300000, 0x0000000717400000|  0%| F|  |TAMS 0x0000000717300000, 0x0000000717300000| Untracked 
| 226|0x0000000717400000, 0x0000000717500000, 0x0000000717500000|100%| E|  |TAMS 0x0000000717400000, 0x0000000717400000| Complete 
| 227|0x0000000717500000, 0x0000000717600000, 0x0000000717600000|100%| E|CS|TAMS 0x0000000717500000, 0x0000000717500000| Complete 
| 228|0x0000000717600000, 0x0000000717700000, 0x0000000717700000|100%| E|CS|TAMS 0x0000000717600000, 0x0000000717600000| Complete 
| 229|0x0000000717700000, 0x0000000717800000, 0x0000000717800000|100%| E|CS|TAMS 0x0000000717700000, 0x0000000717700000| Complete 
| 230|0x0000000717800000, 0x0000000717900000, 0x0000000717900000|100%| E|CS|TAMS 0x0000000717800000, 0x0000000717800000| Complete 
| 231|0x0000000717900000, 0x0000000717a00000, 0x0000000717a00000|100%| E|CS|TAMS 0x0000000717900000, 0x0000000717900000| Complete 
| 232|0x0000000717a00000, 0x0000000717b00000, 0x0000000717b00000|100%| E|CS|TAMS 0x0000000717a00000, 0x0000000717a00000| Complete 
| 233|0x0000000717b00000, 0x0000000717c00000, 0x0000000717c00000|100%| E|CS|TAMS 0x0000000717b00000, 0x0000000717b00000| Complete 
| 234|0x0000000717c00000, 0x0000000717d00000, 0x0000000717d00000|100%| E|CS|TAMS 0x0000000717c00000, 0x0000000717c00000| Complete 
| 235|0x0000000717d00000, 0x0000000717e00000, 0x0000000717e00000|100%| E|CS|TAMS 0x0000000717d00000, 0x0000000717d00000| Complete 
| 236|0x0000000717e00000, 0x0000000717f00000, 0x0000000717f00000|100%| E|CS|TAMS 0x0000000717e00000, 0x0000000717e00000| Complete 
| 237|0x0000000717f00000, 0x0000000718000000, 0x0000000718000000|100%| E|CS|TAMS 0x0000000717f00000, 0x0000000717f00000| Complete 
| 238|0x0000000718000000, 0x0000000718100000, 0x0000000718100000|100%| E|CS|TAMS 0x0000000718000000, 0x0000000718000000| Complete 
| 239|0x0000000718100000, 0x0000000718200000, 0x0000000718200000|100%| E|CS|TAMS 0x0000000718100000, 0x0000000718100000| Complete 
| 240|0x0000000718200000, 0x0000000718300000, 0x0000000718300000|100%| E|CS|TAMS 0x0000000718200000, 0x0000000718200000| Complete 
| 241|0x0000000718300000, 0x0000000718400000, 0x0000000718400000|100%| E|CS|TAMS 0x0000000718300000, 0x0000000718300000| Complete 
| 242|0x0000000718400000, 0x0000000718500000, 0x0000000718500000|100%| E|CS|TAMS 0x0000000718400000, 0x0000000718400000| Complete 
| 243|0x0000000718500000, 0x0000000718600000, 0x0000000718600000|100%| E|CS|TAMS 0x0000000718500000, 0x0000000718500000| Complete 
| 244|0x0000000718600000, 0x0000000718700000, 0x0000000718700000|100%| E|CS|TAMS 0x0000000718600000, 0x0000000718600000| Complete 
| 245|0x0000000718700000, 0x0000000718800000, 0x0000000718800000|100%| E|  |TAMS 0x0000000718700000, 0x0000000718700000| Complete 
| 246|0x0000000718800000, 0x0000000718900000, 0x0000000718900000|100%| E|CS|TAMS 0x0000000718800000, 0x0000000718800000| Complete 
| 247|0x0000000718900000, 0x0000000718a00000, 0x0000000718a00000|100%| E|CS|TAMS 0x0000000718900000, 0x0000000718900000| Complete 
|2924|0x00000007bfe00000, 0x00000007bfe48000, 0x00000007bff00000| 28%|OA|  |TAMS 0x00000007bfe00000, 0x00000007bfe00000| Untracked 
|2925|0x00000007bff00000, 0x00000007bff6c000, 0x00000007c0000000| 42%|CA|  |TAMS 0x00000007bff00000, 0x00000007bff00000| Untracked 

Card table byte_map: [0x00007f426f092000,0x00007f426f849000] _byte_map_base: 0x00007f426b849000

Marking Bits (Prev, Next): (CMBitMap*) 0x00007f428c07d618, (CMBitMap*) 0x00007f428c07d650
 Prev Bits: [0x00007f426ab23000, 0x00007f426e8db000)
 Next Bits: [0x00007f4266d6b000, 0x00007f426ab23000)

Polling page: 0x00007f4291023000

Metaspace:

Usage:
  Non-class:      7.19 MB capacity,     5.88 MB ( 82%) used,     1.25 MB ( 17%) free+waste,    57.19 KB ( <1%) overhead. 
      Class:      1.14 MB capacity,   842.99 KB ( 72%) used,   292.76 KB ( 25%) free+waste,    31.25 KB (  3%) overhead. 
       Both:      8.33 MB capacity,     6.71 MB ( 81%) used,     1.54 MB ( 18%) free+waste,    88.44 KB (  1%) overhead. 

Virtual space:
  Non-class space:        8.00 MB reserved,       7.25 MB ( 91%) committed 
      Class space:        1.00 GB reserved,       1.25 MB ( <1%) committed 
             Both:        1.01 GB reserved,       8.50 MB ( <1%) committed 

Chunk freelists:
   Non-Class:  0 bytes
       Class:  0 bytes
        Both:  0 bytes

MaxMetaspaceSize: unlimited
CompressedClassSpaceSize: 1.00 GB
Initial GC threshold: 20.80 MB
Current GC threshold: 20.80 MB
CDS: on

CodeHeap 'non-profiled nmethods': size=119172Kb used=344Kb max_used=344Kb free=118827Kb
 bounds [0x00007f427c36e000, 0x00007f427c5de000, 0x00007f42837cf000]
CodeHeap 'profiled nmethods': size=119168Kb used=2640Kb max_used=2640Kb free=116527Kb
 bounds [0x00007f4274f0e000, 0x00007f42751ae000, 0x00007f427c36e000]
CodeHeap 'non-nmethods': size=7420Kb used=2847Kb max_used=2856Kb free=4572Kb
 bounds [0x00007f42747cf000, 0x00007f4274a9f000, 0x00007f4274f0e000]
 total_blobs=1683 nmethods=1267 adapters=326
 compilation: enabled
              stopped_count=0, restarted_count=0
 full_count=0

Compilation events (20 events):
Event: 0.373 Thread 0x00007f428c262000 nmethod 1248 0x00007f427c3c2390 code [0x00007f427c3c2540, 0x00007f427c3c26f8]
Event: 0.374 Thread 0x00007f42300cd000 nmethod 1250 0x00007f427c3c2890 code [0x00007f427c3c2a20, 0x00007f427c3c2ab8]
Event: 0.375 Thread 0x00007f428c264000 1251       3       java.lang.String::hashCode (49 bytes)
Event: 0.376 Thread 0x00007f428c264000 nmethod 1251 0x00007f427519cc10 code [0x00007f427519ce00, 0x00007f427519d220]
Event: 0.378 Thread 0x00007f423409d800 1252       3       java.lang.invoke.LambdaForm::editor (5 bytes)
Event: 0.378 Thread 0x00007f423819d000 1253       3       java.lang.invoke.LambdaFormEditor::lambdaFormEditor (12 bytes)
Event: 0.378 Thread 0x00007f423819f000 1254       3       java.lang.invoke.LambdaFormEditor::<init> (10 bytes)
Event: 0.378 Thread 0x00007f428c264000 1255       3       java.lang.invoke.LambdaFormEditor$Transform::inRange (36 bytes)
Event: 0.378 Thread 0x00007f423409d800 nmethod 1252 0x00007f427519d390 code [0x00007f427519d560, 0x00007f427519d8a0]
Event: 0.378 Thread 0x00007f423409d800 1256       3       java.lang.invoke.LambdaFormEditor$Transform::<init> (28 bytes)
Event: 0.378 Thread 0x00007f423819d000 nmethod 1253 0x00007f427519da10 code [0x00007f427519dbe0, 0x00007f427519dea0]
Event: 0.379 Thread 0x00007f423819f000 nmethod 1254 0x00007f427519e010 code [0x00007f427519e1c0, 0x00007f427519e390]
Event: 0.379 Thread 0x00007f423819f000 1257       3       java.lang.invoke.LambdaFormEditor::getInCache (186 bytes)
Event: 0.379 Thread 0x00007f428c264000 nmethod 1255 0x00007f427519e490 code [0x00007f427519e640, 0x00007f427519e790]
Event: 0.379 Thread 0x00007f423409d800 nmethod 1256 0x00007f427519e810 code [0x00007f427519e9e0, 0x00007f427519ece0]
Event: 0.379 Thread 0x00007f423819f000 nmethod 1257 0x00007f427519ee90 code [0x00007f427519f120, 0x00007f42751a0180]
Event: 0.380 Thread 0x00007f428c264000 1266       3       java.lang.AbstractStringBuilder::checkRange (60 bytes)
Event: 0.381 Thread 0x00007f428c264000 nmethod 1266 0x00007f42751a0510 code [0x00007f42751a07e0, 0x00007f42751a1370]
Event: 0.384 Thread 0x00007f423819d000 1267       3       java.lang.CharacterData::of (120 bytes)
Event: 0.384 Thread 0x00007f423819d000 nmethod 1267 0x00007f42751a1790 code [0x00007f42751a19a0, 0x00007f42751a2030]

GC Heap History (0 events):
No events

Deoptimization events (20 events):
Event: 0.291 Thread 0x00007f428c016000 DEOPT PACKING pc=0x00007f427c3a7458 sp=0x00007f4291165ce0
Event: 0.291 Thread 0x00007f428c016000 DEOPT UNPACKING pc=0x00007f4274818ea5 sp=0x00007f4291165c98 mode 2
Event: 0.318 Thread 0x00007f428c016000 DEOPT PACKING pc=0x00007f4274f9c288 sp=0x00007f4291164760
Event: 0.318 Thread 0x00007f428c016000 DEOPT UNPACKING pc=0x00007f427481964a sp=0x00007f4291163c98 mode 0
Event: 0.347 Thread 0x00007f428c016000 Uncommon trap: trap_request=0xffffff4d fr.pc=0x00007f427c3a8844 relative=0x0000000000000284
Event: 0.347 Thread 0x00007f428c016000 Uncommon trap: reason=unstable_if action=reinterpret pc=0x00007f427c3a8844 method=java.util.concurrent.ConcurrentHashMap.get(Ljava/lang/Object;)Ljava/lang/Object; @ 86 c2
Event: 0.347 Thread 0x00007f428c016000 DEOPT PACKING pc=0x00007f427c3a8844 sp=0x00007f4291165a50
Event: 0.347 Thread 0x00007f428c016000 DEOPT UNPACKING pc=0x00007f4274818ea5 sp=0x00007f42911659e8 mode 2
Event: 0.372 Thread 0x00007f428c016000 Uncommon trap: trap_request=0xffffff4d fr.pc=0x00007f427c382b64 relative=0x0000000000000044
Event: 0.372 Thread 0x00007f428c016000 Uncommon trap: reason=unstable_if action=reinterpret pc=0x00007f427c382b64 method=java.lang.CharacterData.of(I)Ljava/lang/CharacterData; @ 4 c2
Event: 0.372 Thread 0x00007f428c016000 DEOPT PACKING pc=0x00007f427c382b64 sp=0x00007f4291163f60
Event: 0.372 Thread 0x00007f428c016000 DEOPT UNPACKING pc=0x00007f4274818ea5 sp=0x00007f4291163f18 mode 2
Event: 0.373 Thread 0x00007f428c016000 Uncommon trap: trap_request=0xffffff4d fr.pc=0x00007f427c37ab88 relative=0x0000000000000068
Event: 0.373 Thread 0x00007f428c016000 Uncommon trap: reason=unstable_if action=reinterpret pc=0x00007f427c37ab88 method=java.lang.String.isLatin1()Z @ 10 c2
Event: 0.373 Thread 0x00007f428c016000 DEOPT PACKING pc=0x00007f427c37ab88 sp=0x00007f42911635e0
Event: 0.373 Thread 0x00007f428c016000 DEOPT UNPACKING pc=0x00007f4274818ea5 sp=0x00007f4291163590 mode 2
Event: 0.374 Thread 0x00007f428c016000 Uncommon trap: trap_request=0xffffff4d fr.pc=0x00007f427c37a234 relative=0x0000000000000194
Event: 0.374 Thread 0x00007f428c016000 Uncommon trap: reason=unstable_if action=reinterpret pc=0x00007f427c37a234 method=java.lang.String.isLatin1()Z @ 10 c2
Event: 0.374 Thread 0x00007f428c016000 DEOPT PACKING pc=0x00007f427c37a234 sp=0x00007f4291164800
Event: 0.374 Thread 0x00007f428c016000 DEOPT UNPACKING pc=0x00007f4274818ea5 sp=0x00007f4291164748 mode 2

Classes redefined (0 events):
No events

Internal exceptions (20 events):
Event: 0.291 Thread 0x00007f428c016000 Exception <a 'java/lang/IncompatibleClassChangeError'{0x0000000717a69c98}: Found class java.lang.Object, but interface was expected> (0x0000000717a69c98) thrown at [./src/hotspot/share/interpreter/linkResolver.cpp, line 839]
Event: 0.291 Thread 0x00007f428c016000 Exception <a 'java/lang/IncompatibleClassChangeError'{0x0000000717a6c698}: Found class java.lang.Object, but interface was expected> (0x0000000717a6c698) thrown at [./src/hotspot/share/interpreter/linkResolver.cpp, line 839]
Event: 0.306 Thread 0x00007f428c016000 Exception <a 'java/lang/NoSuchMethodError'{0x000000071790e3a0}: 'void java.lang.invoke.DirectMethodHandle$Holder.invokeInterface(java.lang.Object, java.lang.Object, java.lang.Object, java.lang.Object)'> (0x000000071790e3a0) thrown at [./src/hotspot/share/interpreter/linkResolver.cpp, line 772]
Event: 0.306 Thread 0x00007f428c016000 Exception <a 'java/lang/IncompatibleClassChangeError'{0x0000000717911160}: Found class java.lang.Object, but interface was expected> (0x0000000717911160) thrown at [./src/hotspot/share/interpreter/linkResolver.cpp, line 839]
Event: 0.308 Thread 0x00007f428c016000 Exception <a 'java/lang/NoSuchMethodError'{0x00000007179351f8}: 'void java.lang.invoke.DirectMethodHandle$Holder.invokeStatic(java.lang.Object, java.lang.Object, java.lang.Object, java.lang.Object)'> (0x00000007179351f8) thrown at [./src/hotspot/share/interpreter/linkResolver.cpp, line 772]
Event: 0.315 Thread 0x00007f428c016000 Exception <a 'java/lang/NoSuchMethodError'{0x00000007179d63e0}: 'int java.lang.invoke.DirectMethodHandle$Holder.invokeStatic(java.lang.Object, java.lang.Object, java.lang.Object, java.lang.Object, java.lang.Object)'> (0x00000007179d63e0) thrown at [./src/hotspot/share/interpreter/linkResolver.cpp, line 772]
Event: 0.319 Thread 0x00007f428c016000 Exception <a 'java/lang/NoSuchMethodError'{0x0000000717822090}: 'void java.lang.invoke.DirectMethodHandle$Holder.invokeStaticInit(java.lang.Object)'> (0x0000000717822090) thrown at [./src/hotspot/share/interpreter/linkResolver.cpp, line 772]
Event: 0.321 Thread 0x00007f428c016000 Exception <a 'java/lang/NoSuchMethodError'{0x000000071783aed8}: 'void java.lang.invoke.DirectMethodHandle$Holder.invokeSpecial(java.lang.Object, java.lang.Object)'> (0x000000071783aed8) thrown at [./src/hotspot/share/interpreter/linkResolver.cpp, line 772]
Event: 0.327 Thread 0x00007f428c016000 Exception <a 'java/lang/NoSuchMethodError'{0x00000007178f6698}: 'void java.lang.invoke.DirectMethodHandle$Holder.invokeStaticInit(java.lang.Object, java.lang.Object, java.lang.Object, java.lang.Object)'> (0x00000007178f6698) thrown at [./src/hotspot/share/interpreter/linkResolver.cpp, line 772]
Event: 0.332 Thread 0x00007f428c016000 Exception <a 'java/lang/NoSuchMethodError'{0x00000007177791e0}: 'int java.lang.invoke.DirectMethodHandle$Holder.invokeStaticInit(java.lang.Object, java.lang.Object)'> (0x00000007177791e0) thrown at [./src/hotspot/share/interpreter/linkResolver.cpp, line 772]
Event: 0.357 Thread 0x00007f428c016000 Exception <a 'java/lang/NoSuchMethodError'{0x00000007176f6f90}: 'void java.lang.invoke.DirectMethodHandle$Holder.invokeStatic(java.lang.Object, java.lang.Object, java.lang.Object, java.lang.Object, java.lang.Object)'> (0x00000007176f6f90) thrown at [./src/hotspot/share/interpreter/linkResolver.cpp, line 772]
Event: 0.360 Thread 0x00007f428c016000 Exception <a 'java/lang/NoSuchMethodError'{0x0000000717505960}: 'java.lang.Object java.lang.invoke.Invokers$Holder.linkToTargetMethod(java.lang.Object, java.lang.Object, java.lang.Object, java.lang.Object, java.lang.Object, java.lang.Object, java.lang.Object)'> (0x0000000717505960) thrown at [./src/hotspot/share/interpreter/linkResolver.cpp, line 772]
Event: 0.362 Thread 0x00007f428c016000 Exception <a 'java/lang/NoSuchMethodError'{0x0000000717517950}: 'java.lang.Object java.lang.invoke.DirectMethodHandle$Holder.invokeInterface(java.lang.Object, java.lang.Object, java.lang.Object, java.lang.Object, java.lang.Object)'> (0x0000000717517950) thrown at [./src/hotspot/share/interpreter/linkResolver.cpp, line 772]
Event: 0.362 Thread 0x00007f428c016000 Exception <a 'java/lang/IncompatibleClassChangeError'{0x000000071751b0a8}: Found class java.lang.Object, but interface was expected> (0x000000071751b0a8) thrown at [./src/hotspot/share/interpreter/linkResolver.cpp, line 839]
Event: 0.378 Thread 0x00007f428c016000 Exception <a 'java/lang/NoSuchMethodError'{0x00000007175fcd48}: 'java.lang.Object java.lang.invoke.DirectMethodHandle$Holder.invokeStaticInit(java.lang.Object, java.lang.Object, long, java.lang.Object)'> (0x00000007175fcd48) thrown at [./src/hotspot/share/interpreter/linkResolver.cpp, line 772]
Event: 0.379 Thread 0x00007f428c016000 Exception <a 'java/lang/NoSuchMethodError'{0x0000000717409868}: 'java.lang.Object java.lang.invoke.Invokers$Holder.linkToTargetMethod(java.lang.Object, long, java.lang.Object)'> (0x0000000717409868) thrown at [./src/hotspot/share/interpreter/linkResolver.cpp, line 772]
Event: 0.380 Thread 0x00007f428c016000 Exception <a 'java/lang/NoSuchMethodError'{0x00000007174108c0}: 'java.lang.Object java.lang.invoke.DirectMethodHandle$Holder.invokeStatic(java.lang.Object, java.lang.Object, java.lang.Object, int)'> (0x00000007174108c0) thrown at [./src/hotspot/share/interpreter/linkResolver.cpp, line 772]
Event: 0.380 Thread 0x00007f428c016000 Exception <a 'java/lang/NoSuchMethodError'{0x0000000717414a88}: 'java.lang.Object java.lang.invoke.DirectMethodHandle$Holder.invokeSpecial(java.lang.Object, java.lang.Object, java.lang.Object, java.lang.Object, int)'> (0x0000000717414a88) thrown at [./src/hotspot/share/interpreter/linkResolver.cpp, line 772]
Event: 0.380 Thread 0x00007f428c016000 Exception <a 'java/lang/NoSuchMethodError'{0x0000000717418470}: 'java.lang.Object java.lang.invoke.Invokers$Holder.linkToTargetMethod(java.lang.Object, java.lang.Object, int, java.lang.Object)'> (0x0000000717418470) thrown at [./src/hotspot/share/interpreter/linkResolver.cpp, line 772]
Event: 0.512 Thread 0x00007f428c016000 Exception <a 'com/nvidia/cuopt/linearprogramming/CuOptException'{0x0000000717436098}> (0x0000000717436098) thrown at [./src/hotspot/share/prims/jni.cpp, line 617]

Events (20 events):
Event: 0.383 loading class java/util/concurrent/CompletableFuture$UniHandle done
Event: 0.383 loading class java/lang/ProcessBuilder$NullInputStream
Event: 0.383 loading class java/lang/ProcessBuilder$NullInputStream done
Event: 0.383 loading class java/io/FileOutputStream$1
Event: 0.383 loading class java/io/FileOutputStream$1 done
Event: 0.383 loading class java/lang/ProcessBuilder$NullOutputStream
Event: 0.383 loading class java/lang/ProcessBuilder$NullOutputStream done
Event: 0.383 loading class jdk/internal/ref/CleanerImpl$InnocuousThreadFactory
Event: 0.383 loading class jdk/internal/ref/CleanerImpl$InnocuousThreadFactory done
Event: 0.384 Thread 0x00007f428c6b6000 Thread added: 0x00007f428c6b6000
Event: 0.384 Protecting memory [0x00007f425e37a000,0x00007f425e37e000] with protection modes 0
Event: 0.384 loading class com/nvidia/cuopt/linearprogramming/NativeCuOpt
Event: 0.384 loading class com/nvidia/cuopt/linearprogramming/NativeCuOpt done
Event: 0.384 Executing VM operation: RevokeBias
Event: 0.384 Executing VM operation: RevokeBias done
Event: 0.506 Loaded shared library /home/cbrissette/cuopt/java/cuopt/build/native/libcuopt_jni.so
Event: 0.512 loading class com/nvidia/cuopt/linearprogramming/DataModel$NativeHandle
Event: 0.512 loading class com/nvidia/cuopt/linearprogramming/DataModel$NativeHandle done
Event: 0.512 loading class com/nvidia/cuopt/linearprogramming/CuOptException
Event: 0.512 loading class com/nvidia/cuopt/linearprogramming/CuOptException done


Dynamic libraries:
709200000-718a00000 rw-p 00000000 00:00 0 
718a00000-7bfe00000 ---p 00000000 00:00 0 
7bfe00000-7bfe48000 rw-p 00b14000 08:20 293785                           /usr/lib/jvm/java-11-openjdk-amd64/lib/server/classes.jsa
7bfe48000-7bff00000 rw-p 00000000 00:00 0 
7bff00000-7bff6c000 rw-p 00aa8000 08:20 293785                           /usr/lib/jvm/java-11-openjdk-amd64/lib/server/classes.jsa
7bff6c000-7c0000000 rw-p 00000000 00:00 0 
7c0000000-800000000 ---p 00000000 00:00 0 
800000000-800002000 rwxp 00001000 08:20 293785                           /usr/lib/jvm/java-11-openjdk-amd64/lib/server/classes.jsa
800002000-8003ce000 rw-p 00003000 08:20 293785                           /usr/lib/jvm/java-11-openjdk-amd64/lib/server/classes.jsa
8003ce000-800aa6000 r--p 003cf000 08:20 293785                           /usr/lib/jvm/java-11-openjdk-amd64/lib/server/classes.jsa
800aa6000-800aa7000 rw-p 00aa7000 08:20 293785                           /usr/lib/jvm/java-11-openjdk-amd64/lib/server/classes.jsa
840000000-840140000 rw-p 00000000 00:00 0 
840140000-880000000 ---p 00000000 00:00 0 
5555bb482000-5555bb483000 r--p 00000000 08:20 294880                     /usr/lib/jvm/java-11-openjdk-amd64/bin/java
5555bb483000-5555bb484000 r-xp 00001000 08:20 294880                     /usr/lib/jvm/java-11-openjdk-amd64/bin/java
5555bb484000-5555bb485000 r--p 00002000 08:20 294880                     /usr/lib/jvm/java-11-openjdk-amd64/bin/java
5555bb485000-5555bb486000 r--p 00002000 08:20 294880                     /usr/lib/jvm/java-11-openjdk-amd64/bin/java
5555bb486000-5555bb487000 rw-p 00003000 08:20 294880                     /usr/lib/jvm/java-11-openjdk-amd64/bin/java
5555bb894000-5555bb8b5000 rw-p 00000000 00:00 0                          [heap]
7f41cb603000-7f41cbe00000 rw-p 00000000 00:00 0 
7f41cbe00000-7f41e327c000 r-xp 00000000 08:20 101468                     /home/cbrissette/cuopt/.cuopt_env/targets/x86_64-linux/lib/libcublasLt.so.13.4.0.1
7f41e327c000-7f41e347c000 ---p 1747c000 08:20 101468                     /home/cbrissette/cuopt/.cuopt_env/targets/x86_64-linux/lib/libcublasLt.so.13.4.0.1
7f41e347c000-7f41e3734000 r--p 1747c000 08:20 101468                     /home/cbrissette/cuopt/.cuopt_env/targets/x86_64-linux/lib/libcublasLt.so.13.4.0.1
7f41e3734000-7f41e3dc8000 rw-p 17734000 08:20 101468                     /home/cbrissette/cuopt/.cuopt_env/targets/x86_64-linux/lib/libcublasLt.so.13.4.0.1
7f41e3dc8000-7f41e97e0000 rw-p 00000000 00:00 0 
7f41e97e0000-7f41e99df000 ---p 1d9e0000 08:20 101468                     /home/cbrissette/cuopt/.cuopt_env/targets/x86_64-linux/lib/libcublasLt.so.13.4.0.1
7f41e99df000-7f41ea4d5000 r--p 17ddf000 08:20 101468                     /home/cbrissette/cuopt/.cuopt_env/targets/x86_64-linux/lib/libcublasLt.so.13.4.0.1
7f41ea4d5000-7f41ea6d4000 ---p 1e6d5000 08:20 101468                     /home/cbrissette/cuopt/.cuopt_env/targets/x86_64-linux/lib/libcublasLt.so.13.4.0.1
7f41ea6d4000-7f41f02b7000 rw-p 188d4000 08:20 101468                     /home/cbrissette/cuopt/.cuopt_env/targets/x86_64-linux/lib/libcublasLt.so.13.4.0.1
7f41f0400000-7f41f445e000 r-xp 00000000 08:20 101383                     /home/cbrissette/cuopt/.cuopt_env/lib/libcudss.so.0.7.1
7f41f445e000-7f41f465e000 ---p 0405e000 08:20 101383                     /home/cbrissette/cuopt/.cuopt_env/lib/libcudss.so.0.7.1
7f41f465e000-7f41f4668000 r--p 0405e000 08:20 101383                     /home/cbrissette/cuopt/.cuopt_env/lib/libcudss.so.0.7.1
7f41f4668000-7f41f466e000 rw-p 04068000 08:20 101383                     /home/cbrissette/cuopt/.cuopt_env/lib/libcudss.so.0.7.1
7f41f466e000-7f41f467e000 rw-p 00000000 00:00 0 
7f41f467e000-7f41f4680000 rw-p 042ac000 08:20 101383                     /home/cbrissette/cuopt/.cuopt_env/lib/libcudss.so.0.7.1
7f41f4800000-7f41fe76c000 r-xp 00000000 08:20 100411                     /home/cbrissette/cuopt/.cuopt_env/targets/x86_64-linux/lib/libcusparse.so.12.7.10.1
7f41fe76c000-7f41fe96c000 ---p 09f6c000 08:20 100411                     /home/cbrissette/cuopt/.cuopt_env/targets/x86_64-linux/lib/libcusparse.so.12.7.10.1
7f41fe96c000-7f41fe97b000 r--p 09f6c000 08:20 100411                     /home/cbrissette/cuopt/.cuopt_env/targets/x86_64-linux/lib/libcusparse.so.12.7.10.1
7f41fe97b000-7f41fe999000 rw-p 09f7b000 08:20 100411                     /home/cbrissette/cuopt/.cuopt_env/targets/x86_64-linux/lib/libcusparse.so.12.7.10.1
7f41fe999000-7f41fe9be000 rw-p 00000000 00:00 0 
7f41feac1000-7f41fed51000 r--p 00000000 08:20 77543                      /home/cbrissette/cuopt/.cuopt_env/lib/libcuopt.so
7f41fed51000-7f41ff960000 r-xp 00290000 08:20 77543                      /home/cbrissette/cuopt/.cuopt_env/lib/libcuopt.so
7f41ff960000-7f41ffc88000 r--p 00e9f000 08:20 77543                      /home/cbrissette/cuopt/.cuopt_env/lib/libcuopt.so
7f41ffc88000-7f41ffca9000 r--p 011c7000 08:20 77543                      /home/cbrissette/cuopt/.cuopt_env/lib/libcuopt.so
7f41ffca9000-7f41ffcb0000 rw-p 011e8000 08:20 77543                      /home/cbrissette/cuopt/.cuopt_env/lib/libcuopt.so
7f41ffcb0000-7f4200e30000 rw-p 00000000 00:00 0 
7f4200e30000-7f4200e31000 ---p 0236f000 08:20 77543                      /home/cbrissette/cuopt/.cuopt_env/lib/libcuopt.so
7f4200e31000-7f4204000000 rw-p 011ef000 08:20 77543                      /home/cbrissette/cuopt/.cuopt_env/lib/libcuopt.so
7f4204000000-7f4204021000 rw-p 00000000 00:00 0 
7f4204021000-7f4208000000 ---p 00000000 00:00 0 
7f420873b000-7f4208a00000 rw-p 00000000 00:00 0 
7f4208a00000-7f420bd9d000 r-xp 00000000 08:20 101544                     /home/cbrissette/cuopt/.cuopt_env/targets/x86_64-linux/lib/libcublas.so.13.4.0.1
7f420bd9d000-7f420bf9d000 ---p 0339d000 08:20 101544                     /home/cbrissette/cuopt/.cuopt_env/targets/x86_64-linux/lib/libcublas.so.13.4.0.1
7f420bf9d000-7f420bfa9000 r--p 0339d000 08:20 101544                     /home/cbrissette/cuopt/.cuopt_env/targets/x86_64-linux/lib/libcublas.so.13.4.0.1
7f420bfa9000-7f420bfb0000 rw-p 033a9000 08:20 101544                     /home/cbrissette/cuopt/.cuopt_env/targets/x86_64-linux/lib/libcublas.so.13.4.0.1
7f420bfb0000-7f420bfd4000 rw-p 00000000 00:00 0 
7f420c000000-7f420c021000 rw-p 00000000 00:00 0 
7f420c021000-7f4210000000 ---p 00000000 00:00 0 
7f4210000000-7f4210021000 rw-p 00000000 00:00 0 
7f4210021000-7f4214000000 ---p 00000000 00:00 0 
7f4214000000-7f4214257000 rw-p 00000000 00:00 0 
7f4214257000-7f4218000000 ---p 00000000 00:00 0 
7f4218000000-7f4218021000 rw-p 00000000 00:00 0 
7f4218021000-7f421c000000 ---p 00000000 00:00 0 
7f421c000000-7f421c021000 rw-p 00000000 00:00 0 
7f421c021000-7f4220000000 ---p 00000000 00:00 0 
7f4220000000-7f4220021000 rw-p 00000000 00:00 0 
7f4220021000-7f4224000000 ---p 00000000 00:00 0 
7f4224000000-7f4224021000 rw-p 00000000 00:00 0 
7f4224021000-7f4228000000 ---p 00000000 00:00 0 
7f4228000000-7f4228021000 rw-p 00000000 00:00 0 
7f4228021000-7f422c000000 ---p 00000000 00:00 0 
7f422c000000-7f422c021000 rw-p 00000000 00:00 0 
7f422c021000-7f4230000000 ---p 00000000 00:00 0 
7f4230000000-7f423014e000 rw-p 00000000 00:00 0 
7f423014e000-7f4234000000 ---p 00000000 00:00 0 
7f4234000000-7f42343d1000 rw-p 00000000 00:00 0 
7f42343d1000-7f4238000000 ---p 00000000 00:00 0 
7f4238000000-7f423821f000 rw-p 00000000 00:00 0 
7f423821f000-7f423c000000 ---p 00000000 00:00 0 
7f423c000000-7f423c021000 rw-p 00000000 00:00 0 
7f423c021000-7f4240000000 ---p 00000000 00:00 0 
7f4240000000-7f4240021000 rw-p 00000000 00:00 0 
7f4240021000-7f4244000000 ---p 00000000 00:00 0 
7f4244000000-7f4244021000 rw-p 00000000 00:00 0 
7f4244021000-7f4248000000 ---p 00000000 00:00 0 
7f4248000000-7f4248021000 rw-p 00000000 00:00 0 
7f4248021000-7f424c000000 ---p 00000000 00:00 0 
7f424c000000-7f424c021000 rw-p 00000000 00:00 0 
7f424c021000-7f4250000000 ---p 00000000 00:00 0 
7f4250000000-7f4250021000 rw-p 00000000 00:00 0 
7f4250021000-7f4254000000 ---p 00000000 00:00 0 
7f4254000000-7f4254021000 rw-p 00000000 00:00 0 
7f4254021000-7f4258000000 ---p 00000000 00:00 0 
7f4258000000-7f4258021000 rw-p 00000000 00:00 0 
7f4258021000-7f425c000000 ---p 00000000 00:00 0 
7f425c000000-7f425c200000 rw-p 00000000 00:00 0 
7f425c200000-7f425c228000 r-xp 00000000 00:22 1688849861009770           /usr/lib/wsl/lib/libcuda.so.1
7f425c228000-7f425c428000 ---p 00028000 00:22 1688849861009770           /usr/lib/wsl/lib/libcuda.so.1
7f425c428000-7f425c429000 r--p 00028000 00:22 1688849861009770           /usr/lib/wsl/lib/libcuda.so.1
7f425c429000-7f425c42b000 rw-p 00029000 00:22 1688849861009770           /usr/lib/wsl/lib/libcuda.so.1
7f425c4d7000-7f425c527000 rw-p 00000000 00:00 0 
7f425c527000-7f425c52d000 r--p 00000000 08:20 194064                     /home/cbrissette/cuopt/.cuopt_env/lib/libtbbmalloc.so.2.18
7f425c52d000-7f425c544000 r-xp 00006000 08:20 194064                     /home/cbrissette/cuopt/.cuopt_env/lib/libtbbmalloc.so.2.18
7f425c544000-7f425c549000 r--p 0001d000 08:20 194064                     /home/cbrissette/cuopt/.cuopt_env/lib/libtbbmalloc.so.2.18
7f425c549000-7f425c54a000 r--p 00021000 08:20 194064                     /home/cbrissette/cuopt/.cuopt_env/lib/libtbbmalloc.so.2.18
7f425c54a000-7f425c54c000 rw-p 00022000 08:20 194064                     /home/cbrissette/cuopt/.cuopt_env/lib/libtbbmalloc.so.2.18
7f425c54c000-7f425c56d000 rw-p 00000000 00:00 0 
7f425c56d000-7f425c56e000 r--p 00000000 08:20 177053                     /home/cbrissette/cuopt/.cuopt_env/lib/libabsl_utf8_for_code_point.so.2601.0.0
7f425c56e000-7f425c56f000 r-xp 00001000 08:20 177053                     /home/cbrissette/cuopt/.cuopt_env/lib/libabsl_utf8_for_code_point.so.2601.0.0
7f425c56f000-7f425c570000 r--p 00002000 08:20 177053                     /home/cbrissette/cuopt/.cuopt_env/lib/libabsl_utf8_for_code_point.so.2601.0.0
7f425c570000-7f425c571000 r--p 00002000 08:20 177053                     /home/cbrissette/cuopt/.cuopt_env/lib/libabsl_utf8_for_code_point.so.2601.0.0
7f425c571000-7f425c572000 rw-p 00003000 08:20 177053                     /home/cbrissette/cuopt/.cuopt_env/lib/libabsl_utf8_for_code_point.so.2601.0.0
7f425c572000-7f425c573000 r--p 00000000 08:20 176909                     /home/cbrissette/cuopt/.cuopt_env/lib/libabsl_decode_rust_punycode.so.2601.0.0
7f425c573000-7f425c574000 r-xp 00001000 08:20 176909                     /home/cbrissette/cuopt/.cuopt_env/lib/libabsl_decode_rust_punycode.so.2601.0.0
7f425c574000-7f425c575000 r--p 00002000 08:20 176909                     /home/cbrissette/cuopt/.cuopt_env/lib/libabsl_decode_rust_punycode.so.2601.0.0
7f425c575000-7f425c576000 r--p 00002000 08:20 176909                     /home/cbrissette/cuopt/.cuopt_env/lib/libabsl_decode_rust_punycode.so.2601.0.0
7f425c576000-7f425c577000 rw-p 00003000 08:20 176909                     /home/cbrissette/cuopt/.cuopt_env/lib/libabsl_decode_rust_punycode.so.2601.0.0
7f425c577000-7f425c578000 r--p 00000000 08:20 176160                     /home/cbrissette/cuopt/.cuopt_env/lib/libabsl_demangle_rust.so.2601.0.0
7f425c578000-7f425c57c000 r-xp 00001000 08:20 176160                     /home/cbrissette/cuopt/.cuopt_env/lib/libabsl_demangle_rust.so.2601.0.0
7f425c57c000-7f425c57d000 r--p 00005000 08:20 176160                     /home/cbrissette/cuopt/.cuopt_env/lib/libabsl_demangle_rust.so.2601.0.0
7f425c57d000-7f425c57e000 r--p 00005000 08:20 176160                     /home/cbrissette/cuopt/.cuopt_env/lib/libabsl_demangle_rust.so.2601.0.0
7f425c57e000-7f425c57f000 rw-p 00006000 08:20 176160                     /home/cbrissette/cuopt/.cuopt_env/lib/libabsl_demangle_rust.so.2601.0.0
7f425c57f000-7f425c581000 r--p 00000000 08:20 175645                     /home/cbrissette/cuopt/.cuopt_env/lib/libabsl_crc_internal.so.2601.0.0
7f425c581000-7f425c583000 r-xp 00002000 08:20 175645                     /home/cbrissette/cuopt/.cuopt_env/lib/libabsl_crc_internal.so.2601.0.0
7f425c583000-7f425c584000 r--p 00004000 08:20 175645                     /home/cbrissette/cuopt/.cuopt_env/lib/libabsl_crc_internal.so.2601.0.0
7f425c584000-7f425c585000 r--p 00004000 08:20 175645                     /home/cbrissette/cuopt/.cuopt_env/lib/libabsl_crc_internal.so.2601.0.0
7f425c585000-7f425c586000 rw-p 00005000 08:20 175645                     /home/cbrissette/cuopt/.cuopt_env/lib/libabsl_crc_internal.so.2601.0.0
7f425c586000-7f425c588000 r--p 00000000 08:20 176073                     /home/cbrissette/cuopt/.cuopt_env/lib/libabsl_demangle_internal.so.2601.0.0
7f425c588000-7f425c594000 r-xp 00002000 08:20 176073                     /home/cbrissette/cuopt/.cuopt_env/lib/libabsl_demangle_internal.so.2601.0.0
7f425c594000-7f425c596000 r--p 0000e000 08:20 176073                     /home/cbrissette/cuopt/.cuopt_env/lib/libabsl_demangle_internal.so.2601.0.0
7f425c596000-7f425c597000 r--p 00010000 08:20 176073                     /home/cbrissette/cuopt/.cuopt_env/lib/libabsl_demangle_internal.so.2601.0.0
7f425c597000-7f425c598000 rw-p 00011000 08:20 176073                     /home/cbrissette/cuopt/.cuopt_env/lib/libabsl_demangle_internal.so.2601.0.0
7f425c598000-7f425c599000 r--p 00000000 08:20 174727                     /home/cbrissette/cuopt/.cuopt_env/lib/libabsl_flags_program_name.so.2601.0.0
7f425c599000-7f425c59a000 r-xp 00001000 08:20 174727                     /home/cbrissette/cuopt/.cuopt_env/lib/libabsl_flags_program_name.so.2601.0.0
7f425c59a000-7f425c59b000 r--p 00002000 08:20 174727                     /home/cbrissette/cuopt/.cuopt_env/lib/libabsl_flags_program_name.so.2601.0.0
7f425c59b000-7f425c59c000 r--p 00002000 08:20 174727                     /home/cbrissette/cuopt/.cuopt_env/lib/libabsl_flags_program_name.so.2601.0.0
7f425c59c000-7f425c59d000 rw-p 00003000 08:20 174727                     /home/cbrissette/cuopt/.cuopt_env/lib/libabsl_flags_program_name.so.2601.0.0
7f425c59d000-7f425c59f000 r--p 00000000 08:20 174492                     /home/cbrissette/cuopt/.cuopt_env/lib/libabsl_debugging_internal.so.2601.0.0
7f425c59f000-7f425c5a0000 r-xp 00002000 08:20 174492                     /home/cbrissette/cuopt/.cuopt_env/lib/libabsl_debugging_internal.so.2601.0.0
7f425c5a0000-7f425c5a1000 r--p 00003000 08:20 174492                     /home/cbrissette/cuopt/.cuopt_env/lib/libabsl_debugging_internal.so.2601.0.0
7f425c5a1000-7f425c5a2000 r--p 00003000 08:20 174492                     /home/cbrissette/cuopt/.cuopt_env/lib/libabsl_debugging_internal.so.2601.0.0
7f425c5a2000-7f425c5a3000 rw-p 00004000 08:20 174492                     /home/cbrissette/cuopt/.cuopt_env/lib/libabsl_debugging_internal.so.2601.0.0
7f425c5a3000-7f425c5a4000 r--p 00000000 08:20 172719                     /home/cbrissette/cuopt/.cuopt_env/lib/libabsl_borrowed_fixup_buffer.so.2601.0.0
7f425c5a4000-7f425c5a5000 r-xp 00001000 08:20 172719                     /home/cbrissette/cuopt/.cuopt_env/lib/libabsl_borrowed_fixup_buffer.so.2601.0.0
7f425c5a5000-7f425c5a6000 r--p 00002000 08:20 172719                     /home/cbrissette/cuopt/.cuopt_env/lib/libabsl_borrowed_fixup_buffer.so.2601.0.0
7f425c5a6000-7f425c5a7000 r--p 00002000 08:20 172719                     /home/cbrissette/cuopt/.cuopt_env/lib/libabsl_borrowed_fixup_buffer.so.2601.0.0
7f425c5a7000-7f425c5a8000 rw-p 00003000 08:20 172719                     /home/cbrissette/cuopt/.cuopt_env/lib/libabsl_borrowed_fixup_buffer.so.2601.0.0
7f425c5a8000-7f425c5c0000 rw-p 00000000 00:00 0 
7f425c5c0000-7f425c5c2000 r--p 00000000 08:20 177931                     /home/cbrissette/cuopt/.cuopt_env/lib/libabsl_crc32c.so.2601.0.0
7f425c5c2000-7f425c5c3000 r-xp 00002000 08:20 177931                     /home/cbrissette/cuopt/.cuopt_env/lib/libabsl_crc32c.so.2601.0.0
7f425c5c3000-7f425c5c4000 r--p 00003000 08:20 177931                     /home/cbrissette/cuopt/.cuopt_env/lib/libabsl_crc32c.so.2601.0.0
7f425c5c4000-7f425c5c5000 r--p 00003000 08:20 177931                     /home/cbrissette/cuopt/.cuopt_env/lib/libabsl_crc32c.so.2601.0.0
7f425c5c5000-7f425c5c6000 rw-p 00004000 08:20 177931                     /home/cbrissette/cuopt/.cuopt_env/lib/libabsl_crc32c.so.2601.0.0
7f425c5c6000-7f425c5c7000 r--p 00000000 08:20 177959                     /home/cbrissette/cuopt/.cuopt_env/lib/libabsl_log_sink.so.2601.0.0
7f425c5c7000-7f425c5c8000 r-xp 00001000 08:20 177959                     /home/cbrissette/cuopt/.cuopt_env/lib/libabsl_log_sink.so.2601.0.0
7f425c5c8000-7f425c5c9000 r--p 00002000 08:20 177959                     /home/cbrissette/cuopt/.cuopt_env/lib/libabsl_log_sink.so.2601.0.0
7f425c5c9000-7f425c5ca000 r--p 00002000 08:20 177959                     /home/cbrissette/cuopt/.cuopt_env/lib/libabsl_log_sink.so.2601.0.0
7f425c5ca000-7f425c5cb000 rw-p 00003000 08:20 177959                     /home/cbrissette/cuopt/.cuopt_env/lib/libabsl_log_sink.so.2601.0.0
7f425c5cb000-7f425c5cd000 r--p 00000000 08:20 175392                     /home/cbrissette/cuopt/.cuopt_env/lib/libabsl_symbolize.so.2601.0.0
7f425c5cd000-7f425c5d0000 r-xp 00002000 08:20 175392                     /home/cbrissette/cuopt/.cuopt_env/lib/libabsl_symbolize.so.2601.0.0
7f425c5d0000-7f425c5d1000 r--p 00005000 08:20 175392                     /home/cbrissette/cuopt/.cuopt_env/lib/libabsl_symbolize.so.2601.0.0
7f425c5d1000-7f425c5d2000 r--p 00006000 08:20 175392                     /home/cbrissette/cuopt/.cuopt_env/lib/libabsl_symbolize.so.2601.0.0
7f425c5d2000-7f425c5d3000 rw-p 00007000 08:20 175392                     /home/cbrissette/cuopt/.cuopt_env/lib/libabsl_symbolize.so.2601.0.0
7f425c5d3000-7f425c5d4000 r--p 00000000 08:20 176368                     /home/cbrissette/cuopt/.cuopt_env/lib/libabsl_flags_private_handle_accessor.so.2601.0.0
7f425c5d4000-7f425c5d5000 r-xp 00001000 08:20 176368                     /home/cbrissette/cuopt/.cuopt_env/lib/libabsl_flags_private_handle_accessor.so.2601.0.0
7f425c5d5000-7f425c5d6000 r--p 00002000 08:20 176368                     /home/cbrissette/cuopt/.cuopt_env/lib/libabsl_flags_private_handle_accessor.so.2601.0.0
7f425c5d6000-7f425c5d7000 r--p 00002000 08:20 176368                     /home/cbrissette/cuopt/.cuopt_env/lib/libabsl_flags_private_handle_accessor.so.2601.0.0
7f425c5d7000-7f425c5d8000 rw-p 00003000 08:20 176368                     /home/cbrissette/cuopt/.cuopt_env/lib/libabsl_flags_private_handle_accessor.so.2601.0.0
7f425c5d8000-7f425c5da000 r--p 00000000 08:20 176315                     /home/cbrissette/cuopt/.cuopt_env/lib/libabsl_flags_config.so.2601.0.0
7f425c5da000-7f425c5dc000 r-xp 00002000 08:20 176315                     /home/cbrissette/cuopt/.cuopt_env/lib/libabsl_flags_config.so.2601.0.0
7f425c5dc000-7f425c5dd000 r--p 00004000 08:20 176315                     /home/cbrissette/cuopt/.cuopt_env/lib/libabsl_flags_config.so.2601.0.0
7f425c5dd000-7f425c5de000 r--p 00004000 08:20 176315                     /home/cbrissette/cuopt/.cuopt_env/lib/libabsl_flags_config.so.2601.0.0
7f425c5de000-7f425c5df000 rw-p 00005000 08:20 176315                     /home/cbrissette/cuopt/.cuopt_env/lib/libabsl_flags_config.so.2601.0.0
7f425c5df000-7f425c5e0000 r--p 00000000 08:20 174103                     /home/cbrissette/cuopt/.cuopt_env/lib/libabsl_flags_commandlineflag_internal.so.2601.0.0
7f425c5e0000-7f425c5e1000 r-xp 00001000 08:20 174103                     /home/cbrissette/cuopt/.cuopt_env/lib/libabsl_flags_commandlineflag_internal.so.2601.0.0
7f425c5e1000-7f425c5e2000 r--p 00002000 08:20 174103                     /home/cbrissette/cuopt/.cuopt_env/lib/libabsl_flags_commandlineflag_internal.so.2601.0.0
7f425c5e2000-7f425c5e3000 r--p 00002000 08:20 174103                     /home/cbrissette/cuopt/.cuopt_env/lib/libabsl_flags_commandlineflag_internal.so.2601.0.0
7f425c5e3000-7f425c5e4000 rw-p 00003000 08:20 174103                     /home/cbrissette/cuopt/.cuopt_env/lib/libabsl_flags_commandlineflag_internal.so.2601.0.0
7f425c5e4000-7f425c5e5000 r--p 00000000 08:20 175648                     /home/cbrissette/cuopt/.cuopt_env/lib/libabsl_flags_commandlineflag.so.2601.0.0
7f425c5e5000-7f425c5e6000 r-xp 00001000 08:20 175648                     /home/cbrissette/cuopt/.cuopt_env/lib/libabsl_flags_commandlineflag.so.2601.0.0
7f425c5e6000-7f425c5e7000 r--p 00002000 08:20 175648                     /home/cbrissette/cuopt/.cuopt_env/lib/libabsl_flags_commandlineflag.so.2601.0.0
7f425c5e7000-7f425c5e8000 r--p 00002000 08:20 175648                     /home/cbrissette/cuopt/.cuopt_env/lib/libabsl_flags_commandlineflag.so.2601.0.0
7f425c5e8000-7f425c5e9000 rw-p 00003000 08:20 175648                     /home/cbrissette/cuopt/.cuopt_env/lib/libabsl_flags_commandlineflag.so.2601.0.0
7f425c5e9000-7f425c5ea000 r--p 00000000 08:20 172450                     /home/cbrissette/cuopt/.cuopt_env/lib/libabsl_random_internal_platform.so.2601.0.0
7f425c5ea000-7f425c5eb000 r-xp 00001000 08:20 172450                     /home/cbrissette/cuopt/.cuopt_env/lib/libabsl_random_internal_platform.so.2601.0.0
7f425c5eb000-7f425c5ed000 r--p 00002000 08:20 172450                     /home/cbrissette/cuopt/.cuopt_env/lib/libabsl_random_internal_platform.so.2601.0.0
7f425c5ed000-7f425c5ee000 r--p 00003000 08:20 172450                     /home/cbrissette/cuopt/.cuopt_env/lib/libabsl_random_internal_platform.so.2601.0.0
7f425c5ee000-7f425c5ef000 rw-p 00004000 08:20 172450                     /home/cbrissette/cuopt/.cuopt_env/lib/libabsl_random_internal_platform.so.2601.0.0
7f425c5ef000-7f425c5f0000 r--p 00000000 08:20 178131                     /home/cbrissette/cuopt/.cuopt_env/lib/libabsl_random_internal_randen_hwaes.so.2601.0.0
7f425c5f0000-7f425c5f1000 r-xp 00001000 08:20 178131                     /home/cbrissette/cuopt/.cuopt_env/lib/libabsl_random_internal_randen_hwaes.so.2601.0.0
7f425c5f1000-7f425c5f2000 r--p 00002000 08:20 178131                     /home/cbrissette/cuopt/.cuopt_env/lib/libabsl_random_internal_randen_hwaes.so.2601.0.0
7f425c5f2000-7f425c5f3000 r--p 00002000 08:20 178131                     /home/cbrissette/cuopt/.cuopt_env/lib/libabsl_random_internal_randen_hwaes.so.2601.0.0
7f425c5f3000-7f425c5f4000 rw-p 00003000 08:20 178131                     /home/cbrissette/cuopt/.cuopt_env/lib/libabsl_random_internal_randen_hwaes.so.2601.0.0
7f425c5f4000-7f425c5f5000 r--p 00000000 08:20 176601                     /home/cbrissette/cuopt/.cuopt_env/lib/libabsl_random_seed_gen_exception.so.2601.0.0
7f425c5f5000-7f425c5f6000 r-xp 00001000 08:20 176601                     /home/cbrissette/cuopt/.cuopt_env/lib/libabsl_random_seed_gen_exception.so.2601.0.0
7f425c5f6000-7f425c5f7000 r--p 00002000 08:20 176601                     /home/cbrissette/cuopt/.cuopt_env/lib/libabsl_random_seed_gen_exception.so.2601.0.0
7f425c5f7000-7f425c5f8000 r--p 00002000 08:20 176601                     /home/cbrissette/cuopt/.cuopt_env/lib/libabsl_random_seed_gen_exception.so.2601.0.0
7f425c5f8000-7f425c5f9000 rw-p 00003000 08:20 176601                     /home/cbrissette/cuopt/.cuopt_env/lib/libabsl_random_seed_gen_exception.so.2601.0.0
7f425c5f9000-7f425c5fa000 r--p 00000000 08:20 178171                     /home/cbrissette/cuopt/.cuopt_env/lib/libabsl_random_internal_seed_material.so.2601.0.0
7f425c5fa000-7f425c5fb000 r-xp 00001000 08:20 178171                     /home/cbrissette/cuopt/.cuopt_env/lib/libabsl_random_internal_seed_material.so.2601.0.0
7f425c5fb000-7f425c5fc000 r--p 00002000 08:20 178171                     /home/cbrissette/cuopt/.cuopt_env/lib/libabsl_random_internal_seed_material.so.2601.0.0
7f425c5fc000-7f425c5fd000 r--p 00002000 08:20 178171                     /home/cbrissette/cuopt/.cuopt_env/lib/libabsl_random_internal_seed_material.so.2601.0.0
7f425c5fd000-7f425c5fe000 rw-p 00003000 08:20 178171                     /home/cbrissette/cuopt/.cuopt_env/lib/libabsl_random_internal_seed_material.so.2601.0.0
7f425c5fe000-7f425c5ff000 r--p 00000000 08:20 175910                     /home/cbrissette/cuopt/.cuopt_env/lib/libabsl_city.so.2601.0.0
7f425c5ff000-7f425c600000 r-xp 00001000 08:20 175910                     /home/cbrissette/cuopt/.cuopt_env/lib/libabsl_city.so.2601.0.0
7f425c600000-7f425c601000 r--p 00002000 08:20 175910                     /home/cbrissette/cuopt/.cuopt_env/lib/libabsl_city.so.2601.0.0
7f425c601000-7f425c602000 r--p 00002000 08:20 175910                     /home/cbrissette/cuopt/.cuopt_env/lib/libabsl_city.so.2601.0.0
7f425c602000-7f425c603000 rw-p 00003000 08:20 175910                     /home/cbrissette/cuopt/.cuopt_env/lib/libabsl_city.so.2601.0.0
7f425c603000-7f425c605000 r--p 00000000 08:20 174503                     /home/cbrissette/cuopt/.cuopt_env/lib/libabsl_hashtablez_sampler.so.2601.0.0
7f425c605000-7f425c606000 r-xp 00002000 08:20 174503                     /home/cbrissette/cuopt/.cuopt_env/lib/libabsl_hashtablez_sampler.so.2601.0.0
7f425c606000-7f425c607000 r--p 00003000 08:20 174503                     /home/cbrissette/cuopt/.cuopt_env/lib/libabsl_hashtablez_sampler.so.2601.0.0
7f425c607000-7f425c608000 r--p 00003000 08:20 174503                     /home/cbrissette/cuopt/.cuopt_env/lib/libabsl_hashtablez_sampler.so.2601.0.0
7f425c608000-7f425c609000 rw-p 00004000 08:20 174503                     /home/cbrissette/cuopt/.cuopt_env/lib/libabsl_hashtablez_sampler.so.2601.0.0
7f425c609000-7f425c60b000 r--p 00000000 08:20 176334                     /home/cbrissette/cuopt/.cuopt_env/lib/libabsl_int128.so.2601.0.0
7f425c60b000-7f425c60d000 r-xp 00002000 08:20 176334                     /home/cbrissette/cuopt/.cuopt_env/lib/libabsl_int128.so.2601.0.0
7f425c60d000-7f425c60e000 r--p 00004000 08:20 176334                     /home/cbrissette/cuopt/.cuopt_env/lib/libabsl_int128.so.2601.0.0
7f425c60e000-7f425c60f000 r--p 00004000 08:20 176334                     /home/cbrissette/cuopt/.cuopt_env/lib/libabsl_int128.so.2601.0.0
7f425c60f000-7f425c610000 rw-p 00005000 08:20 176334                     /home/cbrissette/cuopt/.cuopt_env/lib/libabsl_int128.so.2601.0.0
7f425c610000-7f425c611000 r--p 00000000 08:20 173674                     /home/cbrissette/cuopt/.cuopt_env/lib/libabsl_log_internal_fnmatch.so.2601.0.0
7f425c611000-7f425c612000 r-xp 00001000 08:20 173674                     /home/cbrissette/cuopt/.cuopt_env/lib/libabsl_log_internal_fnmatch.so.2601.0.0
7f425c612000-7f425c613000 r--p 00002000 08:20 173674                     /home/cbrissette/cuopt/.cuopt_env/lib/libabsl_log_internal_fnmatch.so.2601.0.0
7f425c613000-7f425c614000 r--p 00002000 08:20 173674                     /home/cbrissette/cuopt/.cuopt_env/lib/libabsl_log_internal_fnmatch.so.2601.0.0
7f425c614000-7f425c615000 rw-p 00003000 08:20 173674                     /home/cbrissette/cuopt/.cuopt_env/lib/libabsl_log_internal_fnmatch.so.2601.0.0
7f425c615000-7f425c617000 r--p 00000000 08:20 176024                     /home/cbrissette/cuopt/.cuopt_env/lib/libabsl_malloc_internal.so.2601.0.0
7f425c617000-7f425c619000 r-xp 00002000 08:20 176024                     /home/cbrissette/cuopt/.cuopt_env/lib/libabsl_malloc_internal.so.2601.0.0
7f425c619000-7f425c61a000 r--p 00004000 08:20 176024                     /home/cbrissette/cuopt/.cuopt_env/lib/libabsl_malloc_internal.so.2601.0.0
7f425c61a000-7f425c61b000 r--p 00004000 08:20 176024                     /home/cbrissette/cuopt/.cuopt_env/lib/libabsl_malloc_internal.so.2601.0.0
7f425c61b000-7f425c61c000 rw-p 00005000 08:20 176024                     /home/cbrissette/cuopt/.cuopt_env/lib/libabsl_malloc_internal.so.2601.0.0
7f425c61c000-7f425c61d000 r--p 00000000 08:20 178559                     /home/cbrissette/cuopt/.cuopt_env/lib/libabsl_tracing_internal.so.2601.0.0
7f425c61d000-7f425c61e000 r-xp 00001000 08:20 178559                     /home/cbrissette/cuopt/.cuopt_env/lib/libabsl_tracing_internal.so.2601.0.0
7f425c61e000-7f425c61f000 r--p 00002000 08:20 178559                     /home/cbrissette/cuopt/.cuopt_env/lib/libabsl_tracing_internal.so.2601.0.0
7f425c61f000-7f425c620000 r--p 00002000 08:20 178559                     /home/cbrissette/cuopt/.cuopt_env/lib/libabsl_tracing_internal.so.2601.0.0
7f425c620000-7f425c621000 rw-p 00003000 08:20 178559                     /home/cbrissette/cuopt/.cuopt_env/lib/libabsl_tracing_internal.so.2601.0.0
7f425c621000-7f425c622000 r--p 00000000 08:20 173445                     /home/cbrissette/cuopt/.cuopt_env/lib/libabsl_exponential_biased.so.2601.0.0
7f425c622000-7f425c623000 r-xp 00001000 08:20 173445                     /home/cbrissette/cuopt/.cuopt_env/lib/libabsl_exponential_biased.so.2601.0.0
7f425c623000-7f425c624000 r--p 00002000 08:20 173445                     /home/cbrissette/cuopt/.cuopt_env/lib/libabsl_exponential_biased.so.2601.0.0
7f425c624000-7f425c625000 r--p 00002000 08:20 173445                     /home/cbrissette/cuopt/.cuopt_env/lib/libabsl_exponential_biased.so.2601.0.0
7f425c625000-7f425c626000 rw-p 00003000 08:20 173445                     /home/cbrissette/cuopt/.cuopt_env/lib/libabsl_exponential_biased.so.2601.0.0
7f425c626000-7f425c627000 r--p 00000000 08:20 173659                     /home/cbrissette/cuopt/.cuopt_env/lib/libabsl_stacktrace.so.2601.0.0
7f425c627000-7f425c629000 r-xp 00001000 08:20 173659                     /home/cbrissette/cuopt/.cuopt_env/lib/libabsl_stacktrace.so.2601.0.0
7f425c629000-7f425c62a000 r--p 00003000 08:20 173659                     /home/cbrissette/cuopt/.cuopt_env/lib/libabsl_stacktrace.so.2601.0.0
7f425c62a000-7f425c62b000 r--p 00003000 08:20 173659                     /home/cbrissette/cuopt/.cuopt_env/lib/libabsl_stacktrace.so.2601.0.0
7f425c62b000-7f425c62c000 rw-p 00004000 08:20 173659                     /home/cbrissette/cuopt/.cuopt_env/lib/libabsl_stacktrace.so.2601.0.0
7f425c62c000-7f425c62e000 r--p 00000000 08:20 177928                     /home/cbrissette/cuopt/.cuopt_env/lib/libabsl_cordz_handle.so.2601.0.0
7f425c62e000-7f425c62f000 r-xp 00002000 08:20 177928                     /home/cbrissette/cuopt/.cuopt_env/lib/libabsl_cordz_handle.so.2601.0.0
7f425c62f000-7f425c630000 r--p 00003000 08:20 177928                     /home/cbrissette/cuopt/.cuopt_env/lib/libabsl_cordz_handle.so.2601.0.0
7f425c630000-7f425c631000 r--p 00003000 08:20 177928                     /home/cbrissette/cuopt/.cuopt_env/lib/libabsl_cordz_handle.so.2601.0.0
7f425c631000-7f425c632000 rw-p 00004000 08:20 177928                     /home/cbrissette/cuopt/.cuopt_env/lib/libabsl_cordz_handle.so.2601.0.0
7f425c632000-7f425c634000 r--p 00000000 08:20 175778                     /home/cbrissette/cuopt/.cuopt_env/lib/libabsl_crc_cord_state.so.2601.0.0
7f425c634000-7f425c638000 r-xp 00002000 08:20 175778                     /home/cbrissette/cuopt/.cuopt_env/lib/libabsl_crc_cord_state.so.2601.0.0
7f425c638000-7f425c639000 r--p 00006000 08:20 175778                     /home/cbrissette/cuopt/.cuopt_env/lib/libabsl_crc_cord_state.so.2601.0.0
7f425c639000-7f425c63a000 r--p 00006000 08:20 175778                     /home/cbrissette/cuopt/.cuopt_env/lib/libabsl_crc_cord_state.so.2601.0.0
7f425c63a000-7f425c63b000 rw-p 00007000 08:20 175778                     /home/cbrissette/cuopt/.cuopt_env/lib/libabsl_crc_cord_state.so.2601.0.0
7f425c63b000-7f425c63c000 r--p 00000000 08:20 177417                     /home/cbrissette/cuopt/.cuopt_env/lib/libabsl_raw_logging_internal.so.2601.0.0
7f425c63c000-7f425c63d000 r-xp 00001000 08:20 177417                     /home/cbrissette/cuopt/.cuopt_env/lib/libabsl_raw_logging_internal.so.2601.0.0
7f425c63d000-7f425c63e000 r--p 00002000 08:20 177417                     /home/cbrissette/cuopt/.cuopt_env/lib/libabsl_raw_logging_internal.so.2601.0.0
7f425c63e000-7f425c63f000 r--p 00002000 08:20 177417                     /home/cbrissette/cuopt/.cuopt_env/lib/libabsl_raw_logging_internal.so.2601.0.0
7f425c63f000-7f425c640000 rw-p 00003000 08:20 177417                     /home/cbrissette/cuopt/.cuopt_env/lib/libabsl_raw_logging_internal.so.2601.0.0
7f425c640000-7f425c642000 r--p 00000000 08:20 173916                     /home/cbrissette/cuopt/.cuopt_env/lib/libabsl_base.so.2601.0.0
7f425c642000-7f425c643000 r-xp 00002000 08:20 173916                     /home/cbrissette/cuopt/.cuopt_env/lib/libabsl_base.so.2601.0.0
7f425c643000-7f425c644000 r--p 00003000 08:20 173916                     /home/cbrissette/cuopt/.cuopt_env/lib/libabsl_base.so.2601.0.0
7f425c644000-7f425c645000 r--p 00003000 08:20 173916                     /home/cbrissette/cuopt/.cuopt_env/lib/libabsl_base.so.2601.0.0
7f425c645000-7f425c646000 rw-p 00004000 08:20 173916                     /home/cbrissette/cuopt/.cuopt_env/lib/libabsl_base.so.2601.0.0
7f425c646000-7f425c648000 r--p 00000000 08:20 177853                     /home/cbrissette/cuopt/.cuopt_env/lib/libabsl_strings_internal.so.2601.0.0
7f425c648000-7f425c649000 r-xp 00002000 08:20 177853                     /home/cbrissette/cuopt/.cuopt_env/lib/libabsl_strings_internal.so.2601.0.0
7f425c649000-7f425c64a000 r--p 00003000 08:20 177853                     /home/cbrissette/cuopt/.cuopt_env/lib/libabsl_strings_internal.so.2601.0.0
7f425c64a000-7f425c64b000 r--p 00003000 08:20 177853                     /home/cbrissette/cuopt/.cuopt_env/lib/libabsl_strings_internal.so.2601.0.0
7f425c64b000-7f425c64c000 rw-p 00004000 08:20 177853                     /home/cbrissette/cuopt/.cuopt_env/lib/libabsl_strings_internal.so.2601.0.0
7f425c64c000-7f425c64d000 r--p 00000000 08:20 174472                     /home/cbrissette/cuopt/.cuopt_env/lib/libabsl_log_internal_proto.so.2601.0.0
7f425c64d000-7f425c64e000 r-xp 00001000 08:20 174472                     /home/cbrissette/cuopt/.cuopt_env/lib/libabsl_log_internal_proto.so.2601.0.0
7f425c64e000-7f425c64f000 r--p 00002000 08:20 174472                     /home/cbrissette/cuopt/.cuopt_env/lib/libabsl_log_internal_proto.so.2601.0.0
7f425c64f000-7f425c650000 r--p 00002000 08:20 174472                     /home/cbrissette/cuopt/.cuopt_env/lib/libabsl_log_internal_proto.so.2601.0.0
7f425c650000-7f425c651000 rw-p 00003000 08:20 174472                     /home/cbrissette/cuopt/.cuopt_env/lib/libabsl_log_internal_proto.so.2601.0.0
7f425c651000-7f425c652000 r--p 00000000 08:20 177006                     /home/cbrissette/cuopt/.cuopt_env/lib/libabsl_log_internal_globals.so.2601.0.0
7f425c652000-7f425c653000 r-xp 00001000 08:20 177006                     /home/cbrissette/cuopt/.cuopt_env/lib/libabsl_log_internal_globals.so.2601.0.0
7f425c653000-7f425c654000 r--p 00002000 08:20 177006                     /home/cbrissette/cuopt/.cuopt_env/lib/libabsl_log_internal_globals.so.2601.0.0
7f425c654000-7f425c655000 r--p 00002000 08:20 177006                     /home/cbrissette/cuopt/.cuopt_env/lib/libabsl_log_internal_globals.so.2601.0.0
7f425c655000-7f425c656000 rw-p 00003000 08:20 177006                     /home/cbrissette/cuopt/.cuopt_env/lib/libabsl_log_internal_globals.so.2601.0.0
7f425c656000-7f425c658000 r--p 00000000 08:20 172473                     /home/cbrissette/cuopt/.cuopt_env/lib/libabsl_log_internal_log_sink_set.so.2601.0.0
7f425c658000-7f425c659000 r-xp 00002000 08:20 172473                     /home/cbrissette/cuopt/.cuopt_env/lib/libabsl_log_internal_log_sink_set.so.2601.0.0
7f425c659000-7f425c65a000 r--p 00003000 08:20 172473                     /home/cbrissette/cuopt/.cuopt_env/lib/libabsl_log_internal_log_sink_set.so.2601.0.0
7f425c65a000-7f425c65b000 r--p 00003000 08:20 172473                     /home/cbrissette/cuopt/.cuopt_env/lib/libabsl_log_internal_log_sink_set.so.2601.0.0
7f425c65b000-7f425c65c000 rw-p 00004000 08:20 172473                     /home/cbrissette/cuopt/.cuopt_env/lib/libabsl_log_internal_log_sink_set.so.2601.0.0
7f425c65c000-7f425c65d000 r--p 00000000 08:20 173223                     /home/cbrissette/cuopt/.cuopt_env/lib/libabsl_strerror.so.2601.0.0
7f425c65d000-7f425c65e000 r-xp 00001000 08:20 173223                     /home/cbrissette/cuopt/.cuopt_env/lib/libabsl_strerror.so.2601.0.0
7f425c65e000-7f425c65f000 r--p 00002000 08:20 173223                     /home/cbrissette/cuopt/.cuopt_env/lib/libabsl_strerror.so.2601.0.0
7f425c65f000-7f425c660000 r--p 00002000 08:20 173223                     /home/cbrissette/cuopt/.cuopt_env/lib/libabsl_strerror.so.2601.0.0
7f425c660000-7f425c661000 rw-p 00003000 08:20 173223                     /home/cbrissette/cuopt/.cuopt_env/lib/libabsl_strerror.so.2601.0.0
7f425c661000-7f425c662000 r--p 00000000 08:20 175668                     /home/cbrissette/cuopt/.cuopt_env/lib/libabsl_log_internal_structured_proto.so.2601.0.0
7f425c662000-7f425c663000 r-xp 00001000 08:20 175668                     /home/cbrissette/cuopt/.cuopt_env/lib/libabsl_log_internal_structured_proto.so.2601.0.0
7f425c663000-7f425c664000 r--p 00002000 08:20 175668                     /home/cbrissette/cuopt/.cuopt_env/lib/libabsl_log_internal_structured_proto.so.2601.0.0
7f425c664000-7f425c665000 r--p 00002000 08:20 175668                     /home/cbrissette/cuopt/.cuopt_env/lib/libabsl_log_internal_structured_proto.so.2601.0.0
7f425c665000-7f425c666000 rw-p 00003000 08:20 175668                     /home/cbrissette/cuopt/.cuopt_env/lib/libabsl_log_internal_structured_proto.so.2601.0.0
7f425c666000-7f425c668000 r--p 00000000 08:20 173934                     /home/cbrissette/cuopt/.cuopt_env/lib/libabsl_log_internal_format.so.2601.0.0
7f425c668000-7f425c669000 r-xp 00002000 08:20 173934                     /home/cbrissette/cuopt/.cuopt_env/lib/libabsl_log_internal_format.so.2601.0.0
7f425c669000-7f425c66a000 r--p 00003000 08:20 173934                     /home/cbrissette/cuopt/.cuopt_env/lib/libabsl_log_internal_format.so.2601.0.0
7f425c66a000-7f425c66b000 r--p 00003000 08:20 173934                     /home/cbrissette/cuopt/.cuopt_env/lib/libabsl_log_internal_format.so.2601.0.0
7f425c66b000-7f425c66c000 rw-p 00004000 08:20 173934                     /home/cbrissette/cuopt/.cuopt_env/lib/libabsl_log_internal_format.so.2601.0.0
7f425c66c000-7f425c66d000 r--p 00000000 08:20 172814                     /home/cbrissette/cuopt/.cuopt_env/lib/libabsl_examine_stack.so.2601.0.0
7f425c66d000-7f425c66e000 r-xp 00001000 08:20 172814                     /home/cbrissette/cuopt/.cuopt_env/lib/libabsl_examine_stack.so.2601.0.0
7f425c66e000-7f425c66f000 r--p 00002000 08:20 172814                     /home/cbrissette/cuopt/.cuopt_env/lib/libabsl_examine_stack.so.2601.0.0
7f425c66f000-7f425c670000 r--p 00002000 08:20 172814                     /home/cbrissette/cuopt/.cuopt_env/lib/libabsl_examine_stack.so.2601.0.0
7f425c670000-7f425c671000 rw-p 00003000 08:20 172814                     /home/cbrissette/cuopt/.cuopt_env/lib/libabsl_examine_stack.so.2601.0.0
7f425c671000-7f425c672000 r--p 00000000 08:20 176086                     /home/cbrissette/cuopt/.cuopt_env/lib/libabsl_leak_check.so.2601.0.0
7f425c672000-7f425c673000 r-xp 00001000 08:20 176086                     /home/cbrissette/cuopt/.cuopt_env/lib/libabsl_leak_check.so.2601.0.0
7f425c673000-7f425c674000 r--p 00002000 08:20 176086                     /home/cbrissette/cuopt/.cuopt_env/lib/libabsl_leak_check.so.2601.0.0
7f425c674000-7f425c675000 r--p 00002000 08:20 176086                     /home/cbrissette/cuopt/.cuopt_env/lib/libabsl_leak_check.so.2601.0.0
7f425c675000-7f425c676000 rw-p 00003000 08:20 176086                     /home/cbrissette/cuopt/.cuopt_env/lib/libabsl_leak_check.so.2601.0.0
7f425c676000-7f425c679000 r--p 00000000 08:20 172840                     /home/cbrissette/cuopt/.cuopt_env/lib/libabsl_flags_reflection.so.2601.0.0
7f425c679000-7f425c67f000 r-xp 00003000 08:20 172840                     /home/cbrissette/cuopt/.cuopt_env/lib/libabsl_flags_reflection.so.2601.0.0
7f425c67f000-7f425c681000 r--p 00009000 08:20 172840                     /home/cbrissette/cuopt/.cuopt_env/lib/libabsl_flags_reflection.so.2601.0.0
7f425c681000-7f425c682000 r--p 0000a000 08:20 172840                     /home/cbrissette/cuopt/.cuopt_env/lib/libabsl_flags_reflection.so.2601.0.0
7f425c682000-7f425c683000 rw-p 0000b000 08:20 172840                     /home/cbrissette/cuopt/.cuopt_env/lib/libabsl_flags_reflection.so.2601.0.0
7f425c683000-7f425c687000 r--p 00000000 08:20 173480                     /home/cbrissette/cuopt/.cuopt_env/lib/libabsl_flags_marshalling.so.2601.0.0
7f425c687000-7f425c68c000 r-xp 00004000 08:20 173480                     /home/cbrissette/cuopt/.cuopt_env/lib/libabsl_flags_marshalling.so.2601.0.0
7f425c68c000-7f425c68d000 r--p 00009000 08:20 173480                     /home/cbrissette/cuopt/.cuopt_env/lib/libabsl_flags_marshalling.so.2601.0.0
7f425c68d000-7f425c68e000 r--p 0000a000 08:20 173480                     /home/cbrissette/cuopt/.cuopt_env/lib/libabsl_flags_marshalling.so.2601.0.0
7f425c68e000-7f425c68f000 rw-p 0000b000 08:20 173480                     /home/cbrissette/cuopt/.cuopt_env/lib/libabsl_flags_marshalling.so.2601.0.0
7f425c68f000-7f425c693000 r--p 00000000 08:20 176110                     /home/cbrissette/cuopt/.cuopt_env/lib/libabsl_flags_internal.so.2601.0.0
7f425c693000-7f425c696000 r-xp 00004000 08:20 176110                     /home/cbrissette/cuopt/.cuopt_env/lib/libabsl_flags_internal.so.2601.0.0
7f425c696000-7f425c698000 r--p 00007000 08:20 176110                     /home/cbrissette/cuopt/.cuopt_env/lib/libabsl_flags_internal.so.2601.0.0
7f425c698000-7f425c699000 r--p 00008000 08:20 176110                     /home/cbrissette/cuopt/.cuopt_env/lib/libabsl_flags_internal.so.2601.0.0
7f425c699000-7f425c69a000 rw-p 00009000 08:20 176110                     /home/cbrissette/cuopt/.cuopt_env/lib/libabsl_flags_internal.so.2601.0.0
7f425c69a000-7f425c69b000 r--p 00000000 08:20 176919                     /home/cbrissette/cuopt/.cuopt_env/lib/libabsl_random_internal_randen_slow.so.2601.0.0
7f425c69b000-7f425c69c000 r-xp 00001000 08:20 176919                     /home/cbrissette/cuopt/.cuopt_env/lib/libabsl_random_internal_randen_slow.so.2601.0.0
7f425c69c000-7f425c69e000 r--p 00002000 08:20 176919                     /home/cbrissette/cuopt/.cuopt_env/lib/libabsl_random_internal_randen_slow.so.2601.0.0
7f425c69e000-7f425c69f000 r--p 00003000 08:20 176919                     /home/cbrissette/cuopt/.cuopt_env/lib/libabsl_random_internal_randen_slow.so.2601.0.0
7f425c69f000-7f425c6a0000 rw-p 00004000 08:20 176919                     /home/cbrissette/cuopt/.cuopt_env/lib/libabsl_random_internal_randen_slow.so.2601.0.0
7f425c6a0000-7f425c6a1000 r--p 00000000 08:20 172885                     /home/cbrissette/cuopt/.cuopt_env/lib/libabsl_random_internal_randen_hwaes_impl.so.2601.0.0
7f425c6a1000-7f425c6a2000 r-xp 00001000 08:20 172885                     /home/cbrissette/cuopt/.cuopt_env/lib/libabsl_random_internal_randen_hwaes_impl.so.2601.0.0
7f425c6a2000-7f425c6a3000 r--p 00002000 08:20 172885                     /home/cbrissette/cuopt/.cuopt_env/lib/libabsl_random_internal_randen_hwaes_impl.so.2601.0.0
7f425c6a3000-7f425c6a4000 r--p 00002000 08:20 172885                     /home/cbrissette/cuopt/.cuopt_env/lib/libabsl_random_internal_randen_hwaes_impl.so.2601.0.0
7f425c6a4000-7f425c6a5000 rw-p 00003000 08:20 172885                     /home/cbrissette/cuopt/.cuopt_env/lib/libabsl_random_internal_randen_hwaes_impl.so.2601.0.0
7f425c6a5000-7f425c6a6000 r--p 00000000 08:20 173464                     /home/cbrissette/cuopt/.cuopt_env/lib/libabsl_random_internal_randen.so.2601.0.0
7f425c6a6000-7f425c6a7000 r-xp 00001000 08:20 173464                     /home/cbrissette/cuopt/.cuopt_env/lib/libabsl_random_internal_randen.so.2601.0.0
7f425c6a7000-7f425c6a8000 r--p 00002000 08:20 173464                     /home/cbrissette/cuopt/.cuopt_env/lib/libabsl_random_internal_randen.so.2601.0.0
7f425c6a8000-7f425c6a9000 r--p 00002000 08:20 173464                     /home/cbrissette/cuopt/.cuopt_env/lib/libabsl_random_internal_randen.so.2601.0.0
7f425c6a9000-7f425c6aa000 rw-p 00003000 08:20 173464                     /home/cbrissette/cuopt/.cuopt_env/lib/libabsl_random_internal_randen.so.2601.0.0
7f425c6aa000-7f425c6ac000 r--p 00000000 08:20 178082                     /home/cbrissette/cuopt/.cuopt_env/lib/libabsl_kernel_timeout_internal.so.2601.0.0
7f425c6ac000-7f425c6ad000 r-xp 00002000 08:20 178082                     /home/cbrissette/cuopt/.cuopt_env/lib/libabsl_kernel_timeout_internal.so.2601.0.0
7f425c6ad000-7f425c6ae000 r--p 00003000 08:20 178082                     /home/cbrissette/cuopt/.cuopt_env/lib/libabsl_kernel_timeout_internal.so.2601.0.0
7f425c6ae000-7f425c6af000 r--p 00003000 08:20 178082                     /home/cbrissette/cuopt/.cuopt_env/lib/libabsl_kernel_timeout_internal.so.2601.0.0
7f425c6af000-7f425c6b0000 rw-p 00004000 08:20 178082                     /home/cbrissette/cuopt/.cuopt_env/lib/libabsl_kernel_timeout_internal.so.2601.0.0
7f425c6b0000-7f425c6b2000 r--p 00000000 08:20 175359                     /home/cbrissette/cuopt/.cuopt_env/lib/libabsl_random_internal_entropy_pool.so.2601.0.0
7f425c6b2000-7f425c6b3000 r-xp 00002000 08:20 175359                     /home/cbrissette/cuopt/.cuopt_env/lib/libabsl_random_internal_entropy_pool.so.2601.0.0
7f425c6b3000-7f425c6b4000 r--p 00003000 08:20 175359                     /home/cbrissette/cuopt/.cuopt_env/lib/libabsl_random_internal_entropy_pool.so.2601.0.0
7f425c6b4000-7f425c6b5000 r--p 00003000 08:20 175359                     /home/cbrissette/cuopt/.cuopt_env/lib/libabsl_random_internal_entropy_pool.so.2601.0.0
7f425c6b5000-7f425c6b6000 rw-p 00004000 08:20 175359                     /home/cbrissette/cuopt/.cuopt_env/lib/libabsl_random_internal_entropy_pool.so.2601.0.0
7f425c6b6000-7f425c6b8000 r--p 00000000 08:20 178507                     /home/cbrissette/cuopt/.cuopt_env/lib/libabsl_log_globals.so.2601.0.0
7f425c6b8000-7f425c6b9000 r-xp 00002000 08:20 178507                     /home/cbrissette/cuopt/.cuopt_env/lib/libabsl_log_globals.so.2601.0.0
7f425c6b9000-7f425c6ba000 r--p 00003000 08:20 178507                     /home/cbrissette/cuopt/.cuopt_env/lib/libabsl_log_globals.so.2601.0.0
7f425c6ba000-7f425c6bb000 r--p 00003000 08:20 178507                     /home/cbrissette/cuopt/.cuopt_env/lib/libabsl_log_globals.so.2601.0.0
7f425c6bb000-7f425c6bc000 rw-p 00004000 08:20 178507                     /home/cbrissette/cuopt/.cuopt_env/lib/libabsl_log_globals.so.2601.0.0
7f425c6bc000-7f425c7ab000 r--p 00000000 08:20 320733                     /home/cbrissette/cuopt/.cuopt_env/lib/libcrypto.so.3
7f425c7ab000-7f425cb0f000 r-xp 000ef000 08:20 320733                     /home/cbrissette/cuopt/.cuopt_env/lib/libcrypto.so.3
7f425cb0f000-7f425cc46000 r--p 00453000 08:20 320733                     /home/cbrissette/cuopt/.cuopt_env/lib/libcrypto.so.3
7f425cc46000-7f425ccc8000 r--p 00589000 08:20 320733                     /home/cbrissette/cuopt/.cuopt_env/lib/libcrypto.so.3
7f425ccc8000-7f425cccb000 rw-p 0060b000 08:20 320733                     /home/cbrissette/cuopt/.cuopt_env/lib/libcrypto.so.3
7f425cccb000-7f425ccce000 rw-p 00000000 00:00 0 
7f425ccce000-7f425ccf2000 r--p 00000000 08:20 167892                     /home/cbrissette/cuopt/.cuopt_env/lib/libssl.so.3
7f425ccf2000-7f425cd8d000 r-xp 00024000 08:20 167892                     /home/cbrissette/cuopt/.cuopt_env/lib/libssl.so.3
7f425cd8d000-7f425cdbd000 r--p 000bf000 08:20 167892                     /home/cbrissette/cuopt/.cuopt_env/lib/libssl.so.3
7f425cdbd000-7f425cdc7000 r--p 000ef000 08:20 167892                     /home/cbrissette/cuopt/.cuopt_env/lib/libssl.so.3
7f425cdc7000-7f425cdcb000 rw-p 000f9000 08:20 167892                     /home/cbrissette/cuopt/.cuopt_env/lib/libssl.so.3
7f425cdcb000-7f425cde3000 r--p 00000000 08:20 192153                     /home/cbrissette/cuopt/.cuopt_env/lib/libre2.so.11
7f425cde3000-7f425ce29000 r-xp 00018000 08:20 192153                     /home/cbrissette/cuopt/.cuopt_env/lib/libre2.so.11
7f425ce29000-7f425ce42000 r--p 0005e000 08:20 192153                     /home/cbrissette/cuopt/.cuopt_env/lib/libre2.so.11
7f425ce42000-7f425ce47000 r--p 00076000 08:20 192153                     /home/cbrissette/cuopt/.cuopt_env/lib/libre2.so.11
7f425ce47000-7f425ce48000 rw-p 0007b000 08:20 192153                     /home/cbrissette/cuopt/.cuopt_env/lib/libre2.so.11
7f425ce48000-7f425ce56000 r--p 00000000 08:20 84539                      /home/cbrissette/cuopt/.cuopt_env/lib/libcares.so.2.19.5
7f425ce56000-7f425ce81000 r-xp 0000e000 08:20 84539                      /home/cbrissette/cuopt/.cuopt_env/lib/libcares.so.2.19.5
7f425ce81000-7f425ce8c000 r--p 00039000 08:20 84539                      /home/cbrissette/cuopt/.cuopt_env/lib/libcares.so.2.19.5
7f425ce8c000-7f425ce8e000 r--p 00043000 08:20 84539                      /home/cbrissette/cuopt/.cuopt_env/lib/libcares.so.2.19.5
7f425ce8e000-7f425ce8f000 rw-p 00045000 08:20 84539                      /home/cbrissette/cuopt/.cuopt_env/lib/libcares.so.2.19.5
7f425ce8f000-7f425ce90000 r--p 00000000 08:20 139113                     /home/cbrissette/cuopt/.cuopt_env/lib/libaddress_sorting.so.52.0.0
7f425ce90000-7f425ce91000 r-xp 00001000 08:20 139113                     /home/cbrissette/cuopt/.cuopt_env/lib/libaddress_sorting.so.52.0.0
7f425ce91000-7f425ce92000 r--p 00002000 08:20 139113                     /home/cbrissette/cuopt/.cuopt_env/lib/libaddress_sorting.so.52.0.0
7f425ce92000-7f425ce93000 r--p 00002000 08:20 139113                     /home/cbrissette/cuopt/.cuopt_env/lib/libaddress_sorting.so.52.0.0
7f425ce93000-7f425ce94000 rw-p 00003000 08:20 139113                     /home/cbrissette/cuopt/.cuopt_env/lib/libaddress_sorting.so.52.0.0
7f425ce94000-7f425ce97000 r--p 00000000 08:20 175772                     /home/cbrissette/cuopt/.cuopt_env/lib/libabsl_throw_delegate.so.2601.0.0
7f425ce97000-7f425ce98000 r-xp 00003000 08:20 175772                     /home/cbrissette/cuopt/.cuopt_env/lib/libabsl_throw_delegate.so.2601.0.0
7f425ce98000-7f425ce99000 r--p 00004000 08:20 175772                     /home/cbrissette/cuopt/.cuopt_env/lib/libabsl_throw_delegate.so.2601.0.0
7f425ce99000-7f425ce9a000 r--p 00004000 08:20 175772                     /home/cbrissette/cuopt/.cuopt_env/lib/libabsl_throw_delegate.so.2601.0.0
7f425ce9a000-7f425ce9b000 rw-p 00005000 08:20 175772                     /home/cbrissette/cuopt/.cuopt_env/lib/libabsl_throw_delegate.so.2601.0.0
7f425ce9b000-7f425ce9c000 r--p 00000000 08:20 174707                     /home/cbrissette/cuopt/.cuopt_env/lib/libabsl_spinlock_wait.so.2601.0.0
7f425ce9c000-7f425ce9d000 r-xp 00001000 08:20 174707                     /home/cbrissette/cuopt/.cuopt_env/lib/libabsl_spinlock_wait.so.2601.0.0
7f425ce9d000-7f425ce9e000 r--p 00002000 08:20 174707                     /home/cbrissette/cuopt/.cuopt_env/lib/libabsl_spinlock_wait.so.2601.0.0
7f425ce9e000-7f425ce9f000 r--p 00002000 08:20 174707                     /home/cbrissette/cuopt/.cuopt_env/lib/libabsl_spinlock_wait.so.2601.0.0
7f425ce9f000-7f425cea0000 rw-p 00003000 08:20 174707                     /home/cbrissette/cuopt/.cuopt_env/lib/libabsl_spinlock_wait.so.2601.0.0
7f425cea0000-7f425cea1000 r--p 00000000 08:20 172795                     /home/cbrissette/cuopt/.cuopt_env/lib/libabsl_hash.so.2601.0.0
7f425cea1000-7f425cea2000 r-xp 00001000 08:20 172795                     /home/cbrissette/cuopt/.cuopt_env/lib/libabsl_hash.so.2601.0.0
7f425cea2000-7f425cea3000 r--p 00002000 08:20 172795                     /home/cbrissette/cuopt/.cuopt_env/lib/libabsl_hash.so.2601.0.0
7f425cea3000-7f425cea4000 r--p 00002000 08:20 172795                     /home/cbrissette/cuopt/.cuopt_env/lib/libabsl_hash.so.2601.0.0
7f425cea4000-7f425cea5000 rw-p 00003000 08:20 172795                     /home/cbrissette/cuopt/.cuopt_env/lib/libabsl_hash.so.2601.0.0
7f425cea5000-7f425ceac000 r--p 00000000 08:20 172948                     /home/cbrissette/cuopt/.cuopt_env/lib/libabsl_time_zone.so.2601.0.0
7f425ceac000-7f425cec0000 r-xp 00007000 08:20 172948                     /home/cbrissette/cuopt/.cuopt_env/lib/libabsl_time_zone.so.2601.0.0
7f425cec0000-7f425cec3000 r--p 0001b000 08:20 172948                     /home/cbrissette/cuopt/.cuopt_env/lib/libabsl_time_zone.so.2601.0.0
7f425cec3000-7f425cec4000 r--p 0001e000 08:20 172948                     /home/cbrissette/cuopt/.cuopt_env/lib/libabsl_time_zone.so.2601.0.0
7f425cec4000-7f425cec5000 rw-p 0001f000 08:20 172948                     /home/cbrissette/cuopt/.cuopt_env/lib/libabsl_time_zone.so.2601.0.0
7f425cec5000-7f425cecb000 r--p 00000000 08:20 173780                     /home/cbrissette/cuopt/.cuopt_env/lib/libabsl_time.so.2601.0.0
7f425cecb000-7f425ced8000 r-xp 00006000 08:20 173780                     /home/cbrissette/cuopt/.cuopt_env/lib/libabsl_time.so.2601.0.0
7f425ced8000-7f425ceda000 r--p 00013000 08:20 173780                     /home/cbrissette/cuopt/.cuopt_env/lib/libabsl_time.so.2601.0.0
7f425ceda000-7f425cedb000 r--p 00015000 08:20 173780                     /home/cbrissette/cuopt/.cuopt_env/lib/libabsl_time.so.2601.0.0
7f425cedb000-7f425cedc000 rw-p 00016000 08:20 173780                     /home/cbrissette/cuopt/.cuopt_env/lib/libabsl_time.so.2601.0.0
7f425cedc000-7f425cedf000 r--p 00000000 08:20 174438                     /home/cbrissette/cuopt/.cuopt_env/lib/libabsl_cord_internal.so.2601.0.0
7f425cedf000-7f425ceed000 r-xp 00003000 08:20 174438                     /home/cbrissette/cuopt/.cuopt_env/lib/libabsl_cord_internal.so.2601.0.0
7f425ceed000-7f425ceef000 r--p 00011000 08:20 174438                     /home/cbrissette/cuopt/.cuopt_env/lib/libabsl_cord_internal.so.2601.0.0
7f425ceef000-7f425cef0000 r--p 00012000 08:20 174438                     /home/cbrissette/cuopt/.cuopt_env/lib/libabsl_cord_internal.so.2601.0.0
7f425cef0000-7f425cef1000 rw-p 00013000 08:20 174438                     /home/cbrissette/cuopt/.cuopt_env/lib/libabsl_cord_internal.so.2601.0.0
7f425cef1000-7f425cef3000 r--p 00000000 08:20 173725                     /home/cbrissette/cuopt/.cuopt_env/lib/libabsl_raw_hash_set.so.2601.0.0
7f425cef3000-7f425cef7000 r-xp 00002000 08:20 173725                     /home/cbrissette/cuopt/.cuopt_env/lib/libabsl_raw_hash_set.so.2601.0.0
7f425cef7000-7f425cef8000 r--p 00006000 08:20 173725                     /home/cbrissette/cuopt/.cuopt_env/lib/libabsl_raw_hash_set.so.2601.0.0
7f425cef8000-7f425cef9000 r--p 00007000 08:20 173725                     /home/cbrissette/cuopt/.cuopt_env/lib/libabsl_raw_hash_set.so.2601.0.0
7f425cef9000-7f425cefa000 rw-p 00008000 08:20 173725                     /home/cbrissette/cuopt/.cuopt_env/lib/libabsl_raw_hash_set.so.2601.0.0
7f425cefa000-7f425cefb000 r--p 00000000 08:20 174927                     /home/cbrissette/cuopt/.cuopt_env/lib/libabsl_log_internal_conditions.so.2601.0.0
7f425cefb000-7f425cefc000 r-xp 00001000 08:20 174927                     /home/cbrissette/cuopt/.cuopt_env/lib/libabsl_log_internal_conditions.so.2601.0.0
7f425cefc000-7f425cefd000 r--p 00002000 08:20 174927                     /home/cbrissette/cuopt/.cuopt_env/lib/libabsl_log_internal_conditions.so.2601.0.0
7f425cefd000-7f425cefe000 r--p 00002000 08:20 174927                     /home/cbrissette/cuopt/.cuopt_env/lib/libabsl_log_internal_conditions.so.2601.0.0
7f425cefe000-7f425ceff000 rw-p 00003000 08:20 174927                     /home/cbrissette/cuopt/.cuopt_env/lib/libabsl_log_internal_conditions.so.2601.0.0
7f425ceff000-7f425cf00000 r--p 00000000 08:20 144730                     /home/cbrissette/cuopt/.cuopt_env/lib/libutf8_validity.so.33.5.0
7f425cf00000-7f425cf01000 r-xp 00001000 08:20 144730                     /home/cbrissette/cuopt/.cuopt_env/lib/libutf8_validity.so.33.5.0
7f425cf01000-7f425cf02000 r--p 00002000 08:20 144730                     /home/cbrissette/cuopt/.cuopt_env/lib/libutf8_validity.so.33.5.0
7f425cf02000-7f425cf03000 r--p 00002000 08:20 144730                     /home/cbrissette/cuopt/.cuopt_env/lib/libutf8_validity.so.33.5.0
7f425cf03000-7f425cf04000 rw-p 00003000 08:20 144730                     /home/cbrissette/cuopt/.cuopt_env/lib/libutf8_validity.so.33.5.0
7f425cf04000-7f425cf05000 r--p 00000000 08:20 173312                     /home/cbrissette/cuopt/.cuopt_env/lib/libabsl_die_if_null.so.2601.0.0
7f425cf05000-7f425cf06000 r-xp 00001000 08:20 173312                     /home/cbrissette/cuopt/.cuopt_env/lib/libabsl_die_if_null.so.2601.0.0
7f425cf06000-7f425cf07000 r--p 00002000 08:20 173312                     /home/cbrissette/cuopt/.cuopt_env/lib/libabsl_die_if_null.so.2601.0.0
7f425cf07000-7f425cf08000 r--p 00002000 08:20 173312                     /home/cbrissette/cuopt/.cuopt_env/lib/libabsl_die_if_null.so.2601.0.0
7f425cf08000-7f425cf09000 rw-p 00003000 08:20 173312                     /home/cbrissette/cuopt/.cuopt_env/lib/libabsl_die_if_null.so.2601.0.0
7f425cf09000-7f425cf0f000 r--p 00000000 08:20 178474                     /home/cbrissette/cuopt/.cuopt_env/lib/libabsl_str_format_internal.so.2601.0.0
7f425cf0f000-7f425cf25000 r-xp 00006000 08:20 178474                     /home/cbrissette/cuopt/.cuopt_env/lib/libabsl_str_format_internal.so.2601.0.0
7f425cf25000-7f425cf28000 r--p 0001c000 08:20 178474                     /home/cbrissette/cuopt/.cuopt_env/lib/libabsl_str_format_internal.so.2601.0.0
7f425cf28000-7f425cf29000 r--p 0001f000 08:20 178474                     /home/cbrissette/cuopt/.cuopt_env/lib/libabsl_str_format_internal.so.2601.0.0
7f425cf29000-7f425cf2a000 rw-p 00020000 08:20 178474                     /home/cbrissette/cuopt/.cuopt_env/lib/libabsl_str_format_internal.so.2601.0.0
7f425cf2a000-7f425cf2e000 r--p 00000000 08:20 178182                     /home/cbrissette/cuopt/.cuopt_env/lib/libabsl_status.so.2601.0.0
7f425cf2e000-7f425cf32000 r-xp 00004000 08:20 178182                     /home/cbrissette/cuopt/.cuopt_env/lib/libabsl_status.so.2601.0.0
7f425cf32000-7f425cf34000 r--p 00008000 08:20 178182                     /home/cbrissette/cuopt/.cuopt_env/lib/libabsl_status.so.2601.0.0
7f425cf34000-7f425cf35000 r--p 00009000 08:20 178182                     /home/cbrissette/cuopt/.cuopt_env/lib/libabsl_status.so.2601.0.0
7f425cf35000-7f425cf36000 rw-p 0000a000 08:20 178182                     /home/cbrissette/cuopt/.cuopt_env/lib/libabsl_status.so.2601.0.0
7f425cf36000-7f425cf38000 r--p 00000000 08:20 175942                     /home/cbrissette/cuopt/.cuopt_env/lib/libabsl_statusor.so.2601.0.0
7f425cf38000-7f425cf39000 r-xp 00002000 08:20 175942                     /home/cbrissette/cuopt/.cuopt_env/lib/libabsl_statusor.so.2601.0.0
7f425cf39000-7f425cf3a000 r--p 00003000 08:20 175942                     /home/cbrissette/cuopt/.cuopt_env/lib/libabsl_statusor.so.2601.0.0
7f425cf3a000-7f425cf3b000 r--p 00003000 08:20 175942                     /home/cbrissette/cuopt/.cuopt_env/lib/libabsl_statusor.so.2601.0.0
7f425cf3b000-7f425cf3c000 rw-p 00004000 08:20 175942                     /home/cbrissette/cuopt/.cuopt_env/lib/libabsl_statusor.so.2601.0.0
7f425cf3c000-7f425cf3e000 r--p 00000000 08:20 174394                     /home/cbrissette/cuopt/.cuopt_env/lib/libabsl_vlog_config_internal.so.2601.0.0
7f425cf3e000-7f425cf42000 r-xp 00002000 08:20 174394                     /home/cbrissette/cuopt/.cuopt_env/lib/libabsl_vlog_config_internal.so.2601.0.0
7f425cf42000-7f425cf43000 r--p 00006000 08:20 174394                     /home/cbrissette/cuopt/.cuopt_env/lib/libabsl_vlog_config_internal.so.2601.0.0
7f425cf43000-7f425cf44000 r--p 00006000 08:20 174394                     /home/cbrissette/cuopt/.cuopt_env/lib/libabsl_vlog_config_internal.so.2601.0.0
7f425cf44000-7f425cf45000 rw-p 00007000 08:20 174394                     /home/cbrissette/cuopt/.cuopt_env/lib/libabsl_vlog_config_internal.so.2601.0.0
7f425cf45000-7f425cf46000 r--p 00000000 08:20 144825                     /home/cbrissette/cuopt/.cuopt_env/lib/libutf8_range.so.33.5.0
7f425cf46000-7f425cf47000 r-xp 00001000 08:20 144825                     /home/cbrissette/cuopt/.cuopt_env/lib/libutf8_range.so.33.5.0
7f425cf47000-7f425cf48000 r--p 00002000 08:20 144825                     /home/cbrissette/cuopt/.cuopt_env/lib/libutf8_range.so.33.5.0
7f425cf48000-7f425cf49000 r--p 00002000 08:20 144825                     /home/cbrissette/cuopt/.cuopt_env/lib/libutf8_range.so.33.5.0
7f425cf49000-7f425cf4a000 rw-p 00003000 08:20 144825                     /home/cbrissette/cuopt/.cuopt_env/lib/libutf8_range.so.33.5.0
7f425cf4a000-7f425cf51000 r--p 00000000 08:20 173525                     /home/cbrissette/cuopt/.cuopt_env/lib/libabsl_strings.so.2601.0.0
7f425cf51000-7f425cf68000 r-xp 00007000 08:20 173525                     /home/cbrissette/cuopt/.cuopt_env/lib/libabsl_strings.so.2601.0.0
7f425cf68000-7f425cf71000 r--p 0001e000 08:20 173525                     /home/cbrissette/cuopt/.cuopt_env/lib/libabsl_strings.so.2601.0.0
7f425cf71000-7f425cf72000 r--p 00026000 08:20 173525                     /home/cbrissette/cuopt/.cuopt_env/lib/libabsl_strings.so.2601.0.0
7f425cf72000-7f425cf73000 rw-p 00027000 08:20 173525                     /home/cbrissette/cuopt/.cuopt_env/lib/libabsl_strings.so.2601.0.0
7f425cf73000-7f425cf79000 r--p 00000000 08:20 176237                     /home/cbrissette/cuopt/.cuopt_env/lib/libabsl_synchronization.so.2601.0.0
7f425cf79000-7f425cf7e000 r-xp 00006000 08:20 176237                     /home/cbrissette/cuopt/.cuopt_env/lib/libabsl_synchronization.so.2601.0.0
7f425cf7e000-7f425cf81000 r--p 0000b000 08:20 176237                     /home/cbrissette/cuopt/.cuopt_env/lib/libabsl_synchronization.so.2601.0.0
7f425cf81000-7f425cf82000 r--p 0000d000 08:20 176237                     /home/cbrissette/cuopt/.cuopt_env/lib/libabsl_synchronization.so.2601.0.0
7f425cf82000-7f425cf83000 rw-p 0000e000 08:20 176237                     /home/cbrissette/cuopt/.cuopt_env/lib/libabsl_synchronization.so.2601.0.0
7f425cf83000-7f425cf85000 rw-p 00000000 00:00 0 
7f425cf85000-7f425cf86000 r--p 00000000 08:20 178365                     /home/cbrissette/cuopt/.cuopt_env/lib/libabsl_cordz_functions.so.2601.0.0
7f425cf86000-7f425cf87000 r-xp 00001000 08:20 178365                     /home/cbrissette/cuopt/.cuopt_env/lib/libabsl_cordz_functions.so.2601.0.0
7f425cf87000-7f425cf88000 r--p 00002000 08:20 178365                     /home/cbrissette/cuopt/.cuopt_env/lib/libabsl_cordz_functions.so.2601.0.0
7f425cf88000-7f425cf89000 r--p 00002000 08:20 178365                     /home/cbrissette/cuopt/.cuopt_env/lib/libabsl_cordz_functions.so.2601.0.0
7f425cf89000-7f425cf8a000 rw-p 00003000 08:20 178365                     /home/cbrissette/cuopt/.cuopt_env/lib/libabsl_cordz_functions.so.2601.0.0
7f425cf8a000-7f425cf8c000 r--p 00000000 08:20 175257                     /home/cbrissette/cuopt/.cuopt_env/lib/libabsl_cordz_info.so.2601.0.0
7f425cf8c000-7f425cf8e000 r-xp 00002000 08:20 175257                     /home/cbrissette/cuopt/.cuopt_env/lib/libabsl_cordz_info.so.2601.0.0
7f425cf8e000-7f425cf8f000 r--p 00004000 08:20 175257                     /home/cbrissette/cuopt/.cuopt_env/lib/libabsl_cordz_info.so.2601.0.0
7f425cf8f000-7f425cf90000 r--p 00004000 08:20 175257                     /home/cbrissette/cuopt/.cuopt_env/lib/libabsl_cordz_info.so.2601.0.0
7f425cf90000-7f425cf91000 rw-p 00005000 08:20 175257                     /home/cbrissette/cuopt/.cuopt_env/lib/libabsl_cordz_info.so.2601.0.0
7f425cf91000-7f425cf97000 r--p 00000000 08:20 177056                     /home/cbrissette/cuopt/.cuopt_env/lib/libabsl_cord.so.2601.0.0
7f425cf97000-7f425cfb0000 r-xp 00006000 08:20 177056                     /home/cbrissette/cuopt/.cuopt_env/lib/libabsl_cord.so.2601.0.0
7f425cfb0000-7f425cfb3000 r--p 0001f000 08:20 177056                     /home/cbrissette/cuopt/.cuopt_env/lib/libabsl_cord.so.2601.0.0
7f425cfb3000-7f425cfb4000 r--p 00021000 08:20 177056                     /home/cbrissette/cuopt/.cuopt_env/lib/libabsl_cord.so.2601.0.0
7f425cfb4000-7f425cfb5000 rw-p 00022000 08:20 177056                     /home/cbrissette/cuopt/.cuopt_env/lib/libabsl_cord.so.2601.0.0
7f425cfb5000-7f425cfc1000 r--p 00000000 08:20 140730                     /home/cbrissette/cuopt/.cuopt_env/lib/libgpr.so.52.0.0
7f425cfc1000-7f425cfce000 r-xp 0000c000 08:20 140730                     /home/cbrissette/cuopt/.cuopt_env/lib/libgpr.so.52.0.0
7f425cfce000-7f425cfd4000 r--p 00019000 08:20 140730                     /home/cbrissette/cuopt/.cuopt_env/lib/libgpr.so.52.0.0
7f425cfd4000-7f425cfd5000 r--p 0001f000 08:20 140730                     /home/cbrissette/cuopt/.cuopt_env/lib/libgpr.so.52.0.0
7f425cfd5000-7f425cfd6000 rw-p 00020000 08:20 140730                     /home/cbrissette/cuopt/.cuopt_env/lib/libgpr.so.52.0.0
7f425cfd6000-7f425d200000 r--p 00000000 08:20 139302                     /home/cbrissette/cuopt/.cuopt_env/lib/libgrpc.so.52.0.0
7f425d200000-7f425da4a000 r-xp 0022a000 08:20 139302                     /home/cbrissette/cuopt/.cuopt_env/lib/libgrpc.so.52.0.0
7f425da4a000-7f425dcfb000 r--p 00a74000 08:20 139302                     /home/cbrissette/cuopt/.cuopt_env/lib/libgrpc.so.52.0.0
7f425dcfb000-7f425dd35000 r--p 00d25000 08:20 139302                     /home/cbrissette/cuopt/.cuopt_env/lib/libgrpc.so.52.0.0
7f425dd35000-7f425dd42000 rw-p 00d5f000 08:20 139302                     /home/cbrissette/cuopt/.cuopt_env/lib/libgrpc.so.52.0.0
7f425dd42000-7f425dd47000 rw-p 00000000 00:00 0 
7f425dd47000-7f425dddc000 r--p 00000000 08:20 144643                     /home/cbrissette/cuopt/.cuopt_env/lib/libprotobuf.so.33.5.0
7f425dddc000-7f425dfff000 r-xp 00095000 08:20 144643                     /home/cbrissette/cuopt/.cuopt_env/lib/libprotobuf.so.33.5.0
7f425dfff000-7f425e06b000 r--p 002b8000 08:20 144643                     /home/cbrissette/cuopt/.cuopt_env/lib/libprotobuf.so.33.5.0
7f425e06b000-7f425e076000 r--p 00324000 08:20 144643                     /home/cbrissette/cuopt/.cuopt_env/lib/libprotobuf.so.33.5.0
7f425e076000-7f425e07d000 rw-p 0032f000 08:20 144643                     /home/cbrissette/cuopt/.cuopt_env/lib/libprotobuf.so.33.5.0
7f425e07d000-7f425e07e000 rw-p 00000000 00:00 0 
7f425e07e000-7f425e08b000 r--p 00000000 08:20 83455                      /home/cbrissette/cuopt/.cuopt_env/lib/libgomp.so.1.0.0
7f425e08b000-7f425e0c4000 r-xp 0000d000 08:20 83455                      /home/cbrissette/cuopt/.cuopt_env/lib/libgomp.so.1.0.0
7f425e0c4000-7f425e0d2000 r--p 00046000 08:20 83455                      /home/cbrissette/cuopt/.cuopt_env/lib/libgomp.so.1.0.0
7f425e0d2000-7f425e0d3000 r--p 00054000 08:20 83455                      /home/cbrissette/cuopt/.cuopt_env/lib/libgomp.so.1.0.0
7f425e0d3000-7f425e0d4000 rw-p 00055000 08:20 83455                      /home/cbrissette/cuopt/.cuopt_env/lib/libgomp.so.1.0.0
7f425e0d4000-7f425e0de000 r--p 00000000 08:20 198476                     /home/cbrissette/cuopt/.cuopt_env/lib/librapids_logger.so
7f425e0de000-7f425e10f000 r-xp 0000a000 08:20 198476                     /home/cbrissette/cuopt/.cuopt_env/lib/librapids_logger.so
7f425e10f000-7f425e11c000 r--p 0003b000 08:20 198476                     /home/cbrissette/cuopt/.cuopt_env/lib/librapids_logger.so
7f425e11c000-7f425e11f000 r--p 00048000 08:20 198476                     /home/cbrissette/cuopt/.cuopt_env/lib/librapids_logger.so
7f425e11f000-7f425e120000 rw-p 0004b000 08:20 198476                     /home/cbrissette/cuopt/.cuopt_env/lib/librapids_logger.so
7f425e120000-7f425e13c000 r--p 00000000 08:20 182877                     /home/cbrissette/cuopt/.cuopt_env/lib/librmm.so
7f425e13c000-7f425e1fc000 r-xp 0001c000 08:20 182877                     /home/cbrissette/cuopt/.cuopt_env/lib/librmm.so
7f425e1fc000-7f425e22c000 r--p 000dc000 08:20 182877                     /home/cbrissette/cuopt/.cuopt_env/lib/librmm.so
7f425e22c000-7f425e233000 r--p 0010c000 08:20 182877                     /home/cbrissette/cuopt/.cuopt_env/lib/librmm.so
7f425e233000-7f425e234000 rw-p 00113000 08:20 182877                     /home/cbrissette/cuopt/.cuopt_env/lib/librmm.so
7f425e234000-7f425e236000 rw-p 00000000 00:00 0 
7f425e236000-7f425e263000 r--p 00000000 08:20 140888                     /home/cbrissette/cuopt/.cuopt_env/lib/libgrpc++.so.1.78.1
7f425e263000-7f425e2bc000 r-xp 0002d000 08:20 140888                     /home/cbrissette/cuopt/.cuopt_env/lib/libgrpc++.so.1.78.1
7f425e2bc000-7f425e2d8000 r--p 00086000 08:20 140888                     /home/cbrissette/cuopt/.cuopt_env/lib/libgrpc++.so.1.78.1
7f425e2d8000-7f425e2dd000 r--p 000a2000 08:20 140888                     /home/cbrissette/cuopt/.cuopt_env/lib/libgrpc++.so.1.78.1
7f425e2dd000-7f425e2de000 rw-p 000a7000 08:20 140888                     /home/cbrissette/cuopt/.cuopt_env/lib/libgrpc++.so.1.78.1
7f425e2de000-7f425e2ec000 r--p 00000000 08:20 194104                     /home/cbrissette/cuopt/.cuopt_env/lib/libtbb.so.12.18
7f425e2ec000-7f425e319000 r-xp 0000e000 08:20 194104                     /home/cbrissette/cuopt/.cuopt_env/lib/libtbb.so.12.18
7f425e319000-7f425e325000 r--p 0003b000 08:20 194104                     /home/cbrissette/cuopt/.cuopt_env/lib/libtbb.so.12.18
7f425e325000-7f425e327000 r--p 00046000 08:20 194104                     /home/cbrissette/cuopt/.cuopt_env/lib/libtbb.so.12.18
7f425e327000-7f425e32a000 rw-p 00048000 08:20 194104                     /home/cbrissette/cuopt/.cuopt_env/lib/libtbb.so.12.18
7f425e32a000-7f425e340000 rw-p 00000000 00:00 0 
7f425e340000-7f425e352000 r--p 00000000 08:20 78513                      /home/cbrissette/cuopt/java/cuopt/build/native/libcuopt_jni.so
7f425e352000-7f425e36e000 r-xp 00012000 08:20 78513                      /home/cbrissette/cuopt/java/cuopt/build/native/libcuopt_jni.so
7f425e36e000-7f425e377000 r--p 0002e000 08:20 78513                      /home/cbrissette/cuopt/java/cuopt/build/native/libcuopt_jni.so
7f425e377000-7f425e378000 r--p 00037000 08:20 78513                      /home/cbrissette/cuopt/java/cuopt/build/native/libcuopt_jni.so
7f425e378000-7f425e379000 rw-p 00038000 08:20 78513                      /home/cbrissette/cuopt/java/cuopt/build/native/libcuopt_jni.so
7f425e379000-7f425e37a000 rw-p 00000000 00:00 0 
7f425e37a000-7f425e37e000 ---p 00000000 00:00 0 
7f425e37e000-7f425e47a000 rw-p 00000000 00:00 0 
7f425e47a000-7f425e47e000 ---p 00000000 00:00 0 
7f425e47e000-7f425e57a000 rw-p 00000000 00:00 0 
7f425e57a000-7f425e57e000 ---p 00000000 00:00 0 
7f425e57e000-7f425e67a000 rw-p 00000000 00:00 0 
7f425e67a000-7f425e67e000 ---p 00000000 00:00 0 
7f425e67e000-7f425e77a000 rw-p 00000000 00:00 0 
7f425e77a000-7f425e77e000 ---p 00000000 00:00 0 
7f425e77e000-7f425e87a000 rw-p 00000000 00:00 0 
7f425e87a000-7f425e87e000 ---p 00000000 00:00 0 
7f425e87e000-7f425e97a000 rw-p 00000000 00:00 0 
7f425e97a000-7f425e97e000 ---p 00000000 00:00 0 
7f425e97e000-7f425ea7a000 rw-p 00000000 00:00 0 
7f425ea7a000-7f425ea7b000 ---p 00000000 00:00 0 
7f425ea7b000-7f425eb7b000 rw-p 00000000 00:00 0 
7f425eb7b000-7f425eb7f000 ---p 00000000 00:00 0 
7f425eb7f000-7f425ec7b000 rw-p 00000000 00:00 0 
7f425ec7b000-7f425ec7f000 ---p 00000000 00:00 0 
7f425ec7f000-7f425ed7b000 rw-p 00000000 00:00 0 
7f425ed7b000-7f425ed7f000 ---p 00000000 00:00 0 
7f425ed7f000-7f425ee7b000 rw-p 00000000 00:00 0 
7f425ee7b000-7f425ee7f000 ---p 00000000 00:00 0 
7f425ee7f000-7f425ef7b000 rw-p 00000000 00:00 0 
7f425ef7b000-7f425ef7f000 ---p 00000000 00:00 0 
7f425ef7f000-7f425f07b000 rw-p 00000000 00:00 0 
7f425f07b000-7f425f07f000 ---p 00000000 00:00 0 
7f425f07f000-7f425f17b000 rw-p 00000000 00:00 0 
7f425f17b000-7f425f17f000 ---p 00000000 00:00 0 
7f425f17f000-7f425f27b000 rw-p 00000000 00:00 0 
7f425f27b000-7f425f27f000 ---p 00000000 00:00 0 
7f425f27f000-7f425f37b000 rw-p 00000000 00:00 0 
7f425f37b000-7f425f37c000 ---p 00000000 00:00 0 
7f425f37c000-7f425fc3d000 rw-p 00000000 00:00 0 
7f425fc3d000-7f425fcfd000 ---p 00000000 00:00 0 
7f425fcfd000-7f425fcfe000 ---p 00000000 00:00 0 
7f425fcfe000-7f425fdfe000 rw-p 00000000 00:00 0 
7f425fdfe000-7f425fdff000 ---p 00000000 00:00 0 
7f425fdff000-7f4260000000 rw-p 00000000 00:00 0 
7f4260000000-7f4260021000 rw-p 00000000 00:00 0 
7f4260021000-7f4264000000 ---p 00000000 00:00 0 
7f4264003000-7f4264004000 r--p 00000000 08:20 172516                     /home/cbrissette/cuopt/.cuopt_env/lib/libabsl_log_internal_nullguard.so.2601.0.0
7f4264004000-7f4264005000 r-xp 00001000 08:20 172516                     /home/cbrissette/cuopt/.cuopt_env/lib/libabsl_log_internal_nullguard.so.2601.0.0
7f4264005000-7f4264006000 r--p 00002000 08:20 172516                     /home/cbrissette/cuopt/.cuopt_env/lib/libabsl_log_internal_nullguard.so.2601.0.0
7f4264006000-7f4264007000 r--p 00002000 08:20 172516                     /home/cbrissette/cuopt/.cuopt_env/lib/libabsl_log_internal_nullguard.so.2601.0.0
7f4264007000-7f4264008000 rw-p 00003000 08:20 172516                     /home/cbrissette/cuopt/.cuopt_env/lib/libabsl_log_internal_nullguard.so.2601.0.0
7f4264008000-7f426400e000 r--p 00000000 08:20 173104                     /home/cbrissette/cuopt/.cuopt_env/lib/libabsl_log_internal_message.so.2601.0.0
7f426400e000-7f4264012000 r-xp 00006000 08:20 173104                     /home/cbrissette/cuopt/.cuopt_env/lib/libabsl_log_internal_message.so.2601.0.0
7f4264012000-7f4264014000 r--p 0000a000 08:20 173104                     /home/cbrissette/cuopt/.cuopt_env/lib/libabsl_log_internal_message.so.2601.0.0
7f4264014000-7f4264015000 r--p 0000b000 08:20 173104                     /home/cbrissette/cuopt/.cuopt_env/lib/libabsl_log_internal_message.so.2601.0.0
7f4264015000-7f4264016000 rw-p 0000c000 08:20 173104                     /home/cbrissette/cuopt/.cuopt_env/lib/libabsl_log_internal_message.so.2601.0.0
7f4264016000-7f4264019000 r--p 00000000 08:20 175246                     /home/cbrissette/cuopt/.cuopt_env/lib/libabsl_log_internal_check_op.so.2601.0.0
7f4264019000-7f426401c000 r-xp 00003000 08:20 175246                     /home/cbrissette/cuopt/.cuopt_env/lib/libabsl_log_internal_check_op.so.2601.0.0
7f426401c000-7f426401d000 r--p 00006000 08:20 175246                     /home/cbrissette/cuopt/.cuopt_env/lib/libabsl_log_internal_check_op.so.2601.0.0
7f426401d000-7f426401e000 r--p 00006000 08:20 175246                     /home/cbrissette/cuopt/.cuopt_env/lib/libabsl_log_internal_check_op.so.2601.0.0
7f426401e000-7f426401f000 rw-p 00007000 08:20 175246                     /home/cbrissette/cuopt/.cuopt_env/lib/libabsl_log_internal_check_op.so.2601.0.0
7f426401f000-7f4264020000 r--p 00000000 08:20 218634                     /usr/lib/x86_64-linux-gnu/libpthread.so.0
7f4264020000-7f4264021000 r-xp 00001000 08:20 218634                     /usr/lib/x86_64-linux-gnu/libpthread.so.0
7f4264021000-7f4264022000 r--p 00002000 08:20 218634                     /usr/lib/x86_64-linux-gnu/libpthread.so.0
7f4264022000-7f4264023000 r--p 00002000 08:20 218634                     /usr/lib/x86_64-linux-gnu/libpthread.so.0
7f4264023000-7f4264024000 rw-p 00003000 08:20 218634                     /usr/lib/x86_64-linux-gnu/libpthread.so.0
7f4264024000-7f4264028000 ---p 00000000 00:00 0 
7f4264028000-7f4264046000 rw-p 00000000 00:00 0 
7f4264046000-7f426404a000 r--p 00000000 08:20 294964                     /usr/lib/jvm/java-11-openjdk-amd64/lib/libnet.so
7f426404a000-7f4264058000 r-xp 00004000 08:20 294964                     /usr/lib/jvm/java-11-openjdk-amd64/lib/libnet.so
7f4264058000-7f426405c000 r--p 00012000 08:20 294964                     /usr/lib/jvm/java-11-openjdk-amd64/lib/libnet.so
7f426405c000-7f426405d000 r--p 00015000 08:20 294964                     /usr/lib/jvm/java-11-openjdk-amd64/lib/libnet.so
7f426405d000-7f426405e000 rw-p 00016000 08:20 294964                     /usr/lib/jvm/java-11-openjdk-amd64/lib/libnet.so
7f426405e000-7f426714b000 rw-p 00000000 00:00 0 
7f426714b000-7f4269b1b000 ---p 00000000 00:00 0 
7f4269b1b000-7f4269b23000 rw-p 00000000 00:00 0 
7f4269b23000-7f426ab23000 ---p 00000000 00:00 0 
7f426ab23000-7f426af03000 rw-p 00000000 00:00 0 
7f426af03000-7f426d8d3000 ---p 00000000 00:00 0 
7f426d8d3000-7f426d8db000 rw-p 00000000 00:00 0 
7f426d8db000-7f426e8db000 ---p 00000000 00:00 0 
7f426e8db000-7f426e957000 rw-p 00000000 00:00 0 
7f426e957000-7f426ee91000 ---p 00000000 00:00 0 
7f426ee91000-7f426ee92000 rw-p 00000000 00:00 0 
7f426ee92000-7f426f092000 ---p 00000000 00:00 0 
7f426f092000-7f426f10e000 rw-p 00000000 00:00 0 
7f426f10e000-7f426f648000 ---p 00000000 00:00 0 
7f426f648000-7f426f649000 rw-p 00000000 00:00 0 
7f426f649000-7f426f849000 ---p 00000000 00:00 0 
7f426f849000-7f426f8c5000 rw-p 00000000 00:00 0 
7f426f8c5000-7f426fdff000 ---p 00000000 00:00 0 
7f426fdff000-7f426fe00000 rw-p 00000000 00:00 0 
7f426fe00000-7f4270000000 ---p 00000000 00:00 0 
7f4270000000-7f4270021000 rw-p 00000000 00:00 0 
7f4270021000-7f4274000000 ---p 00000000 00:00 0 
7f427400e000-7f4274015000 r--p 00000000 08:20 294965                     /usr/lib/jvm/java-11-openjdk-amd64/lib/libnio.so
7f4274015000-7f427401d000 r-xp 00007000 08:20 294965                     /usr/lib/jvm/java-11-openjdk-amd64/lib/libnio.so
7f427401d000-7f4274020000 r--p 0000f000 08:20 294965                     /usr/lib/jvm/java-11-openjdk-amd64/lib/libnio.so
7f4274020000-7f4274021000 r--p 00011000 08:20 294965                     /usr/lib/jvm/java-11-openjdk-amd64/lib/libnio.so
7f4274021000-7f4274022000 rw-p 00012000 08:20 294965                     /usr/lib/jvm/java-11-openjdk-amd64/lib/libnio.so
7f4274022000-7f4274079000 r--p 00000000 08:20 217873                     /usr/lib/locale/C.utf8/LC_CTYPE
7f4274079000-7f42741d5000 rw-p 00000000 00:00 0 
7f42741d5000-7f42741d6000 ---p 00000000 00:00 0 
7f42741d6000-7f42742d6000 rw-p 00000000 00:00 0 
7f42742d6000-7f42742d7000 ---p 00000000 00:00 0 
7f42742d7000-7f42747cf000 rw-p 00000000 00:00 0 
7f42747cf000-7f4274a9f000 rwxp 00000000 00:00 0 
7f4274a9f000-7f4274f0e000 ---p 00000000 00:00 0 
7f4274f0e000-7f42751ae000 rwxp 00000000 00:00 0 
7f42751ae000-7f427c36e000 ---p 00000000 00:00 0 
7f427c36e000-7f427c5de000 rwxp 00000000 00:00 0 
7f427c5de000-7f42837cf000 ---p 00000000 00:00 0 
7f42837cf000-7f428c000000 r--s 00000000 08:20 294975                     /usr/lib/jvm/java-11-openjdk-amd64/lib/modules
7f428c000000-7f428d088000 rw-p 00000000 00:00 0 
7f428d088000-7f4290000000 ---p 00000000 00:00 0 
7f4290000000-7f4290001000 r--p 00000000 00:00 0 
7f4290001000-7f4290003000 r--p 00000000 08:20 294962                     /usr/lib/jvm/java-11-openjdk-amd64/lib/libmanagement_ext.so
7f4290003000-7f4290006000 r-xp 00002000 08:20 294962                     /usr/lib/jvm/java-11-openjdk-amd64/lib/libmanagement_ext.so
7f4290006000-7f4290008000 r--p 00005000 08:20 294962                     /usr/lib/jvm/java-11-openjdk-amd64/lib/libmanagement_ext.so
7f4290008000-7f4290009000 r--p 00006000 08:20 294962                     /usr/lib/jvm/java-11-openjdk-amd64/lib/libmanagement_ext.so
7f4290009000-7f429000a000 rw-p 00007000 08:20 294962                     /usr/lib/jvm/java-11-openjdk-amd64/lib/libmanagement_ext.so
7f429000a000-7f429000d000 r--p 00000000 08:20 294960                     /usr/lib/jvm/java-11-openjdk-amd64/lib/libmanagement.so
7f429000d000-7f429000e000 r-xp 00003000 08:20 294960                     /usr/lib/jvm/java-11-openjdk-amd64/lib/libmanagement.so
7f429000e000-7f429000f000 r--p 00004000 08:20 294960                     /usr/lib/jvm/java-11-openjdk-amd64/lib/libmanagement.so
7f429000f000-7f4290010000 r--p 00004000 08:20 294960                     /usr/lib/jvm/java-11-openjdk-amd64/lib/libmanagement.so
7f4290010000-7f4290011000 rw-p 00005000 08:20 294960                     /usr/lib/jvm/java-11-openjdk-amd64/lib/libmanagement.so
7f4290011000-7f4290012000 r--p 00000000 08:20 217879                     /usr/lib/locale/C.utf8/LC_NUMERIC
7f4290012000-7f4290013000 r--p 00000000 08:20 217882                     /usr/lib/locale/C.utf8/LC_TIME
7f4290013000-7f4290014000 r--p 00000000 08:20 217872                     /usr/lib/locale/C.utf8/LC_COLLATE
7f4290014000-7f4290015000 r--p 00000000 08:20 217877                     /usr/lib/locale/C.utf8/LC_MONETARY
7f4290015000-7f4290016000 r--p 00000000 08:20 217876                     /usr/lib/locale/C.utf8/LC_MESSAGES/SYS_LC_MESSAGES
7f4290016000-7f4290017000 r--p 00000000 08:20 217880                     /usr/lib/locale/C.utf8/LC_PAPER
7f4290017000-7f4290018000 r--p 00000000 08:20 217878                     /usr/lib/locale/C.utf8/LC_NAME
7f4290018000-7f4290019000 r--p 00000000 08:20 217871                     /usr/lib/locale/C.utf8/LC_ADDRESS
7f4290019000-7f429001a000 r--p 00000000 08:20 217881                     /usr/lib/locale/C.utf8/LC_TELEPHONE
7f429001a000-7f4290021000 r--s 00000000 08:20 218904                     /usr/lib/x86_64-linux-gnu/gconv/gconv-modules.cache
7f4290021000-7f4290d2e000 rw-p 00000000 00:00 0 
7f4290d2e000-7f4290d2f000 ---p 00000000 00:00 0 
7f4290d2f000-7f4290e34000 rw-p 00000000 00:00 0 
7f4290e34000-7f4290f18000 ---p 00000000 00:00 0 
7f4290f18000-7f4290f1e000 rw-p 00000000 00:00 0 
7f4290f1e000-7f4291001000 ---p 00000000 00:00 0 
7f4291001000-7f4291007000 rw-p 00000000 00:00 0 
7f4291007000-7f4291010000 ---p 00000000 00:00 0 
7f4291010000-7f4291012000 r--p 00000000 08:20 294974                     /usr/lib/jvm/java-11-openjdk-amd64/lib/libzip.so
7f4291012000-7f4291017000 r-xp 00002000 08:20 294974                     /usr/lib/jvm/java-11-openjdk-amd64/lib/libzip.so
7f4291017000-7f4291019000 r--p 00007000 08:20 294974                     /usr/lib/jvm/java-11-openjdk-amd64/lib/libzip.so
7f4291019000-7f429101a000 r--p 00008000 08:20 294974                     /usr/lib/jvm/java-11-openjdk-amd64/lib/libzip.so
7f429101a000-7f429101b000 rw-p 00009000 08:20 294974                     /usr/lib/jvm/java-11-openjdk-amd64/lib/libzip.so
7f429101b000-7f4291023000 rw-s 00000000 08:20 78573                      /tmp/hsperfdata_cbrissette/101
7f4291023000-7f4291024000 ---p 00000000 00:00 0 
7f4291024000-7f4291025000 r--p 00000000 00:00 0 
7f4291025000-7f4291033000 r--p 00000000 08:20 294953                     /usr/lib/jvm/java-11-openjdk-amd64/lib/libjava.so
7f4291033000-7f4291049000 r-xp 0000e000 08:20 294953                     /usr/lib/jvm/java-11-openjdk-amd64/lib/libjava.so
7f4291049000-7f4291050000 r--p 00024000 08:20 294953                     /usr/lib/jvm/java-11-openjdk-amd64/lib/libjava.so
7f4291050000-7f4291051000 r--p 0002a000 08:20 294953                     /usr/lib/jvm/java-11-openjdk-amd64/lib/libjava.so
7f4291051000-7f4291052000 rw-p 0002b000 08:20 294953                     /usr/lib/jvm/java-11-openjdk-amd64/lib/libjava.so
7f4291052000-7f4291053000 rw-p 00000000 00:00 0 
7f4291053000-7f4291058000 r--p 00000000 08:20 294973                     /usr/lib/jvm/java-11-openjdk-amd64/lib/libverify.so
7f4291058000-7f429105f000 r-xp 00005000 08:20 294973                     /usr/lib/jvm/java-11-openjdk-amd64/lib/libverify.so
7f429105f000-7f4291061000 r--p 0000c000 08:20 294973                     /usr/lib/jvm/java-11-openjdk-amd64/lib/libverify.so
7f4291061000-7f4291063000 r--p 0000d000 08:20 294973                     /usr/lib/jvm/java-11-openjdk-amd64/lib/libverify.so
7f4291063000-7f4291064000 rw-p 0000f000 08:20 294973                     /usr/lib/jvm/java-11-openjdk-amd64/lib/libverify.so
7f4291064000-7f4291065000 r--p 00000000 08:20 218636                     /usr/lib/x86_64-linux-gnu/librt.so.1
7f4291065000-7f4291066000 r-xp 00001000 08:20 218636                     /usr/lib/x86_64-linux-gnu/librt.so.1
7f4291066000-7f4291067000 r--p 00002000 08:20 218636                     /usr/lib/x86_64-linux-gnu/librt.so.1
7f4291067000-7f4291068000 r--p 00002000 08:20 218636                     /usr/lib/x86_64-linux-gnu/librt.so.1
7f4291068000-7f4291069000 rw-p 00003000 08:20 218636                     /usr/lib/x86_64-linux-gnu/librt.so.1
7f4291069000-7f429106d000 ---p 00000000 00:00 0 
7f429106d000-7f4291169000 rw-p 00000000 00:00 0 
7f4291169000-7f429116a000 r--p 00000000 08:20 218624                     /usr/lib/x86_64-linux-gnu/libdl.so.2
7f429116a000-7f429116b000 r-xp 00001000 08:20 218624                     /usr/lib/x86_64-linux-gnu/libdl.so.2
7f429116b000-7f429116c000 r--p 00002000 08:20 218624                     /usr/lib/x86_64-linux-gnu/libdl.so.2
7f429116c000-7f429116d000 r--p 00002000 08:20 218624                     /usr/lib/x86_64-linux-gnu/libdl.so.2
7f429116d000-7f429116e000 rw-p 00003000 08:20 218624                     /usr/lib/x86_64-linux-gnu/libdl.so.2
7f429116e000-7f4291172000 r--p 00000000 08:20 84327                      /home/cbrissette/cuopt/.cuopt_env/lib/libgcc_s.so.1
7f4291172000-7f4291195000 r-xp 00004000 08:20 84327                      /home/cbrissette/cuopt/.cuopt_env/lib/libgcc_s.so.1
7f4291195000-7f4291199000 r--p 00027000 08:20 84327                      /home/cbrissette/cuopt/.cuopt_env/lib/libgcc_s.so.1
7f4291199000-7f429119a000 r--p 0002a000 08:20 84327                      /home/cbrissette/cuopt/.cuopt_env/lib/libgcc_s.so.1
7f429119a000-7f429119b000 rw-p 0002b000 08:20 84327                      /home/cbrissette/cuopt/.cuopt_env/lib/libgcc_s.so.1
7f429119b000-7f42911a9000 r--p 00000000 08:20 218625                     /usr/lib/x86_64-linux-gnu/libm.so.6
7f42911a9000-7f4291225000 r-xp 0000e000 08:20 218625                     /usr/lib/x86_64-linux-gnu/libm.so.6
7f4291225000-7f4291280000 r--p 0008a000 08:20 218625                     /usr/lib/x86_64-linux-gnu/libm.so.6
7f4291280000-7f4291281000 r--p 000e4000 08:20 218625                     /usr/lib/x86_64-linux-gnu/libm.so.6
7f4291281000-7f4291282000 rw-p 000e5000 08:20 218625                     /usr/lib/x86_64-linux-gnu/libm.so.6
7f4291282000-7f429132c000 r--p 00000000 08:20 84948                      /home/cbrissette/cuopt/.cuopt_env/lib/libstdc++.so.6.0.34
7f429132c000-7f429145d000 r-xp 000aa000 08:20 84948                      /home/cbrissette/cuopt/.cuopt_env/lib/libstdc++.so.6.0.34
7f429145d000-7f42914eb000 r--p 001db000 08:20 84948                      /home/cbrissette/cuopt/.cuopt_env/lib/libstdc++.so.6.0.34
7f42914eb000-7f42914fa000 r--p 00268000 08:20 84948                      /home/cbrissette/cuopt/.cuopt_env/lib/libstdc++.so.6.0.34
7f42914fa000-7f42914fd000 rw-p 00277000 08:20 84948                      /home/cbrissette/cuopt/.cuopt_env/lib/libstdc++.so.6.0.34
7f42914fd000-7f4291501000 rw-p 00000000 00:00 0 
7f4291501000-7f4291784000 r--p 00000000 08:20 294978                     /usr/lib/jvm/java-11-openjdk-amd64/lib/server/libjvm.so
7f4291784000-7f4292422000 r-xp 00283000 08:20 294978                     /usr/lib/jvm/java-11-openjdk-amd64/lib/server/libjvm.so
7f4292422000-7f429267e000 r--p 00f21000 08:20 294978                     /usr/lib/jvm/java-11-openjdk-amd64/lib/server/libjvm.so
7f429267e000-7f4292742000 r--p 0117c000 08:20 294978                     /usr/lib/jvm/java-11-openjdk-amd64/lib/server/libjvm.so
7f4292742000-7f429277d000 rw-p 01240000 08:20 294978                     /usr/lib/jvm/java-11-openjdk-amd64/lib/server/libjvm.so
7f429277d000-7f42927d6000 rw-p 00000000 00:00 0 
7f42927d6000-7f42927fe000 r--p 00000000 08:20 218621                     /usr/lib/x86_64-linux-gnu/libc.so.6
7f42927fe000-7f4292993000 r-xp 00028000 08:20 218621                     /usr/lib/x86_64-linux-gnu/libc.so.6
7f4292993000-7f42929eb000 r--p 001bd000 08:20 218621                     /usr/lib/x86_64-linux-gnu/libc.so.6
7f42929eb000-7f42929ec000 ---p 00215000 08:20 218621                     /usr/lib/x86_64-linux-gnu/libc.so.6
7f42929ec000-7f42929f0000 r--p 00215000 08:20 218621                     /usr/lib/x86_64-linux-gnu/libc.so.6
7f42929f0000-7f42929f2000 rw-p 00219000 08:20 218621                     /usr/lib/x86_64-linux-gnu/libc.so.6
7f42929f2000-7f42929ff000 rw-p 00000000 00:00 0 
7f42929ff000-7f4292a00000 r--p 00000000 08:20 217875                     /usr/lib/locale/C.utf8/LC_MEASUREMENT
7f4292a00000-7f4292a02000 r--p 00000000 08:20 294956                     /usr/lib/jvm/java-11-openjdk-amd64/lib/libjimage.so
7f4292a02000-7f4292a05000 r-xp 00002000 08:20 294956                     /usr/lib/jvm/java-11-openjdk-amd64/lib/libjimage.so
7f4292a05000-7f4292a06000 r--p 00005000 08:20 294956                     /usr/lib/jvm/java-11-openjdk-amd64/lib/libjimage.so
7f4292a06000-7f4292a07000 ---p 00006000 08:20 294956                     /usr/lib/jvm/java-11-openjdk-amd64/lib/libjimage.so
7f4292a07000-7f4292a08000 r--p 00006000 08:20 294956                     /usr/lib/jvm/java-11-openjdk-amd64/lib/libjimage.so
7f4292a08000-7f4292a09000 rw-p 00007000 08:20 294956                     /usr/lib/jvm/java-11-openjdk-amd64/lib/libjimage.so
7f4292a09000-7f4292a0c000 r--p 00000000 08:20 294930                     /usr/lib/jvm/java-11-openjdk-amd64/lib/jli/libjli.so
7f4292a0c000-7f4292a16000 r-xp 00003000 08:20 294930                     /usr/lib/jvm/java-11-openjdk-amd64/lib/jli/libjli.so
7f4292a16000-7f4292a19000 r--p 0000d000 08:20 294930                     /usr/lib/jvm/java-11-openjdk-amd64/lib/jli/libjli.so
7f4292a19000-7f4292a1a000 ---p 00010000 08:20 294930                     /usr/lib/jvm/java-11-openjdk-amd64/lib/jli/libjli.so
7f4292a1a000-7f4292a1b000 r--p 00010000 08:20 294930                     /usr/lib/jvm/java-11-openjdk-amd64/lib/jli/libjli.so
7f4292a1b000-7f4292a1c000 rw-p 00011000 08:20 294930                     /usr/lib/jvm/java-11-openjdk-amd64/lib/jli/libjli.so
7f4292a1c000-7f4292a1f000 r--p 00000000 08:20 83514                      /home/cbrissette/cuopt/.cuopt_env/lib/libz.so.1.3.2
7f4292a1f000-7f4292a2f000 r-xp 00003000 08:20 83514                      /home/cbrissette/cuopt/.cuopt_env/lib/libz.so.1.3.2
7f4292a2f000-7f4292a35000 r--p 00013000 08:20 83514                      /home/cbrissette/cuopt/.cuopt_env/lib/libz.so.1.3.2
7f4292a35000-7f4292a36000 r--p 00019000 08:20 83514                      /home/cbrissette/cuopt/.cuopt_env/lib/libz.so.1.3.2
7f4292a36000-7f4292a37000 rw-p 0001a000 08:20 83514                      /home/cbrissette/cuopt/.cuopt_env/lib/libz.so.1.3.2
7f4292a37000-7f4292a39000 rw-p 00000000 00:00 0 
7f4292a39000-7f4292a3b000 r--p 00000000 08:20 218618                     /usr/lib/x86_64-linux-gnu/ld-linux-x86-64.so.2
7f4292a3b000-7f4292a65000 r-xp 00002000 08:20 218618                     /usr/lib/x86_64-linux-gnu/ld-linux-x86-64.so.2
7f4292a65000-7f4292a70000 r--p 0002c000 08:20 218618                     /usr/lib/x86_64-linux-gnu/ld-linux-x86-64.so.2
7f4292a70000-7f4292a71000 r--p 00000000 08:20 217874                     /usr/lib/locale/C.utf8/LC_IDENTIFICATION
7f4292a71000-7f4292a73000 r--p 00037000 08:20 218618                     /usr/lib/x86_64-linux-gnu/ld-linux-x86-64.so.2
7f4292a73000-7f4292a75000 rw-p 00039000 08:20 218618                     /usr/lib/x86_64-linux-gnu/ld-linux-x86-64.so.2
7ffd47680000-7ffd476a1000 rw-p 00000000 00:00 0                          [stack]
7ffd47724000-7ffd47728000 r--p 00000000 00:00 0                          [vvar]
7ffd47728000-7ffd4772a000 r-xp 00000000 00:00 0                          [vdso]


VM Arguments:
java_command: /home/cbrissette/cuopt/java/cuopt/target/surefire/surefirebooter-20260707090606534_3.jar /home/cbrissette/cuopt/java/cuopt/target/surefire 2026-07-07T09-06-06_415-jvmRun1 surefire-20260707090606534_1tmp surefire_0-20260707090606534_2tmp
java_class_path (initial): /home/cbrissette/cuopt/java/cuopt/target/surefire/surefirebooter-20260707090606534_3.jar
Launcher Type: SUN_STANDARD

[Global flags]
     intx CICompilerCount                          = 12                                        {product} {ergonomic}
     uint ConcGCThreads                            = 4                                         {product} {ergonomic}
     uint G1ConcRefinementThreads                  = 15                                        {product} {ergonomic}
   size_t G1HeapRegionSize                         = 1048576                                   {product} {ergonomic}
    uintx GCDrainStackTargetSize                   = 64                                        {product} {ergonomic}
   size_t InitialHeapSize                          = 260046848                                 {product} {ergonomic}
   size_t MarkStackSize                            = 4194304                                   {product} {ergonomic}
   size_t MaxHeapSize                              = 4141875200                                {product} {ergonomic}
   size_t MaxNewSize                               = 2485125120                                {product} {ergonomic}
   size_t MinHeapDeltaBytes                        = 1048576                                   {product} {ergonomic}
    uintx NonNMethodCodeHeapSize                   = 7594288                                {pd product} {ergonomic}
    uintx NonProfiledCodeHeapSize                  = 122031976                              {pd product} {ergonomic}
    uintx ProfiledCodeHeapSize                     = 122031976                              {pd product} {ergonomic}
    uintx ReservedCodeCacheSize                    = 251658240                              {pd product} {ergonomic}
     bool SegmentedCodeCache                       = true                                      {product} {ergonomic}
     bool UseCompressedClassPointers               = true                                 {lp64_product} {ergonomic}
     bool UseCompressedOops                        = true                                 {lp64_product} {ergonomic}
     bool UseG1GC                                  = true                                      {product} {ergonomic}

Logging:
Log output configuration:
 #0: stdout all=warning uptime,level,tags
 #1: stderr all=off uptime,level,tags

Environment Variables:
JAVA_HOME=/usr/lib/jvm/java-11-openjdk-amd64
PATH=/tmp/cuopt-fake-bin:/home/cbrissette/.codex/tmp/arg0/codex-arg0pFic5k:/home/cbrissette/.vscode-server/bin/034f571df509819cc10b0c8129f66ef77a542f0e/bin/remote-cli:/usr/local/sbin:/usr/local/bin:/usr/sbin:/usr/bin:/sbin:/bin:/usr/games:/usr/local/games:/usr/lib/wsl/lib:/mnt/c/Program Files/Microsoft VS Code:/mnt/c/Windows/system32:/mnt/c/Windows:/mnt/c/Windows/System32/Wbem:/mnt/c/Windows/System32/WindowsPowerShell/v1.0/:/mnt/c/Windows/System32/OpenSSH/:/mnt/c/Program Files/dotnet/:/mnt/c/Program Files/Microsoft VS Code/bin:/mnt/c/Program Files (x86)/NVIDIA Corporation/PhysX/Common:/mnt/c/Program Files/NVIDIA Corporation/Nsight Compute 2025.1.0/:/mnt/c/Program Files/Teleport:/mnt/c/PROGRA~1/cinc/bin/:/mnt/c/Program Files/NVInfo/bin:/mnt/c/Program Files/ai-pim-utils:/mnt/c/WINDOWS/system32:/mnt/c/WINDOWS:/mnt/c/WINDOWS/System32/Wbem:/mnt/c/WINDOWS/System32/WindowsPowerShell/v1.0/:/mnt/c/WINDOWS/System32/OpenSSH/:/mnt/c/Program Files/Teleport Connect/resources/bin:/mnt/c/Users/cbrissette/.local/bin:/mnt/c/Users/cbrissette/AppData/Local/Microsoft/WindowsApps:/mnt/c/Users/cbrissette/AppData/Local/Programs/cursor/resources/app/bin:/mnt/c/Users/cbrissette/AppData/Local/Microsoft/WinGet/Packages/astral-sh.uv_Microsoft.Winget.Source_8wekyb3d8bbwe:/mnt/c/Users/cbrissette/AppData/Local/Microsoft/WindowsApps:/snap/bin:/home/cbrissette/ngc-cli:/home/cbrissette/.vscode-server/extensions/openai.chatgpt-26.623.101652-linux-x64/bin/linux-x86_64:/home/cbrissette/ngc-cli
LD_LIBRARY_PATH=/home/cbrissette/cuopt/.cuopt_env/lib:/home/cbrissette/cuopt/java/cuopt/build/native
SHELL=/bin/bash
DISPLAY=:0
HOSTTYPE=x86_64
LANG=C.UTF-8
TERM=xterm-256color

Signal Handlers:
SIGSEGV: [libjvm.so+0xeaead0], sa_mask[0]=11111111011111111101111111111110, sa_flags=SA_RESTART|SA_SIGINFO
SIGBUS: [libjvm.so+0xeaead0], sa_mask[0]=11111111011111111101111111111110, sa_flags=SA_RESTART|SA_SIGINFO
SIGFPE: [libjvm.so+0xeaead0], sa_mask[0]=11111111011111111101111111111110, sa_flags=SA_RESTART|SA_SIGINFO
SIGPIPE: [libjvm.so+0xbf1430], sa_mask[0]=11111111011111111101111111111110, sa_flags=SA_RESTART|SA_SIGINFO
SIGXFSZ: [libjvm.so+0xbf1430], sa_mask[0]=11111111011111111101111111111110, sa_flags=SA_RESTART|SA_SIGINFO
SIGILL: [libjvm.so+0xeaead0], sa_mask[0]=11111111011111111101111111111110, sa_flags=SA_RESTART|SA_SIGINFO
SIGUSR2: [libjvm.so+0xbf12d0], sa_mask[0]=00000000000000000000000000000000, sa_flags=SA_RESTART|SA_SIGINFO
SIGHUP: [libjvm.so+0xbf1a90], sa_mask[0]=11111111011111111101111111111110, sa_flags=SA_RESTART|SA_SIGINFO
SIGINT: [libjvm.so+0xbf1a90], sa_mask[0]=11111111011111111101111111111110, sa_flags=SA_RESTART|SA_SIGINFO
SIGTERM: [libjvm.so+0xbf1a90], sa_mask[0]=11111111011111111101111111111110, sa_flags=SA_RESTART|SA_SIGINFO
SIGQUIT: [libjvm.so+0xbf1a90], sa_mask[0]=11111111011111111101111111111110, sa_flags=SA_RESTART|SA_SIGINFO


---------------  S Y S T E M  ---------------

OS:DISTRIB_ID=Ubuntu
DISTRIB_RELEASE=22.04
DISTRIB_CODENAME=jammy
DISTRIB_DESCRIPTION="Ubuntu 22.04.5 LTS"
uname:Linux 5.15.153.1-microsoft-standard-WSL2 #1 SMP Fri Mar 29 23:14:13 UTC 2024 x86_64
OS uptime: 2 days 16:10 hours
libc:glibc 2.35 NPTL 2.35 
rlimit (soft/hard): STACK 8192k/infinity , CORE 0k/infinity , NPROC 63166/63166 , NOFILE 1048576/1048576 , AS infinity/infinity , CPU infinity/infinity , DATA infinity/infinity , FSIZE infinity/infinity , MEMLOCK 65536k/65536k
load average:2.12 3.30 1.64

/proc/meminfo:
MemTotal:       16177528 kB
MemFree:        10277360 kB
MemAvailable:   12096500 kB
Buffers:           13244 kB
Cached:          1752444 kB
SwapCached:        57796 kB
Active:           634420 kB
Inactive:        4384876 kB
Active(anon):      14364 kB
Inactive(anon):  3242904 kB
Active(file):     620056 kB
Inactive(file):  1141972 kB
Unevictable:           0 kB
Mlocked:               0 kB
SwapTotal:       4194304 kB
SwapFree:        3716576 kB
Dirty:              3284 kB
Writeback:             0 kB
AnonPages:       3133892 kB
Mapped:           441584 kB
Shmem:              3704 kB
KReclaimable:     389212 kB
Slab:             511028 kB
SReclaimable:     389212 kB
SUnreclaim:       121816 kB
KernelStack:       14784 kB
PageTables:        48828 kB
NFS_Unstable:          0 kB
Bounce:                0 kB
WritebackTmp:          0 kB
CommitLimit:    12283068 kB
Committed_AS:    6477068 kB
VmallocTotal:   34359738367 kB
VmallocUsed:       37536 kB
VmallocChunk:          0 kB
Percpu:            13248 kB
AnonHugePages:   1173504 kB
ShmemHugePages:        0 kB
ShmemPmdMapped:        0 kB
FileHugePages:         0 kB
FilePmdMapped:         0 kB
HugePages_Total:       0
HugePages_Free:        0
HugePages_Rsvd:        0
HugePages_Surp:        0
Hugepagesize:       2048 kB
Hugetlb:               0 kB
DirectMap4k:      404480 kB
DirectMap2M:    13023232 kB
DirectMap1G:    11534336 kB

/sys/kernel/mm/transparent_hugepage/enabled:
[always] madvise never
/sys/kernel/mm/transparent_hugepage/defrag (defrag/compaction efforts parameter):
always defer defer+madvise [madvise] never

Process Memory:
Virtual Size: 8357336K (peak: 15570012K)
Resident Set Size: 303592K (peak: 303592K) (anon: 195140K, file: 108452K, shmem: 0K)
Swapped out: 0K
C-Heap outstanding allocations: 67310K, retained: 3357K
glibc malloc tunables: (default)

/proc/sys/kernel/threads-max (system-wide limit on the number of threads):
126333
/proc/sys/vm/max_map_count (maximum number of memory map areas a process may have):
65530
/proc/sys/kernel/pid_max (system-wide limit on number of process identifiers):
4194304

container (cgroup) information:
container_type: cgroupv1
cpu_cpuset_cpus: 0-19
cpu_memory_nodes: 0
active_processor_count: 20
cpu_quota: no quota
cpu_period: 100000
cpu_shares: no shares
memory_limit_in_bytes: unlimited
memory_and_swap_limit_in_bytes: unlimited
memory_soft_limit_in_bytes: unlimited
memory_usage_in_bytes: 4899316 k
memory_max_usage_in_bytes: 2211664 k
kernel_memory_usage_in_bytes: 38380 k
kernel_memory_max_usage_in_bytes: unlimited
kernel_memory_limit_in_bytes: 70264 k
maximum number of tasks: not supported
current number of tasks: not supported

Hyper-V virtualization detected
Steal ticks since vm start: 0
Steal ticks percentage since vm start:  0.000

CPU:total 20 (initial active 20) (16 cores per cpu, 2 threads per core) family 6 model 186 stepping 2 microcode 0xffffffff, cmov, cx8, fxsr, mmx, sse, sse2, sse3, ssse3, sse4.1, sse4.2, popcnt, avx, avx2, aes, clmul, erms, 3dnowpref, lzcnt, ht, tsc, tscinvbit, bmi1, bmi2, adx, sha, fma
CPU Model and flags from /proc/cpuinfo:
model name	: 13th Gen Intel(R) Core(TM) i7-13800H
flags		: fpu vme de pse tsc msr pae mce cx8 apic sep mtrr pge mca cmov pat pse36 clflush mmx fxsr sse sse2 ss ht syscall nx pdpe1gb rdtscp lm constant_tsc rep_good nopl xtopology tsc_reliable nonstop_tsc cpuid pni pclmulqdq vmx ssse3 fma cx16 sse4_1 sse4_2 x2apic movbe popcnt tsc_deadline_timer aes xsave avx f16c rdrand hypervisor lahf_lm abm 3dnowprefetch ssbd ibrs ibpb stibp ibrs_enhanced tpr_shadow vnmi ept vpid ept_ad fsgsbase tsc_adjust bmi1 avx2 smep bmi2 erms invpcid rdseed adx smap clflushopt clwb sha_ni xsaveopt xsavec xgetbv1 xsaves avx_vnni umip waitpkg gfni vaes vpclmulqdq rdpid movdiri movdir64b fsrm md_clear serialize flush_l1d arch_capabilities
Online cpus:
0-19
Offline cpus:

BIOS frequency limitation:
<Not Available>
Frequency switch latency (ns):
<Not Available>
Available cpu frequencies:
<Not Available>
Current governor:
<Not Available>
Core performance/turbo boost:
<Not Available>

Memory: 4k page, physical 16177528k(10277360k free), swap 4194304k(3716576k free)

vm_info: OpenJDK 64-Bit Server VM (11.0.24+8-post-Ubuntu-1ubuntu322.04) for linux-amd64 JRE (11.0.24+8-post-Ubuntu-1ubuntu322.04), built on Jul 21 2024 21:19:53 by "unknown" with gcc 11.4.0

END.
