cuOpt SOCP SOFT numerical breakdowns, collected by collect_by_mode.py
soft: the barrier hit "Numerical error in objective", restored the last good iterate and
      reported "Suboptimal solution found". get_termination_reason() still says Optimal.
hard: the Newton solve produced nan residuals and "Search direction computation failed".
      No iteration count, nan objective, no barrier cache, get_termination_reason() says
      NumericalError.

101 soft failures

by benchmark:
    18  defaults_and_tuned_step_ir_cudssdet/step0.99_ir0-off_det1
    18  defaults_and_tuned_step_ir_cudssdet/step0.9_ir0-off_det1
    16  defaults_and_tuned_step_ir_cudssdet/step0.99_ir0-off_det0
    16  defaults_and_tuned_step_ir_cudssdet/step0.9_ir0-off_det0
     9  defaults_and_tuned_step_ir_cudssdet/step0.9_ir1-gmres_det0
     8  defaults_and_tuned_step_ir_cudssdet/step0.9_ir2-fixed_det1
     7  defaults_and_tuned_step_ir_cudssdet/step0.9_ir1-gmres_det1
     7  defaults_and_tuned_step_ir_cudssdet/step0.9_ir2-fixed_det0
     2  defaults_and_tuned_step_ir_cudssdet/step0.99_ir2-fixed_det1

======================================================================================================================
INDEX
======================================================================================================================
   #  it    sec        objective  dual_peak       series  path
----------------------------------------------------------------------------------------------------------------------
   1  28   0.19  -9.85636193e-02   3.34e-02         cold  defaults_and_tuned_step_ir_cudssdet/step0.99_ir0-off_det0/default/cold/t00.log
   2  28   0.18  -9.85078061e-02   2.16e-02         cold  defaults_and_tuned_step_ir_cudssdet/step0.99_ir0-off_det0/default/cold/t01.log
   3  22   0.17  -9.86678627e-02   2.58e-03         cold  defaults_and_tuned_step_ir_cudssdet/step0.99_ir0-off_det0/default/cold/t02.log
   4  26   0.21  -9.88234832e-02   5.24e-03         cold  defaults_and_tuned_step_ir_cudssdet/step0.99_ir0-off_det0/default/cold/t03.log
   5  29   0.19  -9.84928106e-02   3.63e-02         cold  defaults_and_tuned_step_ir_cudssdet/step0.99_ir0-off_det0/default/cold/t04.log
   6  31   0.19  -9.87543012e-02   3.03e-03         cold  defaults_and_tuned_step_ir_cudssdet/step0.99_ir0-off_det0/default/cold/t05.log
   7  26   0.28  -9.84740513e-02   2.22e-02         cold  defaults_and_tuned_step_ir_cudssdet/step0.99_ir0-off_det0/default/cold/t06.log
   8  27   0.31  -9.85532427e-02   3.53e-02         cold  defaults_and_tuned_step_ir_cudssdet/step0.99_ir0-off_det0/default/cold/t07.log
   9  30   0.27  -9.87075303e-02   2.08e-04         cold  defaults_and_tuned_step_ir_cudssdet/step0.99_ir0-off_det0/default/cold/t08.log
  10  29   0.19  -9.85054526e-02   5.40e-04         cold  defaults_and_tuned_step_ir_cudssdet/step0.99_ir0-off_det0/default/cold/t12.log
  11  28   0.19  -9.84192746e-02   3.09e-03         cold  defaults_and_tuned_step_ir_cudssdet/step0.99_ir0-off_det0/default/cold/t13.log
  12  29   0.19  -9.85972278e-02   1.52e-03         cold  defaults_and_tuned_step_ir_cudssdet/step0.99_ir0-off_det0/default/cold/t14.log
  13  29   0.19  -9.85960823e-02   8.00e-02         cold  defaults_and_tuned_step_ir_cudssdet/step0.99_ir0-off_det0/default/cold/t16.log
  14  28   0.20  -9.85240013e-02   1.79e-03         cold  defaults_and_tuned_step_ir_cudssdet/step0.99_ir0-off_det0/default/cold/t17.log
  15  28   0.31  -9.83788567e-02   1.84e-01         cold  defaults_and_tuned_step_ir_cudssdet/step0.99_ir0-off_det0/default/cold/t18.log
  16  29   0.28  -9.86623868e-02   8.13e-02         cold  defaults_and_tuned_step_ir_cudssdet/step0.99_ir0-off_det0/default/cold/t19.log
  17  28   1.31  -9.85636193e-02   1.06e-02         cold  defaults_and_tuned_step_ir_cudssdet/step0.99_ir0-off_det1/default/cold/t00.log
  18  28   1.30  -9.85078061e-02   1.99e-02         cold  defaults_and_tuned_step_ir_cudssdet/step0.99_ir0-off_det1/default/cold/t01.log
  19  23   1.10  -9.86682014e-02   6.31e-05         cold  defaults_and_tuned_step_ir_cudssdet/step0.99_ir0-off_det1/default/cold/t02.log
  20  27   1.27  -9.88236329e-02   1.08e-02         cold  defaults_and_tuned_step_ir_cudssdet/step0.99_ir0-off_det1/default/cold/t03.log
  21  29   1.38  -9.84928106e-02   5.49e-03         cold  defaults_and_tuned_step_ir_cudssdet/step0.99_ir0-off_det1/default/cold/t04.log
  22  30   1.53  -9.87544371e-02   4.42e-04         cold  defaults_and_tuned_step_ir_cudssdet/step0.99_ir0-off_det1/default/cold/t05.log
  23  24   1.17  -9.84740513e-02   9.98e-05         cold  defaults_and_tuned_step_ir_cudssdet/step0.99_ir0-off_det1/default/cold/t06.log
  24  26   1.22  -9.85532426e-02   1.98e-03         cold  defaults_and_tuned_step_ir_cudssdet/step0.99_ir0-off_det1/default/cold/t07.log
  25  24   1.15  -9.83885946e-02   8.16e-04         cold  defaults_and_tuned_step_ir_cudssdet/step0.99_ir0-off_det1/default/cold/t09.log
  26  30   1.40  -9.85665978e-02   2.91e-03         cold  defaults_and_tuned_step_ir_cudssdet/step0.99_ir0-off_det1/default/cold/t10.log
  27  30   1.40  -9.84883714e-02   5.94e-04         cold  defaults_and_tuned_step_ir_cudssdet/step0.99_ir0-off_det1/default/cold/t11.log
  28  29   1.36  -9.85054526e-02   3.90e-03         cold  defaults_and_tuned_step_ir_cudssdet/step0.99_ir0-off_det1/default/cold/t12.log
  29  27   1.26  -9.84195180e-02   7.10e-06         cold  defaults_and_tuned_step_ir_cudssdet/step0.99_ir0-off_det1/default/cold/t13.log
  30  29   1.35  -9.85972278e-02   4.89e-04         cold  defaults_and_tuned_step_ir_cudssdet/step0.99_ir0-off_det1/default/cold/t14.log
  31  29   1.43  -9.85960823e-02   4.55e-03         cold  defaults_and_tuned_step_ir_cudssdet/step0.99_ir0-off_det1/default/cold/t16.log
  32  28   1.40  -9.85240013e-02   7.60e-05         cold  defaults_and_tuned_step_ir_cudssdet/step0.99_ir0-off_det1/default/cold/t17.log
  33  27   1.38  -9.83788567e-02   9.40e-04         cold  defaults_and_tuned_step_ir_cudssdet/step0.99_ir0-off_det1/default/cold/t18.log
  34  29   1.43  -9.86623868e-02   7.74e-04         cold  defaults_and_tuned_step_ir_cudssdet/step0.99_ir0-off_det1/default/cold/t19.log
  35  22   1.89  -9.86678525e-02   4.06e-06         cold  defaults_and_tuned_step_ir_cudssdet/step0.99_ir2-fixed_det1/default/cold/t02.log
  36  24   2.10  -9.83888352e-02   5.17e-06         cold  defaults_and_tuned_step_ir_cudssdet/step0.99_ir2-fixed_det1/default/cold/t09.log
  37  32   0.20  -9.85632600e-02   6.07e-03         cold  defaults_and_tuned_step_ir_cudssdet/step0.9_ir0-off_det0/default/cold/t00.log
  38  30   0.20  -9.85078710e-02   4.94e-03         cold  defaults_and_tuned_step_ir_cudssdet/step0.9_ir0-off_det0/default/cold/t01.log
  39  30   0.20  -9.86681345e-02   3.21e-03         cold  defaults_and_tuned_step_ir_cudssdet/step0.9_ir0-off_det0/default/cold/t02.log
  40  30   0.19  -9.84924437e-02   9.57e-03         cold  defaults_and_tuned_step_ir_cudssdet/step0.9_ir0-off_det0/default/cold/t04.log
  41  32   0.20  -9.87543423e-02   2.57e-02         cold  defaults_and_tuned_step_ir_cudssdet/step0.9_ir0-off_det0/default/cold/t05.log
  42  30   0.19  -9.84738454e-02   2.50e-03         cold  defaults_and_tuned_step_ir_cudssdet/step0.9_ir0-off_det0/default/cold/t06.log
  43  32   0.21  -9.87074098e-02   2.69e-02         cold  defaults_and_tuned_step_ir_cudssdet/step0.9_ir0-off_det0/default/cold/t08.log
  44  30   0.19  -9.83883764e-02   1.84e-03         cold  defaults_and_tuned_step_ir_cudssdet/step0.9_ir0-off_det0/default/cold/t09.log
  45  31   0.19  -9.85668043e-02   3.78e-02         cold  defaults_and_tuned_step_ir_cudssdet/step0.9_ir0-off_det0/default/cold/t10.log
  46  30   0.19  -9.84882364e-02   7.68e-03         cold  defaults_and_tuned_step_ir_cudssdet/step0.9_ir0-off_det0/default/cold/t11.log
  47  30   0.20  -9.85053235e-02   5.76e-03         cold  defaults_and_tuned_step_ir_cudssdet/step0.9_ir0-off_det0/default/cold/t12.log
  48  30   0.21  -9.85970840e-02   1.86e-03         cold  defaults_and_tuned_step_ir_cudssdet/step0.9_ir0-off_det0/default/cold/t14.log
  49  30   0.19  -9.86328990e-02   3.36e-03         cold  defaults_and_tuned_step_ir_cudssdet/step0.9_ir0-off_det0/default/cold/t15.log
  50  30   0.20  -9.85957626e-02   7.03e-03         cold  defaults_and_tuned_step_ir_cudssdet/step0.9_ir0-off_det0/default/cold/t16.log
  51  30   0.19  -9.85236943e-02   3.05e-03         cold  defaults_and_tuned_step_ir_cudssdet/step0.9_ir0-off_det0/default/cold/t17.log
  52  32   0.20  -9.86621395e-02   2.67e-02         cold  defaults_and_tuned_step_ir_cudssdet/step0.9_ir0-off_det0/default/cold/t19.log
  53  30   1.47  -9.85632600e-02   2.32e-03         cold  defaults_and_tuned_step_ir_cudssdet/step0.9_ir0-off_det1/default/cold/t00.log
  54  30   1.46  -9.85078710e-02   1.45e-03         cold  defaults_and_tuned_step_ir_cudssdet/step0.9_ir0-off_det1/default/cold/t01.log
  55  30   1.45  -9.86681345e-02   1.05e-03         cold  defaults_and_tuned_step_ir_cudssdet/step0.9_ir0-off_det1/default/cold/t02.log
  56  30   1.45  -9.88233885e-02   1.70e-03         cold  defaults_and_tuned_step_ir_cudssdet/step0.9_ir0-off_det1/default/cold/t03.log
  57  30   1.47  -9.84924437e-02   5.88e-03         cold  defaults_and_tuned_step_ir_cudssdet/step0.9_ir0-off_det1/default/cold/t04.log
  58  32   1.56  -9.87543423e-02   1.36e-02         cold  defaults_and_tuned_step_ir_cudssdet/step0.9_ir0-off_det1/default/cold/t05.log
  59  30   1.51  -9.84738454e-02   4.22e-04         cold  defaults_and_tuned_step_ir_cudssdet/step0.9_ir0-off_det1/default/cold/t06.log
  60  30   1.40  -9.85532565e-02   4.01e-03         cold  defaults_and_tuned_step_ir_cudssdet/step0.9_ir0-off_det1/default/cold/t07.log
  61  31   1.43  -9.87074098e-02   1.12e-03         cold  defaults_and_tuned_step_ir_cudssdet/step0.9_ir0-off_det1/default/cold/t08.log
  62  31   1.44  -9.83887941e-02   1.52e-03         cold  defaults_and_tuned_step_ir_cudssdet/step0.9_ir0-off_det1/default/cold/t09.log
  63  31   1.50  -9.85668043e-02   2.75e-03         cold  defaults_and_tuned_step_ir_cudssdet/step0.9_ir0-off_det1/default/cold/t10.log
  64  31   1.44  -9.84882364e-02   3.48e-03         cold  defaults_and_tuned_step_ir_cudssdet/step0.9_ir0-off_det1/default/cold/t11.log
  65  31   1.44  -9.85053235e-02   8.37e-03         cold  defaults_and_tuned_step_ir_cudssdet/step0.9_ir0-off_det1/default/cold/t12.log
  66  31   1.44  -9.85975001e-02   1.91e-02         cold  defaults_and_tuned_step_ir_cudssdet/step0.9_ir0-off_det1/default/cold/t14.log
  67  30   1.48  -9.86328990e-02   7.66e-04         cold  defaults_and_tuned_step_ir_cudssdet/step0.9_ir0-off_det1/default/cold/t15.log
  68  31   1.47  -9.85957626e-02   1.07e-02         cold  defaults_and_tuned_step_ir_cudssdet/step0.9_ir0-off_det1/default/cold/t16.log
  69  32   1.47  -9.83788794e-02   6.56e-03         cold  defaults_and_tuned_step_ir_cudssdet/step0.9_ir0-off_det1/default/cold/t18.log
  70  31   1.46  -9.86621395e-02   5.92e-03         cold  defaults_and_tuned_step_ir_cudssdet/step0.9_ir0-off_det1/default/cold/t19.log
  71  30   0.34  -9.86681334e-02   7.14e-06         cold  defaults_and_tuned_step_ir_cudssdet/step0.9_ir1-gmres_det0/default/cold/t02.log
  72  31   0.26  -9.84928463e-02   1.64e-05         cold  defaults_and_tuned_step_ir_cudssdet/step0.9_ir1-gmres_det0/default/cold/t04.log
  73  31   0.26  -9.84738430e-02   4.03e-06         cold  defaults_and_tuned_step_ir_cudssdet/step0.9_ir1-gmres_det0/default/cold/t06.log
  74  30   0.25  -9.85057015e-02   5.04e-06         cold  defaults_and_tuned_step_ir_cudssdet/step0.9_ir1-gmres_det0/default/cold/t12.log
  75  33   0.26  -9.85970821e-02   2.76e-05         cold  defaults_and_tuned_step_ir_cudssdet/step0.9_ir1-gmres_det0/default/cold/t14.log
  76  31   0.26  -9.86328972e-02   2.30e-06         cold  defaults_and_tuned_step_ir_cudssdet/step0.9_ir1-gmres_det0/default/cold/t15.log
  77  30   0.25  -9.85957600e-02   3.35e-06         cold  defaults_and_tuned_step_ir_cudssdet/step0.9_ir1-gmres_det0/default/cold/t16.log
  78  30   0.28  -9.83789922e-02   4.82e-07         cold  defaults_and_tuned_step_ir_cudssdet/step0.9_ir1-gmres_det0/default/cold/t18.log
  79  30   0.34  -9.86621379e-02   1.61e-06         cold  defaults_and_tuned_step_ir_cudssdet/step0.9_ir1-gmres_det0/default/cold/t19.log
  80  30   2.30  -9.84924437e-02   4.12e-06         cold  defaults_and_tuned_step_ir_cudssdet/step0.9_ir1-gmres_det1/default/cold/t04.log
  81  32   2.43  -9.87543415e-02   4.70e-06         cold  defaults_and_tuned_step_ir_cudssdet/step0.9_ir1-gmres_det1/default/cold/t05.log
  82  30   2.27  -9.85532560e-02   8.51e-07         cold  defaults_and_tuned_step_ir_cudssdet/step0.9_ir1-gmres_det1/default/cold/t07.log
  83  31   2.33  -9.85668039e-02   1.63e-06         cold  defaults_and_tuned_step_ir_cudssdet/step0.9_ir1-gmres_det1/default/cold/t10.log
  84  30   2.38  -9.84882350e-02   5.07e-07         cold  defaults_and_tuned_step_ir_cudssdet/step0.9_ir1-gmres_det1/default/cold/t11.log
  85  30   2.36  -9.85056567e-02   3.05e-06         cold  defaults_and_tuned_step_ir_cudssdet/step0.9_ir1-gmres_det1/default/cold/t12.log
  86  31   2.46  -9.84194286e-02   1.43e-06         cold  defaults_and_tuned_step_ir_cudssdet/step0.9_ir1-gmres_det1/default/cold/t13.log
  87  30   0.25  -9.85632561e-02   1.59e-05         cold  defaults_and_tuned_step_ir_cudssdet/step0.9_ir2-fixed_det0/default/cold/t00.log
  88  30   0.23  -9.86681334e-02   1.37e-05         cold  defaults_and_tuned_step_ir_cudssdet/step0.9_ir2-fixed_det0/default/cold/t02.log
  89  30   0.23  -9.84928463e-02   4.92e-06         cold  defaults_and_tuned_step_ir_cudssdet/step0.9_ir2-fixed_det0/default/cold/t04.log
  90  30   0.31  -9.86328972e-02   4.05e-06         cold  defaults_and_tuned_step_ir_cudssdet/step0.9_ir2-fixed_det0/default/cold/t15.log
  91  31   0.34  -9.85957600e-02   2.19e-05         cold  defaults_and_tuned_step_ir_cudssdet/step0.9_ir2-fixed_det0/default/cold/t16.log
  92  31   0.31  -9.83789922e-02   5.06e-07         cold  defaults_and_tuned_step_ir_cudssdet/step0.9_ir2-fixed_det0/default/cold/t18.log
  93  31   0.24  -9.86621379e-02   1.77e-06         cold  defaults_and_tuned_step_ir_cudssdet/step0.9_ir2-fixed_det0/default/cold/t19.log
  94  30   2.45  -9.84928463e-02   4.57e-06         cold  defaults_and_tuned_step_ir_cudssdet/step0.9_ir2-fixed_det1/default/cold/t04.log
  95  31   2.67  -9.87543415e-02   4.90e-06         cold  defaults_and_tuned_step_ir_cudssdet/step0.9_ir2-fixed_det1/default/cold/t05.log
  96  30   2.49  -9.85532560e-02   3.36e-06         cold  defaults_and_tuned_step_ir_cudssdet/step0.9_ir2-fixed_det1/default/cold/t07.log
  97  30   2.47  -9.84884133e-02   5.28e-07         cold  defaults_and_tuned_step_ir_cudssdet/step0.9_ir2-fixed_det1/default/cold/t11.log
  98  31   2.64  -9.85056567e-02   2.10e-05         cold  defaults_and_tuned_step_ir_cudssdet/step0.9_ir2-fixed_det1/default/cold/t12.log
  99  31   2.64  -9.84194286e-02   2.21e-06         cold  defaults_and_tuned_step_ir_cudssdet/step0.9_ir2-fixed_det1/default/cold/t13.log
 100  31   2.59  -9.85970821e-02   9.64e-06         cold  defaults_and_tuned_step_ir_cudssdet/step0.9_ir2-fixed_det1/default/cold/t14.log
 101  31   2.61  -9.86621379e-02   2.95e-06         cold  defaults_and_tuned_step_ir_cudssdet/step0.9_ir2-fixed_det1/default/cold/t19.log


======================================================================================================================
=== [1/101] defaults_and_tuned_step_ir_cudssdet/step0.99_ir0-off_det0/default/cold/t00.log
----------------------------------------------------------------------------------------------------------------------
=== 28 iterations, 0.19s, restored objective -9.85636193e-02, series cold
=== peak dual infeasibility over the last 6 iterations 3.34e-02
=== SETTINGS
===   config     defaults_and_tuned_step_ir_cudssdet/step0.99_ir0-off_det0
===   [command]  python socp_resolve_benchmark/cuopt_socp_resolve_cache.py --configs default --cold-only --K 20 --step-scale 0.99 --ir 0 --bound-free-vars 0 --cudss-deterministic 0 --save-logs socp_resolve_benchmark/logs/defaults_and_tuned_step_ir_cudssdet/step0.99_ir0-off_det0
===   [family]   cold solves only; step scale, refinement mode and cuDSS determinism are the swept axes; bound_free_vars=0, initial point Automatic (SedumiMu on cones), everything else default
===   [log]      barrier_presolve_bound_free_variables = 0 (free variables handled directly)
===   [log]      cudss_deterministic = false (no deterministic solve mode printed)
===   [log]      augmented system
===   [log]      barrier_adaptive_regularization = on
===   [log]      full setup ran (reordering + symbolic factorization), so no cache reuse
======================================================================================================================
cuOpt version: 26.10.0, git hash: 648f805d, host arch: x86_64, device archs: 80-real
CPU: AMD EPYC 7642 48-Core Processor, threads: 5C/5T
CPU SIMD target: AVX2
CUDA 12.9, device: NVIDIA A100 80GB PCIe (ID 0), VRAM: 79.44 GiB
Problem has 1 quadratic constraints. Converting to second-order cones and solving with barrier.
Handling 50 free variables directly in augmented system
Presolved problem: 5103 constraints 10102 variables 265152 nonzeros
Skipping Ruiz equilibration (row norm ratio 1.4, column norm ratio 1.4 < 5e4, Q coeff ratio 1.0 < 100)
Barrier solver started at 0.023 seconds
Barrier solver: 5103 constraints, 10102 variables, 265152 nonzeros


Second-order cones          : 1
Free variables              : 50
Upper bounds                : 5000
Linear system               : augmented
cuDSS Version               : 0.7.1
cuDSS Threading layer       : libcudss_mtlayer_gomp.so.0
Reordering time             : 0.061s
Symbolic factorization time : 0.023s
Symbolic nonzeros in factor : 2.79e+05
Elapsed time for augmented  : 0.114 seconds
Elapsed time           : 0.114 seconds
Barrier setup complete at 0.114 seconds
Adaptive regularization enabled


                  Objective                         Infeasibility        Time
Iter   Primal              Dual                Primal   Dual    Compl.   Elapsed
  0   -3.703274138474e+02 -3.710708058040e+02 3.71e+03 1.91e+00 1.19e-02 0.115
  1   -4.137052079084e+00 -3.474922988751e+02 4.01e+01 2.77e-01 6.50e-02 0.117
  2   -1.039665872955e-01 -2.487351063517e+01 4.69e-01 7.85e-03 4.78e-03 0.120
  3   -5.494861952088e-02 -6.426107942574e-01 4.69e-03 7.91e-05 1.47e-04 0.123
  4   -5.854386015770e-02 -1.360801898834e-01 6.18e-04 1.04e-05 1.73e-05 0.125
  5   -6.651980201222e-02 -1.382165324623e-01 5.03e-04 8.47e-06 2.56e-05 0.128
  6   -6.787741984599e-02 -1.385553868768e-01 4.69e-04 7.93e-06 3.65e-05 0.131
  7   -8.000815326761e-02 -1.263543936387e-01 2.70e-04 4.55e-06 7.62e-05 0.134
  8   -8.013336231623e-02 -1.261894562486e-01 2.54e-04 4.30e-06 9.32e-05 0.136
  9   -8.275751317748e-02 -1.243059757435e-01 1.86e-04 3.19e-06 2.72e-04 0.139
 10   -8.324125534392e-02 -1.222972920312e-01 1.45e-04 2.50e-06 5.49e-04 0.142
 11   -9.290516475360e-02 -1.080072663463e-01 4.82e-05 8.13e-07 1.53e-04 0.144
 12   -9.345899288186e-02 -1.064560117812e-01 3.41e-05 5.87e-07 1.79e-04 0.147
 13   -9.680796907270e-02 -1.013510884956e-01 1.07e-05 1.65e-07 6.48e-05 0.150
 14   -9.715836524965e-02 -1.005134344679e-01 6.02e-06 1.02e-07 6.33e-05 0.152
 15   -9.801444184212e-02 -9.937491702906e-02 2.30e-06 2.88e-08 2.29e-05 0.155
 16   -9.823847255733e-02 -9.899448984326e-02 9.26e-07 1.79e-08 1.48e-05 0.158
 17   -9.846873774209e-02 -9.869334433059e-02 2.51e-07 1.22e-08 4.44e-06 0.160
 18   -9.853074555798e-02 -9.860434133205e-02 5.45e-08 1.18e-09 1.30e-06 0.163
 19   -9.855685060818e-02 -9.857248102352e-02 1.11e-08 9.00e-09 2.82e-07 0.166
 20   -9.856287210066e-02 -9.856470331419e-02 7.04e-10 5.74e-11 2.23e-08 0.168
 21   -9.856361930255e-02 -9.856382012893e-02 7.68e-11 3.60e-09 2.50e-09 0.171
 22   -9.856370624860e-02 -9.856371664132e-02 1.65e-11 1.06e-08 1.24e-10 0.174
 23   -9.856371080986e-02 -9.856371151073e-02 5.26e-12 6.98e-07 7.03e-12 0.176
 24   -9.856371116084e-02 -9.856371122702e-02 7.52e-13 8.64e-05 5.82e-13 0.179
 25   -9.856371119968e-02 -9.856371120300e-02 3.54e-14 6.69e-04 1.26e-14 0.182
 26   -9.856371120135e-02 -9.856371120180e-02 1.12e-14 4.67e-04 1.12e-15 0.184
 27   -9.856371120158e-02 -9.856371120173e-02 4.39e-15 3.34e-02 1.07e-15 0.187
Numerical error in objective
Restoring previous solution


Suboptimal solution found in 28 iterations and 0.19 seconds
Objective -9.85636193e-02
Primal infeasibility (abs/rel): 1.54e-10/7.68e-11
Dual infeasibility   (abs/rel): 3.96e-09/3.60e-09
Complementarity gap  (abs/rel): 2.74e-09/2.50e-09


Barrier finished in 0.19 seconds
Dual variables for problems with quadratic constraints not returned.


======================================================================================================================
=== [2/101] defaults_and_tuned_step_ir_cudssdet/step0.99_ir0-off_det0/default/cold/t01.log
----------------------------------------------------------------------------------------------------------------------
=== 28 iterations, 0.18s, restored objective -9.85078061e-02, series cold
=== peak dual infeasibility over the last 6 iterations 2.16e-02
=== SETTINGS
===   config     defaults_and_tuned_step_ir_cudssdet/step0.99_ir0-off_det0
===   [command]  python socp_resolve_benchmark/cuopt_socp_resolve_cache.py --configs default --cold-only --K 20 --step-scale 0.99 --ir 0 --bound-free-vars 0 --cudss-deterministic 0 --save-logs socp_resolve_benchmark/logs/defaults_and_tuned_step_ir_cudssdet/step0.99_ir0-off_det0
===   [family]   cold solves only; step scale, refinement mode and cuDSS determinism are the swept axes; bound_free_vars=0, initial point Automatic (SedumiMu on cones), everything else default
===   [log]      barrier_presolve_bound_free_variables = 0 (free variables handled directly)
===   [log]      cudss_deterministic = false (no deterministic solve mode printed)
===   [log]      augmented system
===   [log]      barrier_adaptive_regularization = on
===   [log]      full setup ran (reordering + symbolic factorization), so no cache reuse
======================================================================================================================
cuOpt version: 26.10.0, git hash: 648f805d, host arch: x86_64, device archs: 80-real
CPU: AMD EPYC 7642 48-Core Processor, threads: 5C/5T
CPU SIMD target: AVX2
CUDA 12.9, device: NVIDIA A100 80GB PCIe (ID 0), VRAM: 79.44 GiB
Problem has 1 quadratic constraints. Converting to second-order cones and solving with barrier.
Handling 50 free variables directly in augmented system
Presolved problem: 5103 constraints 10102 variables 265152 nonzeros
Skipping Ruiz equilibration (row norm ratio 1.4, column norm ratio 1.4 < 5e4, Q coeff ratio 1.0 < 100)
Barrier solver started at 0.023 seconds
Barrier solver: 5103 constraints, 10102 variables, 265152 nonzeros


Second-order cones          : 1
Free variables              : 50
Upper bounds                : 5000
Linear system               : augmented
cuDSS Version               : 0.7.1
cuDSS Threading layer       : libcudss_mtlayer_gomp.so.0
Reordering time             : 0.055s
Symbolic factorization time : 0.024s
Symbolic nonzeros in factor : 2.79e+05
Elapsed time for augmented  : 0.109 seconds
Elapsed time           : 0.109 seconds
Barrier setup complete at 0.109 seconds
Adaptive regularization enabled


                  Objective                         Infeasibility        Time
Iter   Primal              Dual                Primal   Dual    Compl.   Elapsed
  0   -3.701605598740e+02 -3.710234169387e+02 3.71e+03 1.91e+00 1.19e-02 0.109
  1   -4.135546087433e+00 -3.474447710371e+02 4.01e+01 2.77e-01 6.50e-02 0.112
  2   -1.039314353016e-01 -2.487032509777e+01 4.69e-01 7.85e-03 4.78e-03 0.115
  3   -5.492443558520e-02 -6.426586217497e-01 4.69e-03 7.91e-05 1.48e-04 0.118
  4   -5.851219333053e-02 -1.359803435335e-01 6.17e-04 1.04e-05 1.73e-05 0.120
  5   -6.701659579935e-02 -1.381479765140e-01 4.94e-04 8.32e-06 2.86e-05 0.123
  6   -6.855040157278e-02 -1.384591755741e-01 4.55e-04 7.69e-06 3.48e-05 0.126
  7   -8.223256207201e-02 -1.232136205731e-01 2.32e-04 3.90e-06 6.24e-05 0.128
  8   -8.247964065432e-02 -1.229729189685e-01 2.12e-04 3.59e-06 7.15e-05 0.131
  9   -8.394119915815e-02 -1.220003103389e-01 1.71e-04 2.93e-06 1.85e-04 0.134
 10   -8.656829053489e-02 -1.187840508449e-01 8.89e-05 1.53e-06 1.36e-04 0.136
 11   -8.752242561433e-02 -1.157196044775e-01 5.91e-05 1.05e-06 3.80e-04 0.139
 12   -9.537761682220e-02 -1.035726244656e-01 1.38e-05 2.03e-07 9.04e-05 0.142
 13   -9.692697115744e-02 -1.009873776922e-01 5.49e-06 8.09e-08 3.36e-05 0.144
 14   -9.752957797231e-02 -9.982936564377e-02 2.09e-06 4.49e-08 3.58e-05 0.147
 15   -9.826348094660e-02 -9.884574652257e-02 4.45e-07 1.82e-08 7.54e-06 0.150
 16   -9.843074994884e-02 -9.861044651574e-02 1.19e-07 1.36e-09 3.55e-06 0.152
 17   -9.850552967150e-02 -9.851129316568e-02 3.66e-09 4.68e-09 6.01e-08 0.155
 18   -9.850780606579e-02 -9.850830551295e-02 3.13e-10 2.95e-09 3.01e-09 0.158
 19   -9.850798129380e-02 -9.850806928815e-02 7.53e-11 5.15e-08 3.59e-10 0.160
 20   -9.850801442024e-02 -9.850802497911e-02 6.31e-12 2.95e-07 3.17e-11 0.163
 21   -9.850801828707e-02 -9.850802001100e-02 1.16e-12 2.13e-05 3.59e-12 0.166
 22   -9.850801893347e-02 -9.850801920984e-02 3.00e-13 4.55e-04 6.44e-13 0.168
 23   -9.850801902378e-02 -9.850801910099e-02 2.56e-13 6.62e-04 1.66e-13 0.171
 24   -9.850801904751e-02 -9.850801906775e-02 5.05e-14 2.10e-04 2.69e-14 0.174
 25   -9.850801905383e-02 -9.850801906049e-02 4.78e-14 1.84e-02 8.56e-15 0.176
 26   -9.850801905592e-02 -9.850801905688e-02 1.22e-15 2.93e-03 1.15e-15 0.179
 27   -9.850801905637e-02 -9.850801905637e-02 5.55e-16 2.16e-02 7.34e-16 0.182
Numerical error in objective
Restoring previous solution


Suboptimal solution found in 28 iterations and 0.18 seconds
Objective -9.85078061e-02
Primal infeasibility (abs/rel): 6.26e-10/3.13e-10
Dual infeasibility   (abs/rel): 3.25e-09/2.95e-09
Complementarity gap  (abs/rel): 3.30e-09/3.01e-09


Barrier finished in 0.19 seconds
Dual variables for problems with quadratic constraints not returned.


======================================================================================================================
=== [3/101] defaults_and_tuned_step_ir_cudssdet/step0.99_ir0-off_det0/default/cold/t02.log
----------------------------------------------------------------------------------------------------------------------
=== 22 iterations, 0.17s, restored objective -9.86678627e-02, series cold
=== peak dual infeasibility over the last 6 iterations 2.58e-03
=== SETTINGS
===   config     defaults_and_tuned_step_ir_cudssdet/step0.99_ir0-off_det0
===   [command]  python socp_resolve_benchmark/cuopt_socp_resolve_cache.py --configs default --cold-only --K 20 --step-scale 0.99 --ir 0 --bound-free-vars 0 --cudss-deterministic 0 --save-logs socp_resolve_benchmark/logs/defaults_and_tuned_step_ir_cudssdet/step0.99_ir0-off_det0
===   [family]   cold solves only; step scale, refinement mode and cuDSS determinism are the swept axes; bound_free_vars=0, initial point Automatic (SedumiMu on cones), everything else default
===   [log]      barrier_presolve_bound_free_variables = 0 (free variables handled directly)
===   [log]      cudss_deterministic = false (no deterministic solve mode printed)
===   [log]      augmented system
===   [log]      barrier_adaptive_regularization = on
===   [log]      full setup ran (reordering + symbolic factorization), so no cache reuse
======================================================================================================================
cuOpt version: 26.10.0, git hash: 648f805d, host arch: x86_64, device archs: 80-real
CPU: AMD EPYC 7642 48-Core Processor, threads: 5C/5T
CPU SIMD target: AVX2
CUDA 12.9, device: NVIDIA A100 80GB PCIe (ID 0), VRAM: 79.44 GiB
Problem has 1 quadratic constraints. Converting to second-order cones and solving with barrier.
Handling 50 free variables directly in augmented system
Presolved problem: 5103 constraints 10102 variables 265152 nonzeros
Skipping Ruiz equilibration (row norm ratio 1.4, column norm ratio 1.4 < 5e4, Q coeff ratio 1.0 < 100)
Barrier solver started at 0.024 seconds
Barrier solver: 5103 constraints, 10102 variables, 265152 nonzeros


Second-order cones          : 1
Free variables              : 50
Upper bounds                : 5000
Linear system               : augmented
cuDSS Version               : 0.7.1
cuDSS Threading layer       : libcudss_mtlayer_gomp.so.0
Reordering time             : 0.054s
Symbolic factorization time : 0.024s
Symbolic nonzeros in factor : 2.79e+05
Elapsed time for augmented  : 0.108 seconds
Elapsed time           : 0.108 seconds
Barrier setup complete at 0.108 seconds
Adaptive regularization enabled


                  Objective                         Infeasibility        Time
Iter   Primal              Dual                Primal   Dual    Compl.   Elapsed
  0   -3.702509737108e+02 -3.710937010099e+02 3.71e+03 1.91e+00 1.19e-02 0.109
  1   -4.136273724052e+00 -3.475151614491e+02 4.01e+01 2.77e-01 6.50e-02 0.112
  2   -1.039317309765e-01 -2.487809570011e+01 4.69e-01 7.85e-03 4.78e-03 0.114
  3   -5.492858364018e-02 -6.426989423384e-01 4.69e-03 7.91e-05 1.48e-04 0.117
  4   -5.851315192786e-02 -1.366087248373e-01 6.22e-04 1.05e-05 1.74e-05 0.120
  5   -6.838203649761e-02 -1.390882579245e-01 4.75e-04 8.01e-06 3.90e-05 0.122
  6   -6.889364205017e-02 -1.392058275537e-01 4.61e-04 7.79e-06 4.13e-05 0.125
  7   -7.975773918649e-02 -1.309110433176e-01 2.43e-04 4.26e-06 1.01e-04 0.128
  8   -7.980215735690e-02 -1.306481741256e-01 2.26e-04 3.97e-06 2.65e-04 0.130
  9   -8.971763546261e-02 -1.146079665413e-01 6.32e-05 1.14e-06 2.28e-04 0.133
 10   -9.597459615366e-02 -1.029565251242e-01 1.59e-05 2.86e-07 4.93e-05 0.136
 11   -9.743912907478e-02 -1.006255778965e-01 6.14e-06 1.11e-07 1.11e-05 0.138
 12   -9.773461886512e-02 -9.993998539349e-02 2.94e-06 7.37e-08 2.50e-05 0.141
 13   -9.823248720832e-02 -9.925628645955e-02 9.33e-07 9.61e-09 9.49e-06 0.144
 14   -9.847078453646e-02 -9.892487424085e-02 3.51e-07 1.07e-08 8.04e-06 0.146
 15   -9.865614961521e-02 -9.868363608783e-02 2.06e-08 3.16e-09 3.88e-07 0.149
 16   -9.866786271512e-02 -9.866876061646e-02 6.72e-10 7.33e-09 5.80e-09 0.152
 17   -9.866820137864e-02 -9.866831864832e-02 8.58e-11 2.91e-08 6.40e-10 0.155
 18   -9.866824337558e-02 -9.866826249917e-02 1.15e-11 3.76e-07 6.13e-11 0.157
 19   -9.866825143084e-02 -9.866825234082e-02 5.15e-13 4.91e-06 6.81e-12 0.163
 20   -9.866825181511e-02 -9.866825185130e-02 6.98e-14 1.54e-04 2.66e-13 0.165
 21   -9.866825183014e-02 -9.866825183305e-02 5.11e-14 2.58e-03 1.21e-14 0.168
Numerical error in objective
Restoring previous solution


Suboptimal solution found in 22 iterations and 0.17 seconds
Objective -9.86678627e-02
Primal infeasibility (abs/rel): 1.34e-09/6.72e-10
Dual infeasibility   (abs/rel): 8.08e-09/7.33e-09
Complementarity gap  (abs/rel): 6.37e-09/5.80e-09


Barrier finished in 0.17 seconds
Dual variables for problems with quadratic constraints not returned.


======================================================================================================================
=== [4/101] defaults_and_tuned_step_ir_cudssdet/step0.99_ir0-off_det0/default/cold/t03.log
----------------------------------------------------------------------------------------------------------------------
=== 26 iterations, 0.21s, restored objective -9.88234832e-02, series cold
=== peak dual infeasibility over the last 6 iterations 5.24e-03
=== SETTINGS
===   config     defaults_and_tuned_step_ir_cudssdet/step0.99_ir0-off_det0
===   [command]  python socp_resolve_benchmark/cuopt_socp_resolve_cache.py --configs default --cold-only --K 20 --step-scale 0.99 --ir 0 --bound-free-vars 0 --cudss-deterministic 0 --save-logs socp_resolve_benchmark/logs/defaults_and_tuned_step_ir_cudssdet/step0.99_ir0-off_det0
===   [family]   cold solves only; step scale, refinement mode and cuDSS determinism are the swept axes; bound_free_vars=0, initial point Automatic (SedumiMu on cones), everything else default
===   [log]      barrier_presolve_bound_free_variables = 0 (free variables handled directly)
===   [log]      cudss_deterministic = false (no deterministic solve mode printed)
===   [log]      augmented system
===   [log]      barrier_adaptive_regularization = on
===   [log]      full setup ran (reordering + symbolic factorization), so no cache reuse
======================================================================================================================
cuOpt version: 26.10.0, git hash: 648f805d, host arch: x86_64, device archs: 80-real
CPU: AMD EPYC 7642 48-Core Processor, threads: 5C/5T
CPU SIMD target: AVX2
CUDA 12.9, device: NVIDIA A100 80GB PCIe (ID 0), VRAM: 79.44 GiB
Problem has 1 quadratic constraints. Converting to second-order cones and solving with barrier.
Handling 50 free variables directly in augmented system
Presolved problem: 5103 constraints 10102 variables 265152 nonzeros
Skipping Ruiz equilibration (row norm ratio 1.4, column norm ratio 1.4 < 5e4, Q coeff ratio 1.0 < 100)
Barrier solver started at 0.026 seconds
Barrier solver: 5103 constraints, 10102 variables, 265152 nonzeros


Second-order cones          : 1
Free variables              : 50
Upper bounds                : 5000
Linear system               : augmented
cuDSS Version               : 0.7.1
cuDSS Threading layer       : libcudss_mtlayer_gomp.so.0
Reordering time             : 0.081s
Symbolic factorization time : 0.024s
Symbolic nonzeros in factor : 2.79e+05
Elapsed time for augmented  : 0.137 seconds
Elapsed time           : 0.137 seconds
Barrier setup complete at 0.137 seconds
Adaptive regularization enabled


                  Objective                         Infeasibility        Time
Iter   Primal              Dual                Primal   Dual    Compl.   Elapsed
  0   -3.704296579021e+02 -3.711143874095e+02 3.71e+03 1.91e+00 1.19e-02 0.138
  1   -4.138892597334e+00 -3.475359915807e+02 4.01e+01 2.77e-01 6.50e-02 0.141
  2   -1.039998754225e-01 -2.488607306795e+01 4.69e-01 7.85e-03 4.78e-03 0.143
  3   -5.495597871394e-02 -6.429557202511e-01 4.69e-03 7.91e-05 1.48e-04 0.147
  4   -5.854647565760e-02 -1.362808542247e-01 6.19e-04 1.04e-05 1.74e-05 0.150
  5   -6.679122817221e-02 -1.385928704056e-01 5.02e-04 8.46e-06 2.70e-05 0.153
  6   -6.794018490318e-02 -1.389116857378e-01 4.73e-04 7.99e-06 3.50e-05 0.156
  7   -8.102191472416e-02 -1.263516735758e-01 2.52e-04 4.26e-06 8.00e-05 0.159
  8   -8.117543310094e-02 -1.261418666419e-01 2.34e-04 3.97e-06 1.12e-04 0.162
  9   -8.463905899584e-02 -1.227993105461e-01 1.51e-04 2.59e-06 2.91e-04 0.164
 10   -8.541153993563e-02 -1.201688763617e-01 1.11e-04 1.93e-06 4.87e-04 0.167
 11   -9.365531593562e-02 -1.075906840280e-01 3.94e-05 6.62e-07 1.40e-04 0.170
 12   -9.411674956346e-02 -1.061255118195e-01 2.78e-05 4.80e-07 1.95e-04 0.172
 13   -9.711524722698e-02 -1.015162077489e-01 9.14e-06 1.39e-07 7.17e-05 0.175
 14   -9.773258803139e-02 -1.003075140325e-01 3.86e-06 6.56e-08 4.82e-05 0.178
 15   -9.846080267926e-02 -9.934074726685e-02 1.18e-06 1.49e-08 1.40e-05 0.181
 16   -9.865821731100e-02 -9.903490336311e-02 3.55e-07 7.50e-09 7.37e-06 0.183
 17   -9.878552978303e-02 -9.887465588171e-02 8.09e-08 1.40e-08 1.76e-06 0.186
 18   -9.881255844276e-02 -9.883682843244e-02 1.23e-08 3.64e-10 3.34e-07 0.189
 19   -9.882185218610e-02 -9.882585711435e-02 2.00e-09 8.76e-09 5.60e-08 0.191
 20   -9.882348316228e-02 -9.882383833488e-02 1.45e-10 4.27e-09 2.89e-09 0.194
 21   -9.882363289470e-02 -9.882366358817e-02 7.35e-12 3.94e-08 2.55e-10 0.197
 22   -9.882364634148e-02 -9.882364794881e-02 4.38e-12 9.88e-08 1.24e-11 0.199
 23   -9.882364709724e-02 -9.882364716459e-02 1.38e-12 1.17e-06 2.52e-13 0.202
 24   -9.882364713928e-02 -9.882364715069e-02 2.54e-13 5.24e-03 3.78e-14 0.205
 25   -9.882364714781e-02 -9.882364714832e-02 1.15e-14 3.84e-03 1.12e-15 0.207
Numerical error in objective
Restoring previous solution


Suboptimal solution found in 26 iterations and 0.21 seconds
Objective -9.88234832e-02
Primal infeasibility (abs/rel): 2.90e-10/1.45e-10
Dual infeasibility   (abs/rel): 4.71e-09/4.27e-09
Complementarity gap  (abs/rel): 3.17e-09/2.89e-09


Barrier finished in 0.21 seconds
Dual variables for problems with quadratic constraints not returned.


======================================================================================================================
=== [5/101] defaults_and_tuned_step_ir_cudssdet/step0.99_ir0-off_det0/default/cold/t04.log
----------------------------------------------------------------------------------------------------------------------
=== 29 iterations, 0.19s, restored objective -9.84928106e-02, series cold
=== peak dual infeasibility over the last 6 iterations 3.63e-02
=== SETTINGS
===   config     defaults_and_tuned_step_ir_cudssdet/step0.99_ir0-off_det0
===   [command]  python socp_resolve_benchmark/cuopt_socp_resolve_cache.py --configs default --cold-only --K 20 --step-scale 0.99 --ir 0 --bound-free-vars 0 --cudss-deterministic 0 --save-logs socp_resolve_benchmark/logs/defaults_and_tuned_step_ir_cudssdet/step0.99_ir0-off_det0
===   [family]   cold solves only; step scale, refinement mode and cuDSS determinism are the swept axes; bound_free_vars=0, initial point Automatic (SedumiMu on cones), everything else default
===   [log]      barrier_presolve_bound_free_variables = 0 (free variables handled directly)
===   [log]      cudss_deterministic = false (no deterministic solve mode printed)
===   [log]      augmented system
===   [log]      barrier_adaptive_regularization = on
===   [log]      full setup ran (reordering + symbolic factorization), so no cache reuse
======================================================================================================================
cuOpt version: 26.10.0, git hash: 648f805d, host arch: x86_64, device archs: 80-real
CPU: AMD EPYC 7642 48-Core Processor, threads: 5C/5T
CPU SIMD target: AVX2
CUDA 12.9, device: NVIDIA A100 80GB PCIe (ID 0), VRAM: 79.44 GiB
Problem has 1 quadratic constraints. Converting to second-order cones and solving with barrier.
Handling 50 free variables directly in augmented system
Presolved problem: 5103 constraints 10102 variables 265152 nonzeros
Skipping Ruiz equilibration (row norm ratio 1.4, column norm ratio 1.4 < 5e4, Q coeff ratio 1.0 < 100)
Barrier solver started at 0.027 seconds
Barrier solver: 5103 constraints, 10102 variables, 265152 nonzeros


Second-order cones          : 1
Free variables              : 50
Upper bounds                : 5000
Linear system               : augmented
cuDSS Version               : 0.7.1
cuDSS Threading layer       : libcudss_mtlayer_gomp.so.0
Reordering time             : 0.055s
Symbolic factorization time : 0.023s
Symbolic nonzeros in factor : 2.79e+05
Elapsed time for augmented  : 0.112 seconds
Elapsed time           : 0.112 seconds
Barrier setup complete at 0.112 seconds
Adaptive regularization enabled


                  Objective                         Infeasibility        Time
Iter   Primal              Dual                Primal   Dual    Compl.   Elapsed
  0   -3.702624119443e+02 -3.710387458059e+02 3.71e+03 1.91e+00 1.19e-02 0.112
  1   -4.136636657717e+00 -3.474601645315e+02 4.01e+01 2.77e-01 6.50e-02 0.115
  2   -1.039518364502e-01 -2.487140771107e+01 4.69e-01 7.85e-03 4.78e-03 0.118
  3   -5.493965877081e-02 -6.425638226456e-01 4.69e-03 7.91e-05 1.48e-04 0.120
  4   -5.853205541303e-02 -1.359055666999e-01 6.17e-04 1.04e-05 1.72e-05 0.123
  5   -6.752248991678e-02 -1.382889312650e-01 4.87e-04 8.20e-06 3.00e-05 0.126
  6   -6.909314693931e-02 -1.385283023480e-01 4.47e-04 7.55e-06 4.23e-05 0.128
  7   -8.140912291937e-02 -1.243463698981e-01 2.48e-04 4.16e-06 7.51e-05 0.131
  8   -8.155818046867e-02 -1.241862749120e-01 2.32e-04 3.92e-06 7.37e-05 0.134
  9   -8.323131777348e-02 -1.230409626839e-01 1.85e-04 3.17e-06 2.17e-04 0.137
 10   -8.338516620427e-02 -1.218659104049e-01 1.59e-04 2.73e-06 3.59e-04 0.139
 11   -9.171588473112e-02 -1.095592630238e-01 6.76e-05 1.15e-06 1.14e-04 0.142
 12   -9.235092589539e-02 -1.081506296516e-01 5.22e-05 8.97e-07 1.34e-04 0.145
 13   -9.592641956450e-02 -1.025471242419e-01 1.90e-05 3.11e-07 6.40e-05 0.147
 14   -9.614659527943e-02 -1.018800505300e-01 1.36e-05 2.35e-07 7.68e-05 0.150
 15   -9.734043207311e-02 -1.002233140795e-01 6.12e-06 9.87e-08 3.38e-05 0.153
 16   -9.760704815413e-02 -9.972869203178e-02 3.62e-06 6.74e-08 3.20e-05 0.155
 17   -9.812314824471e-02 -9.901136504643e-02 1.30e-06 1.53e-08 1.27e-05 0.158
 18   -9.827025341497e-02 -9.878292274115e-02 5.73e-07 1.36e-08 8.07e-06 0.161
 19   -9.842443056585e-02 -9.858261353131e-02 1.52e-07 7.28e-09 2.44e-06 0.163
 20   -9.847431763619e-02 -9.851574216597e-02 2.85e-08 2.38e-09 6.52e-07 0.166
 21   -9.848874279585e-02 -9.849813611552e-02 6.12e-09 7.09e-09 1.48e-07 0.169
 22   -9.849234181071e-02 -9.849355090977e-02 5.31e-10 3.73e-09 1.45e-08 0.171
 23   -9.849281062678e-02 -9.849299989839e-02 8.32e-11 1.67e-09 2.36e-09 0.174
 24   -9.849289201688e-02 -9.849290368420e-02 5.12e-12 6.01e-08 1.45e-10 0.177
 25   -9.849289722036e-02 -9.849289747526e-02 3.28e-13 2.90e-07 3.20e-12 0.179
 26   -9.849289732691e-02 -9.849289734131e-02 6.20e-14 3.68e-05 1.92e-13 0.182
 27   -9.849289733262e-02 -9.849289733309e-02 7.91e-15 1.64e-02 5.46e-15 0.185
 28   -9.849289733282e-02 -9.849289733278e-02 5.75e-15 3.63e-02 1.16e-15 0.187
Numerical error in objective
Restoring previous solution


Suboptimal solution found in 29 iterations and 0.19 seconds
Objective -9.84928106e-02
Primal infeasibility (abs/rel): 1.66e-10/8.32e-11
Dual infeasibility   (abs/rel): 1.84e-09/1.67e-09
Complementarity gap  (abs/rel): 2.59e-09/2.36e-09


Barrier finished in 0.19 seconds
Dual variables for problems with quadratic constraints not returned.


======================================================================================================================
=== [6/101] defaults_and_tuned_step_ir_cudssdet/step0.99_ir0-off_det0/default/cold/t05.log
----------------------------------------------------------------------------------------------------------------------
=== 31 iterations, 0.19s, restored objective -9.87543012e-02, series cold
=== peak dual infeasibility over the last 6 iterations 3.03e-03
=== SETTINGS
===   config     defaults_and_tuned_step_ir_cudssdet/step0.99_ir0-off_det0
===   [command]  python socp_resolve_benchmark/cuopt_socp_resolve_cache.py --configs default --cold-only --K 20 --step-scale 0.99 --ir 0 --bound-free-vars 0 --cudss-deterministic 0 --save-logs socp_resolve_benchmark/logs/defaults_and_tuned_step_ir_cudssdet/step0.99_ir0-off_det0
===   [family]   cold solves only; step scale, refinement mode and cuDSS determinism are the swept axes; bound_free_vars=0, initial point Automatic (SedumiMu on cones), everything else default
===   [log]      barrier_presolve_bound_free_variables = 0 (free variables handled directly)
===   [log]      cudss_deterministic = false (no deterministic solve mode printed)
===   [log]      augmented system
===   [log]      barrier_adaptive_regularization = on
===   [log]      full setup ran (reordering + symbolic factorization), so no cache reuse
======================================================================================================================
cuOpt version: 26.10.0, git hash: 648f805d, host arch: x86_64, device archs: 80-real
CPU: AMD EPYC 7642 48-Core Processor, threads: 5C/5T
CPU SIMD target: AVX2
CUDA 12.9, device: NVIDIA A100 80GB PCIe (ID 0), VRAM: 79.44 GiB
Problem has 1 quadratic constraints. Converting to second-order cones and solving with barrier.
Handling 50 free variables directly in augmented system
Presolved problem: 5103 constraints 10102 variables 265152 nonzeros
Skipping Ruiz equilibration (row norm ratio 1.4, column norm ratio 1.4 < 5e4, Q coeff ratio 1.0 < 100)
Barrier solver started at 0.026 seconds
Barrier solver: 5103 constraints, 10102 variables, 265152 nonzeros


Second-order cones          : 1
Free variables              : 50
Upper bounds                : 5000
Linear system               : augmented
cuDSS Version               : 0.7.1
cuDSS Threading layer       : libcudss_mtlayer_gomp.so.0
Reordering time             : 0.055s
Symbolic factorization time : 0.023s
Symbolic nonzeros in factor : 2.79e+05
Elapsed time for augmented  : 0.111 seconds
Elapsed time           : 0.111 seconds
Barrier setup complete at 0.111 seconds
Adaptive regularization enabled


                  Objective                         Infeasibility        Time
Iter   Primal              Dual                Primal   Dual    Compl.   Elapsed
  0   -3.704291987375e+02 -3.711395609108e+02 3.71e+03 1.91e+00 1.19e-02 0.111
  1   -4.138240293685e+00 -3.475611537576e+02 4.01e+01 2.77e-01 6.50e-02 0.114
  2   -1.039773674063e-01 -2.488455939892e+01 4.69e-01 7.85e-03 4.78e-03 0.117
  3   -5.495207885977e-02 -6.428340798057e-01 4.69e-03 7.91e-05 1.47e-04 0.119
  4   -5.854039337860e-02 -1.366926284097e-01 6.23e-04 1.05e-05 1.75e-05 0.122
  5   -6.604975113518e-02 -1.385362712025e-01 5.11e-04 8.60e-06 2.69e-05 0.125
  6   -6.790336036366e-02 -1.389601525600e-01 4.66e-04 7.88e-06 2.96e-05 0.127
  7   -8.303222665187e-02 -1.229859622482e-01 2.19e-04 3.68e-06 5.72e-05 0.130
  8   -8.344792139591e-02 -1.225109091907e-01 1.93e-04 3.26e-06 6.87e-05 0.133
  9   -8.415588654652e-02 -1.222342284984e-01 1.72e-04 2.92e-06 1.24e-04 0.135
 10   -8.638216629958e-02 -1.192142871371e-01 1.32e-04 2.25e-06 9.51e-05 0.138
 11   -8.613030669544e-02 -1.187880988558e-01 1.26e-04 2.17e-06 1.56e-04 0.141
 12   -9.211841795154e-02 -1.096247512785e-01 6.17e-05 1.05e-06 6.89e-05 0.143
 13   -9.284620831536e-02 -1.081501267621e-01 4.70e-05 8.12e-07 9.81e-05 0.146
 14   -9.588078112650e-02 -1.034063544719e-01 2.05e-05 3.41e-07 5.26e-05 0.149
 15   -9.595697417696e-02 -1.029398684466e-01 1.65e-05 2.87e-07 7.06e-05 0.151
 16   -9.732850028089e-02 -1.009836189102e-01 7.97e-06 1.32e-07 3.47e-05 0.154
 17   -9.755025931131e-02 -1.005059343986e-01 5.33e-06 9.96e-08 4.06e-05 0.157
 18   -9.817927032486e-02 -9.960258884435e-02 2.25e-06 3.36e-08 1.83e-05 0.159
 19   -9.831983003668e-02 -9.934568880190e-02 1.26e-06 2.72e-08 1.49e-05 0.162
 20   -9.860387483235e-02 -9.895714697706e-02 3.50e-07 6.75e-09 5.15e-06 0.165
 21   -9.870464599766e-02 -9.881647080178e-02 8.01e-08 3.86e-09 1.85e-06 0.167
 22   -9.874401711429e-02 -9.876792931804e-02 1.65e-08 9.85e-09 4.03e-07 0.170
 23   -9.875302977442e-02 -9.875609875145e-02 1.14e-09 5.20e-10 3.76e-08 0.173
 24   -9.875430117197e-02 -9.875462821989e-02 1.21e-10 3.02e-09 4.05e-09 0.176
 25   -9.875443707318e-02 -9.875446443864e-02 3.62e-11 1.14e-07 2.65e-10 0.178
 26   -9.875444840610e-02 -9.875445004214e-02 2.29e-12 1.47e-06 1.35e-11 0.181
 27   -9.875444902868e-02 -9.875444925794e-02 2.34e-13 2.11e-05 1.87e-12 0.184
 28   -9.875444912507e-02 -9.875444913785e-02 3.44e-14 6.21e-05 7.56e-14 0.186
 29   -9.875444913015e-02 -9.875444913197e-02 3.20e-14 1.80e-04 6.62e-15 0.189
 30   -9.875444913081e-02 -9.875444913165e-02 1.80e-14 3.03e-03 2.17e-15 0.192
Numerical error in objective
Restoring previous solution


Suboptimal solution found in 31 iterations and 0.19 seconds
Objective -9.87543012e-02
Primal infeasibility (abs/rel): 2.43e-10/1.21e-10
Dual infeasibility   (abs/rel): 3.33e-09/3.02e-09
Complementarity gap  (abs/rel): 4.45e-09/4.05e-09


Barrier finished in 0.20 seconds
Dual variables for problems with quadratic constraints not returned.


======================================================================================================================
=== [7/101] defaults_and_tuned_step_ir_cudssdet/step0.99_ir0-off_det0/default/cold/t06.log
----------------------------------------------------------------------------------------------------------------------
=== 26 iterations, 0.28s, restored objective -9.84740513e-02, series cold
=== peak dual infeasibility over the last 6 iterations 2.22e-02
=== SETTINGS
===   config     defaults_and_tuned_step_ir_cudssdet/step0.99_ir0-off_det0
===   [command]  python socp_resolve_benchmark/cuopt_socp_resolve_cache.py --configs default --cold-only --K 20 --step-scale 0.99 --ir 0 --bound-free-vars 0 --cudss-deterministic 0 --save-logs socp_resolve_benchmark/logs/defaults_and_tuned_step_ir_cudssdet/step0.99_ir0-off_det0
===   [family]   cold solves only; step scale, refinement mode and cuDSS determinism are the swept axes; bound_free_vars=0, initial point Automatic (SedumiMu on cones), everything else default
===   [log]      barrier_presolve_bound_free_variables = 0 (free variables handled directly)
===   [log]      cudss_deterministic = false (no deterministic solve mode printed)
===   [log]      augmented system
===   [log]      barrier_adaptive_regularization = on
===   [log]      full setup ran (reordering + symbolic factorization), so no cache reuse
======================================================================================================================
cuOpt version: 26.10.0, git hash: 648f805d, host arch: x86_64, device archs: 80-real
CPU: AMD EPYC 7642 48-Core Processor, threads: 5C/5T
CPU SIMD target: AVX2
CUDA 12.9, device: NVIDIA A100 80GB PCIe (ID 0), VRAM: 79.44 GiB
Problem has 1 quadratic constraints. Converting to second-order cones and solving with barrier.
Handling 50 free variables directly in augmented system
Presolved problem: 5103 constraints 10102 variables 265152 nonzeros
Skipping Ruiz equilibration (row norm ratio 1.4, column norm ratio 1.4 < 5e4, Q coeff ratio 1.0 < 100)
Barrier solver started at 0.025 seconds
Barrier solver: 5103 constraints, 10102 variables, 265152 nonzeros


Second-order cones          : 1
Free variables              : 50
Upper bounds                : 5000
Linear system               : augmented
cuDSS Version               : 0.7.1
cuDSS Threading layer       : libcudss_mtlayer_gomp.so.0
Reordering time             : 0.151s
Symbolic factorization time : 0.029s
Symbolic nonzeros in factor : 2.79e+05
Elapsed time for augmented  : 0.212 seconds
Elapsed time           : 0.212 seconds
Barrier setup complete at 0.212 seconds
Adaptive regularization enabled


                  Objective                         Infeasibility        Time
Iter   Primal              Dual                Primal   Dual    Compl.   Elapsed
  0   -3.704490508896e+02 -3.710981922775e+02 3.71e+03 1.91e+00 1.19e-02 0.212
  1   -4.138704054982e+00 -3.475197441660e+02 4.01e+01 2.77e-01 6.50e-02 0.215
  2   -1.040077714945e-01 -2.488126492825e+01 4.69e-01 7.85e-03 4.78e-03 0.218
  3   -5.496009155769e-02 -6.429578732383e-01 4.69e-03 7.91e-05 1.48e-04 0.221
  4   -5.855201100198e-02 -1.359301148263e-01 6.17e-04 1.04e-05 1.72e-05 0.223
  5   -6.551663256021e-02 -1.377706603517e-01 5.18e-04 8.72e-06 2.04e-05 0.226
  6   -6.699939866149e-02 -1.382652964669e-01 4.83e-04 8.15e-06 2.72e-05 0.229
  7   -8.162860227336e-02 -1.249446432963e-01 2.43e-04 4.09e-06 7.09e-05 0.231
  8   -8.180505672395e-02 -1.245928184586e-01 2.22e-04 3.75e-06 1.18e-04 0.234
  9   -8.340904033844e-02 -1.237510872785e-01 1.77e-04 3.03e-06 2.86e-04 0.237
 10   -8.548191354065e-02 -1.209174040680e-01 1.01e-04 1.72e-06 2.63e-04 0.239
 11   -8.804180768242e-02 -1.151500540083e-01 5.31e-05 9.37e-07 4.50e-04 0.242
 12   -9.516026499840e-02 -1.038332646068e-01 1.31e-05 1.97e-07 1.16e-04 0.245
 13   -9.698997640979e-02 -1.008623558805e-01 4.64e-06 6.71e-08 3.36e-05 0.247
 14   -9.759720422183e-02 -9.966209446998e-02 1.54e-06 3.48e-08 3.73e-05 0.250
 15   -9.828552968616e-02 -9.874037179503e-02 3.13e-07 1.80e-08 7.81e-06 0.253
 16   -9.842291764252e-02 -9.854048596164e-02 6.43e-08 6.61e-10 2.37e-06 0.256
 17   -9.846590738696e-02 -9.848553097180e-02 1.06e-08 1.36e-08 3.94e-07 0.258
 18   -9.847269097521e-02 -9.847595269509e-02 8.69e-10 1.16e-09 3.61e-08 0.261
 19   -9.847405130431e-02 -9.847432807892e-02 7.34e-11 5.73e-09 3.10e-09 0.264
 20   -9.847416827917e-02 -9.847418320008e-02 2.95e-11 1.52e-08 8.65e-11 0.267
 21   -9.847417543235e-02 -9.847417582688e-02 2.48e-13 4.79e-07 2.32e-12 0.269
 22   -9.847417560951e-02 -9.847417563206e-02 6.54e-14 1.12e-04 1.48e-13 0.273
 23   -9.847417562016e-02 -9.847417561935e-02 5.73e-14 5.11e-03 3.54e-15 0.276
 24   -9.847417561904e-02 -9.847417561901e-02 1.44e-15 2.22e-02 6.37e-16 0.278
 25   -9.847417561903e-02 -9.847417561901e-02 8.33e-16 2.09e-02 3.57e-18 0.281
Numerical error in objective
Restoring previous solution


Suboptimal solution found in 26 iterations and 0.28 seconds
Objective -9.84740513e-02
Primal infeasibility (abs/rel): 1.47e-10/7.34e-11
Dual infeasibility   (abs/rel): 6.31e-09/5.73e-09
Complementarity gap  (abs/rel): 3.40e-09/3.10e-09


Barrier finished in 0.29 seconds
Dual variables for problems with quadratic constraints not returned.


======================================================================================================================
=== [8/101] defaults_and_tuned_step_ir_cudssdet/step0.99_ir0-off_det0/default/cold/t07.log
----------------------------------------------------------------------------------------------------------------------
=== 27 iterations, 0.31s, restored objective -9.85532427e-02, series cold
=== peak dual infeasibility over the last 6 iterations 3.53e-02
=== SETTINGS
===   config     defaults_and_tuned_step_ir_cudssdet/step0.99_ir0-off_det0
===   [command]  python socp_resolve_benchmark/cuopt_socp_resolve_cache.py --configs default --cold-only --K 20 --step-scale 0.99 --ir 0 --bound-free-vars 0 --cudss-deterministic 0 --save-logs socp_resolve_benchmark/logs/defaults_and_tuned_step_ir_cudssdet/step0.99_ir0-off_det0
===   [family]   cold solves only; step scale, refinement mode and cuDSS determinism are the swept axes; bound_free_vars=0, initial point Automatic (SedumiMu on cones), everything else default
===   [log]      barrier_presolve_bound_free_variables = 0 (free variables handled directly)
===   [log]      cudss_deterministic = false (no deterministic solve mode printed)
===   [log]      augmented system
===   [log]      barrier_adaptive_regularization = on
===   [log]      full setup ran (reordering + symbolic factorization), so no cache reuse
======================================================================================================================
cuOpt version: 26.10.0, git hash: 648f805d, host arch: x86_64, device archs: 80-real
CPU: AMD EPYC 7642 48-Core Processor, threads: 5C/5T
CPU SIMD target: AVX2
CUDA 12.9, device: NVIDIA A100 80GB PCIe (ID 0), VRAM: 79.44 GiB
Problem has 1 quadratic constraints. Converting to second-order cones and solving with barrier.
Handling 50 free variables directly in augmented system
Presolved problem: 5103 constraints 10102 variables 265152 nonzeros
Skipping Ruiz equilibration (row norm ratio 1.4, column norm ratio 1.4 < 5e4, Q coeff ratio 1.0 < 100)
Barrier solver started at 0.028 seconds
Barrier solver: 5103 constraints, 10102 variables, 265152 nonzeros


Second-order cones          : 1
Free variables              : 50
Upper bounds                : 5000
Linear system               : augmented
cuDSS Version               : 0.7.1
cuDSS Threading layer       : libcudss_mtlayer_gomp.so.0
Reordering time             : 0.175s
Symbolic factorization time : 0.026s
Symbolic nonzeros in factor : 2.79e+05
Elapsed time for augmented  : 0.235 seconds
Elapsed time           : 0.235 seconds
Barrier setup complete at 0.235 seconds
Adaptive regularization enabled


                  Objective                         Infeasibility        Time
Iter   Primal              Dual                Primal   Dual    Compl.   Elapsed
  0   -3.704340093575e+02 -3.710959393425e+02 3.71e+03 1.91e+00 1.19e-02 0.236
  1   -4.137998516224e+00 -3.475174945458e+02 4.01e+01 2.77e-01 6.50e-02 0.239
  2   -1.040026843364e-01 -2.487628225874e+01 4.69e-01 7.85e-03 4.78e-03 0.242
  3   -5.496235276563e-02 -6.427806958435e-01 4.69e-03 7.91e-05 1.48e-04 0.244
  4   -5.856089498976e-02 -1.359195024231e-01 6.17e-04 1.04e-05 1.72e-05 0.247
  5   -6.659155988768e-02 -1.380597672267e-01 5.02e-04 8.45e-06 2.55e-05 0.250
  6   -6.814662298516e-02 -1.384347226960e-01 4.64e-04 7.83e-06 3.21e-05 0.252
  7   -8.145162470324e-02 -1.248841641501e-01 2.46e-04 4.13e-06 6.80e-05 0.255
  8   -8.163155724356e-02 -1.246569973406e-01 2.28e-04 3.86e-06 7.92e-05 0.258
  9   -8.366586875474e-02 -1.232311931920e-01 1.73e-04 2.96e-06 2.39e-04 0.260
 10   -8.320255616612e-02 -1.226028114414e-01 1.60e-04 2.76e-06 4.83e-04 0.263
 11   -8.618180162362e-02 -1.182469973866e-01 1.17e-04 2.02e-06 4.61e-04 0.266
 12   -9.420624269428e-02 -1.056238217052e-01 2.78e-05 4.78e-07 6.26e-05 0.268
 13   -9.577883459906e-02 -1.027241280196e-01 1.34e-05 2.43e-07 6.82e-05 0.271
 14   -9.755132420465e-02 -1.001065913685e-01 4.25e-06 6.05e-08 2.03e-05 0.274
 15   -9.788728382409e-02 -9.948504393382e-02 1.97e-06 3.90e-08 2.91e-05 0.277
 16   -9.846392059404e-02 -9.867299483621e-02 2.49e-07 3.35e-09 2.75e-06 0.279
 17   -9.854353342962e-02 -9.856676902176e-02 2.52e-08 1.32e-08 1.92e-07 0.282
 18   -9.855164637737e-02 -9.855553562200e-02 3.72e-09 2.21e-09 3.38e-08 0.285
 19   -9.855324266350e-02 -9.855343718385e-02 1.86e-10 5.06e-10 1.18e-09 0.287
 20   -9.855332090772e-02 -9.855333526581e-02 1.34e-11 1.34e-07 4.69e-11 0.290
 21   -9.855332590095e-02 -9.855332861934e-02 2.08e-12 3.32e-05 9.63e-12 0.293
 22   -9.855332691749e-02 -9.855332732925e-02 2.74e-13 2.79e-05 1.31e-12 0.295
 23   -9.855332704761e-02 -9.855332716631e-02 1.61e-13 2.63e-04 2.98e-13 0.298
 24   -9.855332709598e-02 -9.855332710397e-02 4.00e-15 1.20e-04 1.77e-14 0.301
 25   -9.855332709799e-02 -9.855332710090e-02 2.04e-14 3.53e-02 4.99e-15 0.303
 26   -9.855332709898e-02 -9.855332710018e-02 5.61e-15 1.92e-02 2.09e-15 0.306
Numerical error in objective
Restoring previous solution


Suboptimal solution found in 27 iterations and 0.31 seconds
Objective -9.85532427e-02
Primal infeasibility (abs/rel): 3.73e-10/1.86e-10
Dual infeasibility   (abs/rel): 5.58e-10/5.06e-10
Complementarity gap  (abs/rel): 1.30e-09/1.18e-09


Barrier finished in 0.31 seconds
Dual variables for problems with quadratic constraints not returned.


======================================================================================================================
=== [9/101] defaults_and_tuned_step_ir_cudssdet/step0.99_ir0-off_det0/default/cold/t08.log
----------------------------------------------------------------------------------------------------------------------
=== 30 iterations, 0.27s, restored objective -9.87075303e-02, series cold
=== peak dual infeasibility over the last 6 iterations 2.08e-04
=== SETTINGS
===   config     defaults_and_tuned_step_ir_cudssdet/step0.99_ir0-off_det0
===   [command]  python socp_resolve_benchmark/cuopt_socp_resolve_cache.py --configs default --cold-only --K 20 --step-scale 0.99 --ir 0 --bound-free-vars 0 --cudss-deterministic 0 --save-logs socp_resolve_benchmark/logs/defaults_and_tuned_step_ir_cudssdet/step0.99_ir0-off_det0
===   [family]   cold solves only; step scale, refinement mode and cuDSS determinism are the swept axes; bound_free_vars=0, initial point Automatic (SedumiMu on cones), everything else default
===   [log]      barrier_presolve_bound_free_variables = 0 (free variables handled directly)
===   [log]      cudss_deterministic = false (no deterministic solve mode printed)
===   [log]      augmented system
===   [log]      barrier_adaptive_regularization = on
===   [log]      full setup ran (reordering + symbolic factorization), so no cache reuse
======================================================================================================================
cuOpt version: 26.10.0, git hash: 648f805d, host arch: x86_64, device archs: 80-real
CPU: AMD EPYC 7642 48-Core Processor, threads: 5C/5T
CPU SIMD target: AVX2
CUDA 12.9, device: NVIDIA A100 80GB PCIe (ID 0), VRAM: 79.44 GiB
Problem has 1 quadratic constraints. Converting to second-order cones and solving with barrier.
Handling 50 free variables directly in augmented system
Presolved problem: 5103 constraints 10102 variables 265152 nonzeros
Skipping Ruiz equilibration (row norm ratio 1.4, column norm ratio 1.4 < 5e4, Q coeff ratio 1.0 < 100)
Barrier solver started at 0.026 seconds
Barrier solver: 5103 constraints, 10102 variables, 265152 nonzeros


Second-order cones          : 1
Free variables              : 50
Upper bounds                : 5000
Linear system               : augmented
cuDSS Version               : 0.7.1
cuDSS Threading layer       : libcudss_mtlayer_gomp.so.0
Reordering time             : 0.136s
Symbolic factorization time : 0.023s
Symbolic nonzeros in factor : 2.79e+05
Elapsed time for augmented  : 0.192 seconds
Elapsed time           : 0.192 seconds
Barrier setup complete at 0.192 seconds
Adaptive regularization enabled


                  Objective                         Infeasibility        Time
Iter   Primal              Dual                Primal   Dual    Compl.   Elapsed
  0   -3.704472534989e+02 -3.711214143411e+02 3.71e+03 1.91e+00 1.19e-02 0.193
  1   -4.139241959327e+00 -3.475430561525e+02 4.01e+01 2.77e-01 6.50e-02 0.196
  2   -1.040141420634e-01 -2.488853418158e+01 4.69e-01 7.85e-03 4.78e-03 0.198
  3   -5.495990762707e-02 -6.430540096216e-01 4.69e-03 7.91e-05 1.48e-04 0.201
  4   -5.854949344420e-02 -1.367065501977e-01 6.23e-04 1.05e-05 1.74e-05 0.204
  5   -6.684360091937e-02 -1.389240143500e-01 5.00e-04 8.41e-06 2.91e-05 0.207
  6   -6.858424268660e-02 -1.392430766365e-01 4.57e-04 7.71e-06 4.63e-05 0.209
  7   -8.184715466737e-02 -1.245071831134e-01 2.41e-04 4.05e-06 9.35e-05 0.212
  8   -8.205650613912e-02 -1.242795868995e-01 2.24e-04 3.78e-06 8.66e-05 0.215
  9   -8.329128879455e-02 -1.236157027603e-01 1.89e-04 3.23e-06 1.67e-04 0.217
 10   -8.579240783745e-02 -1.208114529783e-01 1.15e-04 1.97e-06 1.18e-04 0.220
 11   -8.609994007202e-02 -1.189982840747e-01 9.07e-05 1.58e-06 3.15e-04 0.223
 12   -9.366018759491e-02 -1.069400834345e-01 3.33e-05 5.48e-07 9.09e-05 0.225
 13   -9.465417508796e-02 -1.050937966277e-01 2.23e-05 3.81e-07 1.00e-04 0.228
 14   -9.513673748189e-02 -1.042755181713e-01 1.75e-05 3.13e-07 1.08e-04 0.231
 15   -9.670434266807e-02 -1.019114497813e-01 8.94e-06 1.55e-07 5.47e-05 0.233
 16   -9.685191628376e-02 -1.014510313208e-01 6.64e-06 1.25e-07 5.98e-05 0.236
 17   -9.786607111425e-02 -9.994899777606e-02 2.48e-06 4.03e-08 2.49e-05 0.239
 18   -9.810245512894e-02 -9.953707422712e-02 1.36e-06 3.08e-08 2.14e-05 0.241
 19   -9.848044979461e-02 -9.901769506337e-02 4.20e-07 5.36e-09 7.65e-06 0.244
 20   -9.859797739243e-02 -9.884781591671e-02 1.50e-07 6.10e-09 4.06e-06 0.247
 21   -9.867565220590e-02 -9.874920542700e-02 3.92e-08 7.57e-09 1.16e-06 0.249
 22   -9.870115136628e-02 -9.871556330356e-02 5.12e-09 2.38e-10 2.14e-07 0.252
 23   -9.870645581636e-02 -9.870924558572e-02 9.56e-10 8.36e-09 4.17e-08 0.255
 24   -9.870753034531e-02 -9.870791064777e-02 1.12e-10 3.83e-09 4.68e-09 0.258
 25   -9.870768990287e-02 -9.870771603236e-02 6.96e-12 4.77e-08 3.17e-10 0.260
 26   -9.870770120880e-02 -9.870770233003e-02 4.70e-13 7.36e-07 1.20e-11 0.263
 27   -9.870770169114e-02 -9.870770178176e-02 1.23e-13 2.48e-05 7.88e-13 0.266
 28   -9.870770173355e-02 -9.870770173653e-02 1.58e-14 2.08e-04 1.57e-14 0.268
 29   -9.870770173438e-02 -9.870770173544e-02 2.02e-14 1.74e-04 3.04e-15 0.271
Numerical error in objective
Restoring previous solution


Suboptimal solution found in 30 iterations and 0.27 seconds
Objective -9.87075303e-02
Primal infeasibility (abs/rel): 2.24e-10/1.12e-10
Dual infeasibility   (abs/rel): 4.22e-09/3.83e-09
Complementarity gap  (abs/rel): 5.15e-09/4.68e-09


Barrier finished in 0.28 seconds
Dual variables for problems with quadratic constraints not returned.


======================================================================================================================
=== [10/101] defaults_and_tuned_step_ir_cudssdet/step0.99_ir0-off_det0/default/cold/t12.log
----------------------------------------------------------------------------------------------------------------------
=== 29 iterations, 0.19s, restored objective -9.85054526e-02, series cold
=== peak dual infeasibility over the last 6 iterations 5.40e-04
=== SETTINGS
===   config     defaults_and_tuned_step_ir_cudssdet/step0.99_ir0-off_det0
===   [command]  python socp_resolve_benchmark/cuopt_socp_resolve_cache.py --configs default --cold-only --K 20 --step-scale 0.99 --ir 0 --bound-free-vars 0 --cudss-deterministic 0 --save-logs socp_resolve_benchmark/logs/defaults_and_tuned_step_ir_cudssdet/step0.99_ir0-off_det0
===   [family]   cold solves only; step scale, refinement mode and cuDSS determinism are the swept axes; bound_free_vars=0, initial point Automatic (SedumiMu on cones), everything else default
===   [log]      barrier_presolve_bound_free_variables = 0 (free variables handled directly)
===   [log]      cudss_deterministic = false (no deterministic solve mode printed)
===   [log]      augmented system
===   [log]      barrier_adaptive_regularization = on
===   [log]      full setup ran (reordering + symbolic factorization), so no cache reuse
======================================================================================================================
cuOpt version: 26.10.0, git hash: 648f805d, host arch: x86_64, device archs: 80-real
CPU: AMD EPYC 7642 48-Core Processor, threads: 5C/5T
CPU SIMD target: AVX2
CUDA 12.9, device: NVIDIA A100 80GB PCIe (ID 0), VRAM: 79.44 GiB
Problem has 1 quadratic constraints. Converting to second-order cones and solving with barrier.
Handling 50 free variables directly in augmented system
Presolved problem: 5103 constraints 10102 variables 265152 nonzeros
Skipping Ruiz equilibration (row norm ratio 1.4, column norm ratio 1.4 < 5e4, Q coeff ratio 1.0 < 100)
Barrier solver started at 0.025 seconds
Barrier solver: 5103 constraints, 10102 variables, 265152 nonzeros


Second-order cones          : 1
Free variables              : 50
Upper bounds                : 5000
Linear system               : augmented
cuDSS Version               : 0.7.1
cuDSS Threading layer       : libcudss_mtlayer_gomp.so.0
Reordering time             : 0.052s
Symbolic factorization time : 0.023s
Symbolic nonzeros in factor : 2.79e+05
Elapsed time for augmented  : 0.107 seconds
Elapsed time           : 0.107 seconds
Barrier setup complete at 0.107 seconds
Adaptive regularization enabled


                  Objective                         Infeasibility        Time
Iter   Primal              Dual                Primal   Dual    Compl.   Elapsed
  0   -3.703361174615e+02 -3.711052443117e+02 3.71e+03 1.91e+00 1.19e-02 0.108
  1   -4.137135610136e+00 -3.475267509215e+02 4.01e+01 2.77e-01 6.50e-02 0.111
  2   -1.039531737639e-01 -2.487910029746e+01 4.69e-01 7.85e-03 4.78e-03 0.113
  3   -5.493987109224e-02 -6.426842429831e-01 4.69e-03 7.91e-05 1.47e-04 0.116
  4   -5.852671187677e-02 -1.365430028598e-01 6.22e-04 1.05e-05 1.74e-05 0.119
  5   -6.766214588424e-02 -1.389353108258e-01 4.86e-04 8.19e-06 3.37e-05 0.121
  6   -6.886254256353e-02 -1.391548070349e-01 4.54e-04 7.67e-06 4.28e-05 0.124
  7   -8.047923602559e-02 -1.258120140008e-01 2.61e-04 4.40e-06 7.94e-05 0.127
  8   -8.065806179722e-02 -1.256963354122e-01 2.46e-04 4.16e-06 7.68e-05 0.129
  9   -8.300360820641e-02 -1.237813219725e-01 1.84e-04 3.15e-06 2.23e-04 0.132
 10   -8.389641212001e-02 -1.215850991074e-01 1.44e-04 2.49e-06 3.70e-04 0.135
 11   -9.193388071229e-02 -1.093100193191e-01 6.12e-05 1.04e-06 1.21e-04 0.137
 12   -9.265518656858e-02 -1.077072819684e-01 4.52e-05 7.78e-07 1.39e-04 0.140
 13   -9.633225034038e-02 -1.019836307812e-01 1.50e-05 2.43e-07 5.78e-05 0.143
 14   -9.649276806666e-02 -1.014059868051e-01 1.07e-05 1.84e-07 6.91e-05 0.145
 15   -9.758211146026e-02 -9.990094691238e-02 4.72e-06 7.38e-08 2.97e-05 0.148
 16   -9.782908800415e-02 -9.944544185615e-02 2.60e-06 4.90e-08 2.62e-05 0.151
 17   -9.824145812351e-02 -9.887644490517e-02 8.90e-07 9.52e-09 9.83e-06 0.153
 18   -9.835961064774e-02 -9.869389216480e-02 3.45e-07 8.61e-09 5.45e-06 0.156
 19   -9.846308607485e-02 -9.856143675734e-02 9.02e-08 7.62e-09 1.58e-06 0.159
 20   -9.849617561166e-02 -9.851733046376e-02 1.33e-08 3.17e-09 3.29e-07 0.161
 21   -9.850378891080e-02 -9.850811514228e-02 2.62e-09 7.77e-09 6.70e-08 0.164
 22   -9.850545263258e-02 -9.850600807631e-02 2.36e-10 1.45e-11 6.53e-09 0.167
 23   -9.850567510110e-02 -9.850574673783e-02 3.05e-11 1.64e-08 8.44e-10 0.170
 24   -9.850570690845e-02 -9.850570934260e-02 1.03e-12 9.60e-08 2.79e-11 0.172
 25   -9.850570780840e-02 -9.850570828715e-02 2.21e-13 1.48e-05 5.62e-12 0.175
 26   -9.850570801513e-02 -9.850570804683e-02 1.01e-13 3.03e-04 3.45e-13 0.178
 27   -9.850570802993e-02 -9.850570803145e-02 2.94e-14 4.94e-04 8.64e-15 0.180
 28   -9.850570803077e-02 -9.850570803108e-02 8.49e-15 5.40e-04 1.00e-15 0.183
Numerical error in objective
Restoring previous solution


Suboptimal solution found in 29 iterations and 0.19 seconds
Objective -9.85054526e-02
Primal infeasibility (abs/rel): 4.72e-10/2.36e-10
Dual infeasibility   (abs/rel): 1.60e-11/1.45e-11
Complementarity gap  (abs/rel): 7.18e-09/6.53e-09


Barrier finished in 0.19 seconds
Dual variables for problems with quadratic constraints not returned.


======================================================================================================================
=== [11/101] defaults_and_tuned_step_ir_cudssdet/step0.99_ir0-off_det0/default/cold/t13.log
----------------------------------------------------------------------------------------------------------------------
=== 28 iterations, 0.19s, restored objective -9.84192746e-02, series cold
=== peak dual infeasibility over the last 6 iterations 3.09e-03
=== SETTINGS
===   config     defaults_and_tuned_step_ir_cudssdet/step0.99_ir0-off_det0
===   [command]  python socp_resolve_benchmark/cuopt_socp_resolve_cache.py --configs default --cold-only --K 20 --step-scale 0.99 --ir 0 --bound-free-vars 0 --cudss-deterministic 0 --save-logs socp_resolve_benchmark/logs/defaults_and_tuned_step_ir_cudssdet/step0.99_ir0-off_det0
===   [family]   cold solves only; step scale, refinement mode and cuDSS determinism are the swept axes; bound_free_vars=0, initial point Automatic (SedumiMu on cones), everything else default
===   [log]      barrier_presolve_bound_free_variables = 0 (free variables handled directly)
===   [log]      cudss_deterministic = false (no deterministic solve mode printed)
===   [log]      augmented system
===   [log]      barrier_adaptive_regularization = on
===   [log]      full setup ran (reordering + symbolic factorization), so no cache reuse
======================================================================================================================
cuOpt version: 26.10.0, git hash: 648f805d, host arch: x86_64, device archs: 80-real
CPU: AMD EPYC 7642 48-Core Processor, threads: 5C/5T
CPU SIMD target: AVX2
CUDA 12.9, device: NVIDIA A100 80GB PCIe (ID 0), VRAM: 79.44 GiB
Problem has 1 quadratic constraints. Converting to second-order cones and solving with barrier.
Handling 50 free variables directly in augmented system
Presolved problem: 5103 constraints 10102 variables 265152 nonzeros
Skipping Ruiz equilibration (row norm ratio 1.4, column norm ratio 1.4 < 5e4, Q coeff ratio 1.0 < 100)
Barrier solver started at 0.027 seconds
Barrier solver: 5103 constraints, 10102 variables, 265152 nonzeros


Second-order cones          : 1
Free variables              : 50
Upper bounds                : 5000
Linear system               : augmented
cuDSS Version               : 0.7.1
cuDSS Threading layer       : libcudss_mtlayer_gomp.so.0
Reordering time             : 0.054s
Symbolic factorization time : 0.024s
Symbolic nonzeros in factor : 2.79e+05
Elapsed time for augmented  : 0.111 seconds
Elapsed time           : 0.111 seconds
Barrier setup complete at 0.111 seconds
Adaptive regularization enabled


                  Objective                         Infeasibility        Time
Iter   Primal              Dual                Primal   Dual    Compl.   Elapsed
  0   -3.703532868363e+02 -3.711197926069e+02 3.71e+03 1.91e+00 1.19e-02 0.112
  1   -4.137900874588e+00 -3.475413679313e+02 4.01e+01 2.77e-01 6.50e-02 0.115
  2   -1.039745619570e-01 -2.488596528319e+01 4.69e-01 7.85e-03 4.78e-03 0.117
  3   -5.494370609681e-02 -6.429524629909e-01 4.69e-03 7.91e-05 1.48e-04 0.120
  4   -5.852900857221e-02 -1.369057061426e-01 6.24e-04 1.05e-05 1.75e-05 0.123
  5   -6.642458740288e-02 -1.389496388870e-01 5.07e-04 8.54e-06 2.84e-05 0.126
  6   -6.769405527550e-02 -1.393008277324e-01 4.75e-04 8.02e-06 3.77e-05 0.128
  7   -7.916848897782e-02 -1.276638439798e-01 2.84e-04 4.78e-06 8.13e-05 0.131
  8   -7.928839382580e-02 -1.275288753543e-01 2.70e-04 4.56e-06 9.31e-05 0.134
  9   -8.201677291323e-02 -1.255775100306e-01 2.00e-04 3.42e-06 2.72e-04 0.136
 10   -8.282375156807e-02 -1.232664693301e-01 1.54e-04 2.67e-06 5.05e-04 0.139
 11   -9.170384546955e-02 -1.098319052374e-01 6.34e-05 1.08e-06 1.60e-04 0.142
 12   -9.213634696665e-02 -1.084542797796e-01 4.87e-05 8.38e-07 1.96e-04 0.144
 13   -9.606865864407e-02 -1.022461193104e-01 1.66e-05 2.66e-07 8.00e-05 0.147
 14   -9.652989146534e-02 -1.010797798755e-01 9.03e-06 1.55e-07 8.30e-05 0.150
 15   -9.766905146759e-02 -9.953259703204e-02 3.31e-06 4.51e-08 2.80e-05 0.152
 16   -9.794008956526e-02 -9.906015163540e-02 1.46e-06 2.69e-08 2.02e-05 0.155
 17   -9.827164422677e-02 -9.862396359617e-02 4.28e-07 1.32e-08 6.22e-06 0.158
 18   -9.835571882275e-02 -9.849952022321e-02 1.18e-07 2.80e-09 2.30e-06 0.160
 19   -9.840497107118e-02 -9.843834838059e-02 2.59e-08 9.40e-09 5.43e-07 0.163
 20   -9.841741864792e-02 -9.842206126676e-02 1.92e-09 1.89e-10 5.48e-08 0.166
 21   -9.841927458010e-02 -9.841986280115e-02 2.39e-10 9.20e-10 7.01e-09 0.168
 22   -9.841951799469e-02 -9.841956440928e-02 5.97e-11 1.55e-08 3.75e-10 0.171
 23   -9.841953715247e-02 -9.841954385104e-02 7.77e-12 1.43e-07 5.59e-11 0.174
 24   -9.841954021003e-02 -9.841954054749e-02 2.12e-13 3.94e-06 2.70e-12 0.176
 25   -9.841954036365e-02 -9.841954037741e-02 2.22e-14 1.26e-03 1.09e-13 0.179
 26   -9.841954036970e-02 -9.841954036991e-02 5.16e-15 2.63e-03 3.84e-15 0.182
 27   -9.841954036973e-02 -9.841954036983e-02 3.83e-15 3.09e-03 9.10e-16 0.184
Numerical error in objective
Restoring previous solution


Suboptimal solution found in 28 iterations and 0.19 seconds
Objective -9.84192746e-02
Primal infeasibility (abs/rel): 4.79e-10/2.39e-10
Dual infeasibility   (abs/rel): 1.01e-09/9.20e-10
Complementarity gap  (abs/rel): 7.70e-09/7.01e-09


Barrier finished in 0.19 seconds
Dual variables for problems with quadratic constraints not returned.


======================================================================================================================
=== [12/101] defaults_and_tuned_step_ir_cudssdet/step0.99_ir0-off_det0/default/cold/t14.log
----------------------------------------------------------------------------------------------------------------------
=== 29 iterations, 0.19s, restored objective -9.85972278e-02, series cold
=== peak dual infeasibility over the last 6 iterations 1.52e-03
=== SETTINGS
===   config     defaults_and_tuned_step_ir_cudssdet/step0.99_ir0-off_det0
===   [command]  python socp_resolve_benchmark/cuopt_socp_resolve_cache.py --configs default --cold-only --K 20 --step-scale 0.99 --ir 0 --bound-free-vars 0 --cudss-deterministic 0 --save-logs socp_resolve_benchmark/logs/defaults_and_tuned_step_ir_cudssdet/step0.99_ir0-off_det0
===   [family]   cold solves only; step scale, refinement mode and cuDSS determinism are the swept axes; bound_free_vars=0, initial point Automatic (SedumiMu on cones), everything else default
===   [log]      barrier_presolve_bound_free_variables = 0 (free variables handled directly)
===   [log]      cudss_deterministic = false (no deterministic solve mode printed)
===   [log]      augmented system
===   [log]      barrier_adaptive_regularization = on
===   [log]      full setup ran (reordering + symbolic factorization), so no cache reuse
======================================================================================================================
cuOpt version: 26.10.0, git hash: 648f805d, host arch: x86_64, device archs: 80-real
CPU: AMD EPYC 7642 48-Core Processor, threads: 5C/5T
CPU SIMD target: AVX2
CUDA 12.9, device: NVIDIA A100 80GB PCIe (ID 0), VRAM: 79.44 GiB
Problem has 1 quadratic constraints. Converting to second-order cones and solving with barrier.
Handling 50 free variables directly in augmented system
Presolved problem: 5103 constraints 10102 variables 265152 nonzeros
Skipping Ruiz equilibration (row norm ratio 1.4, column norm ratio 1.4 < 5e4, Q coeff ratio 1.0 < 100)
Barrier solver started at 0.024 seconds
Barrier solver: 5103 constraints, 10102 variables, 265152 nonzeros


Second-order cones          : 1
Free variables              : 50
Upper bounds                : 5000
Linear system               : augmented
cuDSS Version               : 0.7.1
cuDSS Threading layer       : libcudss_mtlayer_gomp.so.0
Reordering time             : 0.054s
Symbolic factorization time : 0.023s
Symbolic nonzeros in factor : 2.79e+05
Elapsed time for augmented  : 0.108 seconds
Elapsed time           : 0.108 seconds
Barrier setup complete at 0.108 seconds
Adaptive regularization enabled


                  Objective                         Infeasibility        Time
Iter   Primal              Dual                Primal   Dual    Compl.   Elapsed
  0   -3.703993037120e+02 -3.711301956175e+02 3.71e+03 1.91e+00 1.19e-02 0.109
  1   -4.138312164185e+00 -3.475517914085e+02 4.01e+01 2.77e-01 6.50e-02 0.112
  2   -1.039811673307e-01 -2.488651259756e+01 4.69e-01 7.85e-03 4.78e-03 0.114
  3   -5.494896683772e-02 -6.429278176704e-01 4.69e-03 7.91e-05 1.48e-04 0.117
  4   -5.853996092322e-02 -1.361844566281e-01 6.19e-04 1.04e-05 1.73e-05 0.120
  5   -6.635107917313e-02 -1.384036404958e-01 5.08e-04 8.56e-06 2.50e-05 0.123
  6   -6.755109964898e-02 -1.387681582407e-01 4.78e-04 8.08e-06 3.38e-05 0.125
  7   -7.881693638035e-02 -1.279574532765e-01 2.93e-04 4.94e-06 7.37e-05 0.128
  8   -7.897140708814e-02 -1.278424553148e-01 2.78e-04 4.70e-06 9.91e-05 0.131
  9   -8.213086461376e-02 -1.254376510789e-01 1.99e-04 3.40e-06 2.83e-04 0.133
 10   -8.362871877902e-02 -1.223006189030e-01 1.44e-04 2.48e-06 4.82e-04 0.136
 11   -9.211582506681e-02 -1.094477806710e-01 5.97e-05 1.01e-06 1.57e-04 0.139
 12   -9.256779311251e-02 -1.080706706307e-01 4.52e-05 7.78e-07 1.89e-04 0.141
 13   -9.635598686411e-02 -1.021839155897e-01 1.50e-05 2.40e-07 7.13e-05 0.144
 14   -9.657221854999e-02 -1.015252568793e-01 1.04e-05 1.77e-07 7.66e-05 0.147
 15   -9.764235775491e-02 -1.000352396574e-01 4.56e-06 7.06e-08 3.26e-05 0.149
 16   -9.788615330488e-02 -9.958310812754e-02 2.58e-06 4.83e-08 2.84e-05 0.152
 17   -9.832618557948e-02 -9.897762632976e-02 8.55e-07 9.40e-09 1.05e-05 0.155
 18   -9.844624295214e-02 -9.879237001507e-02 3.38e-07 8.64e-09 5.96e-06 0.157
 19   -9.855345105983e-02 -9.865535123126e-02 8.86e-08 7.59e-09 1.72e-06 0.160
 20   -9.858648467920e-02 -9.861109483210e-02 1.49e-08 1.50e-09 4.00e-07 0.163
 21   -9.859527186412e-02 -9.860044938389e-02 3.00e-09 7.37e-09 8.47e-08 0.165
 22   -9.859722779039e-02 -9.859796637829e-02 3.17e-10 1.63e-09 9.89e-09 0.168
 23   -9.859755146805e-02 -9.859758322887e-02 1.37e-11 1.12e-08 4.14e-10 0.171
 24   -9.859756458941e-02 -9.859756771668e-02 1.26e-12 2.65e-07 3.86e-11 0.174
 25   -9.859756587600e-02 -9.859756622744e-02 2.73e-13 7.26e-06 4.59e-12 0.176
 26   -9.859756602617e-02 -9.859756605726e-02 6.31e-14 2.39e-04 3.91e-13 0.179
 27   -9.859756604030e-02 -9.859756604194e-02 1.86e-14 4.63e-04 1.52e-14 0.182
 28   -9.859756604103e-02 -9.859756604141e-02 7.55e-15 1.52e-03 1.41e-15 0.184
Numerical error in objective
Restoring previous solution


Suboptimal solution found in 29 iterations and 0.19 seconds
Objective -9.85972278e-02
Primal infeasibility (abs/rel): 6.34e-10/3.17e-10
Dual infeasibility   (abs/rel): 1.79e-09/1.63e-09
Complementarity gap  (abs/rel): 1.09e-08/9.89e-09


Barrier finished in 0.19 seconds
Dual variables for problems with quadratic constraints not returned.


======================================================================================================================
=== [13/101] defaults_and_tuned_step_ir_cudssdet/step0.99_ir0-off_det0/default/cold/t16.log
----------------------------------------------------------------------------------------------------------------------
=== 29 iterations, 0.19s, restored objective -9.85960823e-02, series cold
=== peak dual infeasibility over the last 6 iterations 8.00e-02
=== SETTINGS
===   config     defaults_and_tuned_step_ir_cudssdet/step0.99_ir0-off_det0
===   [command]  python socp_resolve_benchmark/cuopt_socp_resolve_cache.py --configs default --cold-only --K 20 --step-scale 0.99 --ir 0 --bound-free-vars 0 --cudss-deterministic 0 --save-logs socp_resolve_benchmark/logs/defaults_and_tuned_step_ir_cudssdet/step0.99_ir0-off_det0
===   [family]   cold solves only; step scale, refinement mode and cuDSS determinism are the swept axes; bound_free_vars=0, initial point Automatic (SedumiMu on cones), everything else default
===   [log]      barrier_presolve_bound_free_variables = 0 (free variables handled directly)
===   [log]      cudss_deterministic = false (no deterministic solve mode printed)
===   [log]      augmented system
===   [log]      barrier_adaptive_regularization = on
===   [log]      full setup ran (reordering + symbolic factorization), so no cache reuse
======================================================================================================================
cuOpt version: 26.10.0, git hash: 648f805d, host arch: x86_64, device archs: 80-real
CPU: AMD EPYC 7642 48-Core Processor, threads: 5C/5T
CPU SIMD target: AVX2
CUDA 12.9, device: NVIDIA A100 80GB PCIe (ID 0), VRAM: 79.44 GiB
Problem has 1 quadratic constraints. Converting to second-order cones and solving with barrier.
Handling 50 free variables directly in augmented system
Presolved problem: 5103 constraints 10102 variables 265152 nonzeros
Skipping Ruiz equilibration (row norm ratio 1.4, column norm ratio 1.4 < 5e4, Q coeff ratio 1.0 < 100)
Barrier solver started at 0.024 seconds
Barrier solver: 5103 constraints, 10102 variables, 265152 nonzeros


Second-order cones          : 1
Free variables              : 50
Upper bounds                : 5000
Linear system               : augmented
cuDSS Version               : 0.7.1
cuDSS Threading layer       : libcudss_mtlayer_gomp.so.0
Reordering time             : 0.061s
Symbolic factorization time : 0.024s
Symbolic nonzeros in factor : 2.79e+05
Elapsed time for augmented  : 0.116 seconds
Elapsed time           : 0.116 seconds
Barrier setup complete at 0.116 seconds
Adaptive regularization enabled


                  Objective                         Infeasibility        Time
Iter   Primal              Dual                Primal   Dual    Compl.   Elapsed
  0   -3.705152443471e+02 -3.711033693861e+02 3.71e+03 1.91e+00 1.19e-02 0.116
  1   -4.138998803691e+00 -3.475249664413e+02 4.01e+01 2.77e-01 6.50e-02 0.119
  2   -1.040338951819e-01 -2.487858818235e+01 4.69e-01 7.85e-03 4.78e-03 0.122
  3   -5.497382536347e-02 -6.429188357382e-01 4.69e-03 7.91e-05 1.48e-04 0.124
  4   -5.856905358528e-02 -1.363521308683e-01 6.20e-04 1.04e-05 1.73e-05 0.127
  5   -6.705039891755e-02 -1.385953013504e-01 4.95e-04 8.35e-06 2.84e-05 0.130
  6   -6.848339336137e-02 -1.388986081267e-01 4.59e-04 7.75e-06 4.03e-05 0.133
  7   -8.093058018178e-02 -1.253021642621e-01 2.54e-04 4.27e-06 7.91e-05 0.135
  8   -8.112523740584e-02 -1.251138716480e-01 2.36e-04 3.98e-06 9.13e-05 0.138
  9   -8.325019514966e-02 -1.235967355831e-01 1.79e-04 3.07e-06 2.57e-04 0.141
 10   -8.360525453962e-02 -1.220453404422e-01 1.46e-04 2.52e-06 4.26e-04 0.143
 11   -9.182227178604e-02 -1.097891379476e-01 6.30e-05 1.07e-06 1.44e-04 0.146
 12   -9.260118942073e-02 -1.080834746913e-01 4.68e-05 8.06e-07 1.69e-04 0.149
 13   -9.603655225447e-02 -1.026638628417e-01 1.77e-05 2.87e-07 7.21e-05 0.151
 14   -9.627355040720e-02 -1.020014061411e-01 1.28e-05 2.18e-07 7.61e-05 0.154
 15   -9.745245335121e-02 -1.003279698616e-01 5.88e-06 9.44e-08 3.43e-05 0.157
 16   -9.773896030928e-02 -9.980326719759e-02 3.42e-06 6.37e-08 3.11e-05 0.159
 17   -9.823881112032e-02 -9.910142377844e-02 1.22e-06 1.44e-08 1.22e-05 0.162
 18   -9.838761882117e-02 -9.886873216256e-02 5.18e-07 1.28e-08 7.54e-06 0.165
 19   -9.853257803388e-02 -9.868003043682e-02 1.38e-07 7.19e-09 2.27e-06 0.167
 20   -9.857923774941e-02 -9.861704200965e-02 2.53e-08 2.32e-09 5.87e-07 0.170
 21   -9.859248937158e-02 -9.860082458049e-02 5.27e-09 7.88e-09 1.31e-07 0.173
 22   -9.859564666092e-02 -9.859679330841e-02 5.12e-10 1.21e-09 1.43e-08 0.175
 23   -9.859608226814e-02 -9.859627632072e-02 8.68e-11 2.10e-09 2.45e-09 0.178
 24   -9.859616674067e-02 -9.859617579177e-02 4.05e-12 1.64e-08 1.11e-10 0.181
 25   -9.859617070519e-02 -9.859617104561e-02 1.99e-13 2.03e-06 3.99e-12 0.184
 26   -9.859617085242e-02 -9.859617086816e-02 2.95e-14 5.76e-05 1.74e-13 0.186
 27   -9.859617085906e-02 -9.859617085971e-02 5.13e-15 1.97e-02 9.03e-15 0.189
 28   -9.859617085934e-02 -9.859617085942e-02 6.55e-15 8.00e-02 8.83e-16 0.192
Numerical error in objective
Restoring previous solution


Suboptimal solution found in 29 iterations and 0.19 seconds
Objective -9.85960823e-02
Primal infeasibility (abs/rel): 1.74e-10/8.68e-11
Dual infeasibility   (abs/rel): 2.31e-09/2.10e-09
Complementarity gap  (abs/rel): 2.69e-09/2.45e-09


Barrier finished in 0.20 seconds
Dual variables for problems with quadratic constraints not returned.


======================================================================================================================
=== [14/101] defaults_and_tuned_step_ir_cudssdet/step0.99_ir0-off_det0/default/cold/t17.log
----------------------------------------------------------------------------------------------------------------------
=== 28 iterations, 0.2s, restored objective -9.85240013e-02, series cold
=== peak dual infeasibility over the last 6 iterations 1.79e-03
=== SETTINGS
===   config     defaults_and_tuned_step_ir_cudssdet/step0.99_ir0-off_det0
===   [command]  python socp_resolve_benchmark/cuopt_socp_resolve_cache.py --configs default --cold-only --K 20 --step-scale 0.99 --ir 0 --bound-free-vars 0 --cudss-deterministic 0 --save-logs socp_resolve_benchmark/logs/defaults_and_tuned_step_ir_cudssdet/step0.99_ir0-off_det0
===   [family]   cold solves only; step scale, refinement mode and cuDSS determinism are the swept axes; bound_free_vars=0, initial point Automatic (SedumiMu on cones), everything else default
===   [log]      barrier_presolve_bound_free_variables = 0 (free variables handled directly)
===   [log]      cudss_deterministic = false (no deterministic solve mode printed)
===   [log]      augmented system
===   [log]      barrier_adaptive_regularization = on
===   [log]      full setup ran (reordering + symbolic factorization), so no cache reuse
======================================================================================================================
cuOpt version: 26.10.0, git hash: 648f805d, host arch: x86_64, device archs: 80-real
CPU: AMD EPYC 7642 48-Core Processor, threads: 5C/5T
CPU SIMD target: AVX2
CUDA 12.9, device: NVIDIA A100 80GB PCIe (ID 0), VRAM: 79.44 GiB
Problem has 1 quadratic constraints. Converting to second-order cones and solving with barrier.
Handling 50 free variables directly in augmented system
Presolved problem: 5103 constraints 10102 variables 265152 nonzeros
Skipping Ruiz equilibration (row norm ratio 1.4, column norm ratio 1.4 < 5e4, Q coeff ratio 1.0 < 100)
Barrier solver started at 0.026 seconds
Barrier solver: 5103 constraints, 10102 variables, 265152 nonzeros


Second-order cones          : 1
Free variables              : 50
Upper bounds                : 5000
Linear system               : augmented
cuDSS Version               : 0.7.1
cuDSS Threading layer       : libcudss_mtlayer_gomp.so.0
Reordering time             : 0.068s
Symbolic factorization time : 0.023s
Symbolic nonzeros in factor : 2.79e+05
Elapsed time for augmented  : 0.124 seconds
Elapsed time           : 0.124 seconds
Barrier setup complete at 0.124 seconds
Adaptive regularization enabled


                  Objective                         Infeasibility        Time
Iter   Primal              Dual                Primal   Dual    Compl.   Elapsed
  0   -3.703446513950e+02 -3.711178663113e+02 3.71e+03 1.91e+00 1.19e-02 0.124
  1   -4.136321701940e+00 -3.475393405900e+02 4.01e+01 2.77e-01 6.50e-02 0.127
  2   -1.039556752576e-01 -2.487508189626e+01 4.69e-01 7.85e-03 4.78e-03 0.130
  3   -5.494034058071e-02 -6.427665804666e-01 4.69e-03 7.91e-05 1.48e-04 0.132
  4   -5.852904416432e-02 -1.363010766176e-01 6.20e-04 1.04e-05 1.73e-05 0.135
  5   -6.681488353255e-02 -1.385031446886e-01 5.00e-04 8.42e-06 2.76e-05 0.138
  6   -6.831092871241e-02 -1.388298640660e-01 4.63e-04 7.81e-06 3.21e-05 0.141
  7   -8.086286119335e-02 -1.256456343015e-01 2.57e-04 4.33e-06 5.93e-05 0.143
  8   -8.098452715087e-02 -1.254734429211e-01 2.43e-04 4.10e-06 7.95e-05 0.146
  9   -8.293818696903e-02 -1.241478719312e-01 1.89e-04 3.24e-06 2.37e-04 0.149
 10   -8.299293139344e-02 -1.228180238707e-01 1.62e-04 2.79e-06 4.26e-04 0.151
 11   -9.152272414871e-02 -1.100085563140e-01 7.04e-05 1.19e-06 1.35e-04 0.154
 12   -9.228110323892e-02 -1.083504197514e-01 5.24e-05 9.00e-07 1.55e-04 0.157
 13   -9.625903784592e-02 -1.020978656685e-01 1.64e-05 2.66e-07 6.56e-05 0.159
 14   -9.647622056314e-02 -1.014307727157e-01 1.13e-05 1.94e-07 7.44e-05 0.162
 15   -9.756422973778e-02 -9.995308717059e-02 5.08e-06 8.08e-08 3.26e-05 0.165
 16   -9.783008365443e-02 -9.948034981814e-02 2.84e-06 5.39e-08 2.87e-05 0.168
 17   -9.826871392011e-02 -9.888089729598e-02 9.13e-07 9.97e-09 1.03e-05 0.170
 18   -9.837729470139e-02 -9.871183469671e-02 3.70e-07 9.10e-09 5.88e-06 0.173
 19   -9.848247926847e-02 -9.857837230309e-02 9.55e-08 7.77e-09 1.67e-06 0.176
 20   -9.851277218276e-02 -9.853778952843e-02 1.75e-08 1.93e-09 4.14e-07 0.178
 21   -9.852156249418e-02 -9.852716616817e-02 3.72e-09 8.00e-09 9.25e-08 0.181
 22   -9.852368437342e-02 -9.852448039109e-02 3.74e-10 2.39e-09 1.06e-08 0.184
 23   -9.852400131644e-02 -9.852410859625e-02 5.05e-11 9.19e-10 1.46e-09 0.186
 24   -9.852404835565e-02 -9.852405316581e-02 2.26e-12 2.59e-08 6.58e-11 0.189
 25   -9.852405051523e-02 -9.852405059929e-02 1.39e-14 7.99e-07 1.16e-12 0.192
 26   -9.852405055120e-02 -9.852405055659e-02 3.66e-15 1.28e-03 7.31e-14 0.195
 27   -9.852405055361e-02 -9.852405055390e-02 5.55e-16 1.79e-03 2.44e-15 0.197
Numerical error in objective
Restoring previous solution


Suboptimal solution found in 28 iterations and 0.20 seconds
Objective -9.85240013e-02
Primal infeasibility (abs/rel): 1.01e-10/5.05e-11
Dual infeasibility   (abs/rel): 1.01e-09/9.19e-10
Complementarity gap  (abs/rel): 1.60e-09/1.46e-09


Barrier finished in 0.20 seconds
Dual variables for problems with quadratic constraints not returned.


======================================================================================================================
=== [15/101] defaults_and_tuned_step_ir_cudssdet/step0.99_ir0-off_det0/default/cold/t18.log
----------------------------------------------------------------------------------------------------------------------
=== 28 iterations, 0.31s, restored objective -9.83788567e-02, series cold
=== peak dual infeasibility over the last 6 iterations 1.84e-01
=== SETTINGS
===   config     defaults_and_tuned_step_ir_cudssdet/step0.99_ir0-off_det0
===   [command]  python socp_resolve_benchmark/cuopt_socp_resolve_cache.py --configs default --cold-only --K 20 --step-scale 0.99 --ir 0 --bound-free-vars 0 --cudss-deterministic 0 --save-logs socp_resolve_benchmark/logs/defaults_and_tuned_step_ir_cudssdet/step0.99_ir0-off_det0
===   [family]   cold solves only; step scale, refinement mode and cuDSS determinism are the swept axes; bound_free_vars=0, initial point Automatic (SedumiMu on cones), everything else default
===   [log]      barrier_presolve_bound_free_variables = 0 (free variables handled directly)
===   [log]      cudss_deterministic = false (no deterministic solve mode printed)
===   [log]      augmented system
===   [log]      barrier_adaptive_regularization = on
===   [log]      full setup ran (reordering + symbolic factorization), so no cache reuse
======================================================================================================================
cuOpt version: 26.10.0, git hash: 648f805d, host arch: x86_64, device archs: 80-real
CPU: AMD EPYC 7642 48-Core Processor, threads: 5C/5T
CPU SIMD target: AVX2
CUDA 12.9, device: NVIDIA A100 80GB PCIe (ID 0), VRAM: 79.44 GiB
Problem has 1 quadratic constraints. Converting to second-order cones and solving with barrier.
Handling 50 free variables directly in augmented system
Presolved problem: 5103 constraints 10102 variables 265152 nonzeros
Skipping Ruiz equilibration (row norm ratio 1.4, column norm ratio 1.4 < 5e4, Q coeff ratio 1.0 < 100)
Barrier solver started at 0.026 seconds
Barrier solver: 5103 constraints, 10102 variables, 265152 nonzeros


Second-order cones          : 1
Free variables              : 50
Upper bounds                : 5000
Linear system               : augmented
cuDSS Version               : 0.7.1
cuDSS Threading layer       : libcudss_mtlayer_gomp.so.0
Reordering time             : 0.173s
Symbolic factorization time : 0.023s
Symbolic nonzeros in factor : 2.79e+05
Elapsed time for augmented  : 0.230 seconds
Elapsed time           : 0.230 seconds
Barrier setup complete at 0.230 seconds
Adaptive regularization enabled


                  Objective                         Infeasibility        Time
Iter   Primal              Dual                Primal   Dual    Compl.   Elapsed
  0   -3.702964190560e+02 -3.711235215740e+02 3.71e+03 1.91e+00 1.19e-02 0.231
  1   -4.136200400095e+00 -3.475449712620e+02 4.01e+01 2.77e-01 6.50e-02 0.234
  2   -1.039156970135e-01 -2.487807213880e+01 4.69e-01 7.85e-03 4.78e-03 0.236
  3   -5.492703515524e-02 -6.425744712041e-01 4.69e-03 7.90e-05 1.47e-04 0.239
  4   -5.851160243273e-02 -1.363146743142e-01 6.20e-04 1.04e-05 1.74e-05 0.242
  5   -6.671506239759e-02 -1.384831505125e-01 4.99e-04 8.41e-06 2.78e-05 0.244
  6   -6.822898979336e-02 -1.387925720568e-01 4.62e-04 7.80e-06 3.77e-05 0.247
  7   -8.057551308402e-02 -1.255005805688e-01 2.60e-04 4.38e-06 7.74e-05 0.250
  8   -8.072007556537e-02 -1.253462610816e-01 2.45e-04 4.15e-06 6.95e-05 0.253
  9   -8.270686966167e-02 -1.240856419677e-01 1.91e-04 3.27e-06 2.25e-04 0.255
 10   -8.239301557152e-02 -1.230776078233e-01 1.70e-04 2.93e-06 4.87e-04 0.258
 11   -9.220858080714e-02 -1.088201099235e-01 6.13e-05 1.04e-06 1.34e-04 0.261
 12   -9.242054428866e-02 -1.075286822760e-01 4.54e-05 7.81e-07 2.34e-04 0.263
 13   -9.595317863033e-02 -1.021157689284e-01 1.55e-05 2.51e-07 1.02e-04 0.266
 14   -9.664462921272e-02 -1.007992001830e-01 8.31e-06 1.45e-07 9.18e-05 0.269
 15   -9.769670688809e-02 -9.939161558230e-02 3.13e-06 4.50e-08 3.32e-05 0.271
 16   -9.799075932699e-02 -9.890129084759e-02 1.27e-06 2.43e-08 2.02e-05 0.274
 17   -9.826339641613e-02 -9.853981188041e-02 3.52e-07 1.15e-08 6.06e-06 0.277
 18   -9.833737087430e-02 -9.843076411501e-02 7.76e-08 1.94e-09 1.76e-06 0.279
 19   -9.837017675953e-02 -9.839042425341e-02 1.61e-08 8.53e-09 3.84e-07 0.282
 20   -9.837783417898e-02 -9.838042557891e-02 1.27e-09 3.35e-10 3.69e-08 0.285
 21   -9.837885672478e-02 -9.837918971449e-02 1.63e-10 5.10e-09 4.79e-09 0.287
 22   -9.837899992136e-02 -9.837901664508e-02 1.56e-11 2.79e-08 2.27e-10 0.290
 23   -9.837900742856e-02 -9.837900792064e-02 4.73e-12 6.69e-07 4.74e-12 0.293
 24   -9.837900768181e-02 -9.837900773629e-02 9.81e-13 2.85e-05 3.53e-13 0.295
 25   -9.837900771783e-02 -9.837900772148e-02 9.56e-14 1.68e-03 1.22e-14 0.298
 26   -9.837900771870e-02 -9.837900772097e-02 7.90e-14 1.84e-01 1.92e-15 0.301
 27   -9.837900771990e-02 -9.837900772090e-02 3.54e-14 5.30e-02 1.07e-15 0.304
Numerical error in objective
Restoring previous solution


Suboptimal solution found in 28 iterations and 0.31 seconds
Objective -9.83788567e-02
Primal infeasibility (abs/rel): 3.25e-10/1.63e-10
Dual infeasibility   (abs/rel): 5.62e-09/5.10e-09
Complementarity gap  (abs/rel): 5.26e-09/4.79e-09


Barrier finished in 0.31 seconds
Dual variables for problems with quadratic constraints not returned.


======================================================================================================================
=== [16/101] defaults_and_tuned_step_ir_cudssdet/step0.99_ir0-off_det0/default/cold/t19.log
----------------------------------------------------------------------------------------------------------------------
=== 29 iterations, 0.28s, restored objective -9.86623868e-02, series cold
=== peak dual infeasibility over the last 6 iterations 8.13e-02
=== SETTINGS
===   config     defaults_and_tuned_step_ir_cudssdet/step0.99_ir0-off_det0
===   [command]  python socp_resolve_benchmark/cuopt_socp_resolve_cache.py --configs default --cold-only --K 20 --step-scale 0.99 --ir 0 --bound-free-vars 0 --cudss-deterministic 0 --save-logs socp_resolve_benchmark/logs/defaults_and_tuned_step_ir_cudssdet/step0.99_ir0-off_det0
===   [family]   cold solves only; step scale, refinement mode and cuDSS determinism are the swept axes; bound_free_vars=0, initial point Automatic (SedumiMu on cones), everything else default
===   [log]      barrier_presolve_bound_free_variables = 0 (free variables handled directly)
===   [log]      cudss_deterministic = false (no deterministic solve mode printed)
===   [log]      augmented system
===   [log]      barrier_adaptive_regularization = on
===   [log]      full setup ran (reordering + symbolic factorization), so no cache reuse
======================================================================================================================
cuOpt version: 26.10.0, git hash: 648f805d, host arch: x86_64, device archs: 80-real
CPU: AMD EPYC 7642 48-Core Processor, threads: 5C/5T
CPU SIMD target: AVX2
CUDA 12.9, device: NVIDIA A100 80GB PCIe (ID 0), VRAM: 79.44 GiB
Problem has 1 quadratic constraints. Converting to second-order cones and solving with barrier.
Handling 50 free variables directly in augmented system
Presolved problem: 5103 constraints 10102 variables 265152 nonzeros
Skipping Ruiz equilibration (row norm ratio 1.4, column norm ratio 1.4 < 5e4, Q coeff ratio 1.0 < 100)
Barrier solver started at 0.026 seconds
Barrier solver: 5103 constraints, 10102 variables, 265152 nonzeros


Second-order cones          : 1
Free variables              : 50
Upper bounds                : 5000
Linear system               : augmented
cuDSS Version               : 0.7.1
cuDSS Threading layer       : libcudss_mtlayer_gomp.so.0
Reordering time             : 0.138s
Symbolic factorization time : 0.027s
Symbolic nonzeros in factor : 2.79e+05
Elapsed time for augmented  : 0.198 seconds
Elapsed time           : 0.198 seconds
Barrier setup complete at 0.198 seconds
Adaptive regularization enabled


                  Objective                         Infeasibility        Time
Iter   Primal              Dual                Primal   Dual    Compl.   Elapsed
  0   -3.704438282728e+02 -3.711104708303e+02 3.71e+03 1.91e+00 1.19e-02 0.199
  1   -4.139322660344e+00 -3.475321003753e+02 4.01e+01 2.77e-01 6.50e-02 0.202
  2   -1.040051644777e-01 -2.488690150380e+01 4.69e-01 7.85e-03 4.78e-03 0.204
  3   -5.496098286578e-02 -6.429065465087e-01 4.69e-03 7.91e-05 1.48e-04 0.207
  4   -5.855459127018e-02 -1.362808451043e-01 6.19e-04 1.04e-05 1.73e-05 0.210
  5   -6.665900438468e-02 -1.384240901438e-01 5.01e-04 8.44e-06 2.67e-05 0.212
  6   -6.830409204067e-02 -1.387647178585e-01 4.61e-04 7.79e-06 3.69e-05 0.215
  7   -8.178955735002e-02 -1.244189040464e-01 2.41e-04 4.06e-06 7.25e-05 0.218
  8   -8.204663334051e-02 -1.241616691657e-01 2.21e-04 3.74e-06 7.39e-05 0.220
  9   -8.363736533405e-02 -1.231272577391e-01 1.77e-04 3.03e-06 1.96e-04 0.223
 10   -8.574109112751e-02 -1.205816104436e-01 1.06e-04 1.82e-06 1.75e-04 0.226
 11   -8.728284061338e-02 -1.169578669164e-01 6.97e-05 1.22e-06 3.38e-04 0.228
 12   -9.491678312306e-02 -1.048368694409e-01 2.14e-05 3.40e-07 7.50e-05 0.231
 13   -9.573043832175e-02 -1.031982759273e-01 1.32e-05 2.24e-07 8.97e-05 0.234
 14   -9.610891506912e-02 -1.025840560288e-01 1.00e-05 1.84e-07 9.42e-05 0.236
 15   -9.721091234691e-02 -1.009344530582e-01 5.11e-06 8.87e-08 4.83e-05 0.239
 16   -9.738107089570e-02 -1.005139536058e-01 3.53e-06 7.06e-08 4.79e-05 0.242
 17   -9.813667790308e-02 -9.940610508485e-02 1.10e-06 1.51e-08 1.83e-05 0.244
 18   -9.834643585688e-02 -9.907977040209e-02 4.97e-07 1.49e-08 1.30e-05 0.247
 19   -9.856013189858e-02 -9.879917298627e-02 1.40e-07 6.60e-09 4.13e-06 0.250
 20   -9.863076582641e-02 -9.870228515775e-02 3.12e-08 2.93e-09 1.33e-06 0.253
 21   -9.865492253550e-02 -9.867237050947e-02 7.14e-09 8.05e-09 3.20e-07 0.255
 22   -9.866137831092e-02 -9.866393836833e-02 6.75e-10 5.54e-10 3.53e-08 0.258
 23   -9.866238683419e-02 -9.866273877952e-02 9.30e-11 1.37e-09 4.99e-09 0.261
 24   -9.866252416297e-02 -9.866257431358e-02 1.33e-11 3.77e-08 7.16e-10 0.263
 25   -9.866254602189e-02 -9.866254797096e-02 9.28e-13 4.35e-07 2.73e-11 0.266
 26   -9.866254686963e-02 -9.866254692522e-02 1.61e-13 4.82e-06 7.81e-13 0.269
 27   -9.866254689222e-02 -9.866254689424e-02 2.43e-14 1.06e-03 3.34e-14 0.271
 28   -9.866254689285e-02 -9.866254689290e-02 5.22e-15 8.13e-02 2.90e-15 0.274
Numerical error in objective
Restoring previous solution


Suboptimal solution found in 29 iterations and 0.28 seconds
Objective -9.86623868e-02
Primal infeasibility (abs/rel): 1.86e-10/9.30e-11
Dual infeasibility   (abs/rel): 1.50e-09/1.37e-09
Complementarity gap  (abs/rel): 5.48e-09/4.99e-09


Barrier finished in 0.28 seconds
Dual variables for problems with quadratic constraints not returned.


======================================================================================================================
=== [17/101] defaults_and_tuned_step_ir_cudssdet/step0.99_ir0-off_det1/default/cold/t00.log
----------------------------------------------------------------------------------------------------------------------
=== 28 iterations, 1.31s, restored objective -9.85636193e-02, series cold
=== peak dual infeasibility over the last 6 iterations 1.06e-02
=== SETTINGS
===   config     defaults_and_tuned_step_ir_cudssdet/step0.99_ir0-off_det1
===   [command]  python socp_resolve_benchmark/cuopt_socp_resolve_cache.py --configs default --cold-only --K 20 --step-scale 0.99 --ir 0 --bound-free-vars 0 --cudss-deterministic 1 --save-logs socp_resolve_benchmark/logs/defaults_and_tuned_step_ir_cudssdet/step0.99_ir0-off_det1
===   [family]   cold solves only; step scale, refinement mode and cuDSS determinism are the swept axes; bound_free_vars=0, initial point Automatic (SedumiMu on cones), everything else default
===   [log]      barrier_presolve_bound_free_variables = 0 (free variables handled directly)
===   [log]      cudss_deterministic = true
===   [log]      augmented system
===   [log]      barrier_adaptive_regularization = on
===   [log]      full setup ran (reordering + symbolic factorization), so no cache reuse
======================================================================================================================
cuOpt version: 26.10.0, git hash: 648f805d, host arch: x86_64, device archs: 80-real
CPU: AMD EPYC 7642 48-Core Processor, threads: 5C/5T
CPU SIMD target: AVX2
CUDA 12.9, device: NVIDIA A100 80GB PCIe (ID 0), VRAM: 79.44 GiB
Problem has 1 quadratic constraints. Converting to second-order cones and solving with barrier.
Handling 50 free variables directly in augmented system
Presolved problem: 5103 constraints 10102 variables 265152 nonzeros
Skipping Ruiz equilibration (row norm ratio 1.4, column norm ratio 1.4 < 5e4, Q coeff ratio 1.0 < 100)
Barrier solver started at 0.030 seconds
Barrier solver: 5103 constraints, 10102 variables, 265152 nonzeros


Second-order cones          : 1
Free variables              : 50
Upper bounds                : 5000
Linear system               : augmented
cuDSS Version               : 0.7.1
cuDSS Threading layer       : libcudss_mtlayer_gomp.so.0
cuDSS solve mode            : deterministic
Reordering time             : 0.061s
Symbolic factorization time : 0.023s
Symbolic nonzeros in factor : 2.79e+05
Elapsed time for augmented  : 0.121 seconds
Elapsed time           : 0.121 seconds
Barrier setup complete at 0.121 seconds
Adaptive regularization enabled


                  Objective                         Infeasibility        Time
Iter   Primal              Dual                Primal   Dual    Compl.   Elapsed
  0   -3.703274138474e+02 -3.710708058040e+02 3.71e+03 1.91e+00 1.19e-02 0.121
  1   -4.137052079456e+00 -3.474922988751e+02 4.01e+01 2.77e-01 6.50e-02 0.165
  2   -1.039665872605e-01 -2.487351063486e+01 4.69e-01 7.85e-03 4.78e-03 0.207
  3   -5.494861954643e-02 -6.426107811254e-01 4.69e-03 7.91e-05 1.47e-04 0.249
  4   -5.854386023815e-02 -1.360801887162e-01 6.18e-04 1.04e-05 1.73e-05 0.291
  5   -6.651979631340e-02 -1.382165298915e-01 5.03e-04 8.47e-06 2.56e-05 0.334
  6   -6.787741366605e-02 -1.385553858315e-01 4.69e-04 7.93e-06 3.65e-05 0.376
  7   -8.000813417432e-02 -1.263544015200e-01 2.70e-04 4.55e-06 7.62e-05 0.419
  8   -8.013334437495e-02 -1.261894655531e-01 2.54e-04 4.30e-06 9.32e-05 0.462
  9   -8.275748743186e-02 -1.243059991044e-01 1.86e-04 3.19e-06 2.72e-04 0.504
 10   -8.324122803778e-02 -1.222973284470e-01 1.45e-04 2.50e-06 5.49e-04 0.548
 11   -9.290514034413e-02 -1.080073023497e-01 4.82e-05 8.13e-07 1.53e-04 0.590
 12   -9.345897026736e-02 -1.064560484529e-01 3.41e-05 5.87e-07 1.79e-04 0.633
 13   -9.680796035660e-02 -1.013511027311e-01 1.07e-05 1.65e-07 6.48e-05 0.676
 14   -9.715834922218e-02 -1.005134587862e-01 6.02e-06 1.02e-07 6.33e-05 0.719
 15   -9.801443215945e-02 -9.937493234412e-02 2.30e-06 2.88e-08 2.29e-05 0.761
 16   -9.823846382404e-02 -9.899450206118e-02 9.26e-07 1.79e-08 1.48e-05 0.803
 17   -9.846873420505e-02 -9.869334925978e-02 2.51e-07 1.22e-08 4.44e-06 0.846
 18   -9.853074383179e-02 -9.860434352162e-02 5.45e-08 1.36e-09 1.30e-06 0.889
 19   -9.855685016967e-02 -9.857248159448e-02 1.11e-08 8.99e-09 2.82e-07 0.931
 20   -9.856287202125e-02 -9.856470341037e-02 7.04e-10 1.65e-09 2.23e-08 0.974
 21   -9.856361929247e-02 -9.856382014105e-02 7.68e-11 4.87e-09 2.50e-09 1.016
 22   -9.856370624848e-02 -9.856371664147e-02 1.65e-11 1.19e-08 1.24e-10 1.059
 23   -9.856371080983e-02 -9.856371151076e-02 5.26e-12 1.91e-06 7.03e-12 1.101
 24   -9.856371116088e-02 -9.856371122698e-02 7.51e-13 2.57e-06 5.82e-13 1.144
 25   -9.856371119970e-02 -9.856371120297e-02 3.54e-14 4.97e-05 1.26e-14 1.186
 26   -9.856371120145e-02 -9.856371120173e-02 9.83e-15 3.21e-03 7.44e-16 1.228
 27   -9.856371120161e-02 -9.856371120171e-02 1.27e-14 1.06e-02 4.18e-18 1.271
Numerical error in objective
Restoring previous solution


Suboptimal solution found in 28 iterations and 1.31 seconds
Objective -9.85636193e-02
Primal infeasibility (abs/rel): 1.54e-10/7.68e-11
Dual infeasibility   (abs/rel): 5.36e-09/4.87e-09
Complementarity gap  (abs/rel): 2.74e-09/2.50e-09


Barrier finished in 1.32 seconds
Dual variables for problems with quadratic constraints not returned.


======================================================================================================================
=== [18/101] defaults_and_tuned_step_ir_cudssdet/step0.99_ir0-off_det1/default/cold/t01.log
----------------------------------------------------------------------------------------------------------------------
=== 28 iterations, 1.3s, restored objective -9.85078061e-02, series cold
=== peak dual infeasibility over the last 6 iterations 1.99e-02
=== SETTINGS
===   config     defaults_and_tuned_step_ir_cudssdet/step0.99_ir0-off_det1
===   [command]  python socp_resolve_benchmark/cuopt_socp_resolve_cache.py --configs default --cold-only --K 20 --step-scale 0.99 --ir 0 --bound-free-vars 0 --cudss-deterministic 1 --save-logs socp_resolve_benchmark/logs/defaults_and_tuned_step_ir_cudssdet/step0.99_ir0-off_det1
===   [family]   cold solves only; step scale, refinement mode and cuDSS determinism are the swept axes; bound_free_vars=0, initial point Automatic (SedumiMu on cones), everything else default
===   [log]      barrier_presolve_bound_free_variables = 0 (free variables handled directly)
===   [log]      cudss_deterministic = true
===   [log]      augmented system
===   [log]      barrier_adaptive_regularization = on
===   [log]      full setup ran (reordering + symbolic factorization), so no cache reuse
======================================================================================================================
cuOpt version: 26.10.0, git hash: 648f805d, host arch: x86_64, device archs: 80-real
CPU: AMD EPYC 7642 48-Core Processor, threads: 5C/5T
CPU SIMD target: AVX2
CUDA 12.9, device: NVIDIA A100 80GB PCIe (ID 0), VRAM: 79.44 GiB
Problem has 1 quadratic constraints. Converting to second-order cones and solving with barrier.
Handling 50 free variables directly in augmented system
Presolved problem: 5103 constraints 10102 variables 265152 nonzeros
Skipping Ruiz equilibration (row norm ratio 1.4, column norm ratio 1.4 < 5e4, Q coeff ratio 1.0 < 100)
Barrier solver started at 0.026 seconds
Barrier solver: 5103 constraints, 10102 variables, 265152 nonzeros


Second-order cones          : 1
Free variables              : 50
Upper bounds                : 5000
Linear system               : augmented
cuDSS Version               : 0.7.1
cuDSS Threading layer       : libcudss_mtlayer_gomp.so.0
cuDSS solve mode            : deterministic
Reordering time             : 0.055s
Symbolic factorization time : 0.023s
Symbolic nonzeros in factor : 2.79e+05
Elapsed time for augmented  : 0.111 seconds
Elapsed time           : 0.111 seconds
Barrier setup complete at 0.111 seconds
Adaptive regularization enabled


                  Objective                         Infeasibility        Time
Iter   Primal              Dual                Primal   Dual    Compl.   Elapsed
  0   -3.701605598740e+02 -3.710234169387e+02 3.71e+03 1.91e+00 1.19e-02 0.112
  1   -4.135546087820e+00 -3.474447710371e+02 4.01e+01 2.77e-01 6.50e-02 0.155
  2   -1.039314351820e-01 -2.487032509128e+01 4.69e-01 7.85e-03 4.78e-03 0.197
  3   -5.492443560791e-02 -6.426586087437e-01 4.69e-03 7.91e-05 1.48e-04 0.243
  4   -5.851219340883e-02 -1.359803429052e-01 6.17e-04 1.04e-05 1.73e-05 0.286
  5   -6.701659023827e-02 -1.381479745811e-01 4.94e-04 8.32e-06 2.86e-05 0.328
  6   -6.855039584848e-02 -1.384591756043e-01 4.55e-04 7.69e-06 3.48e-05 0.370
  7   -8.223253356887e-02 -1.232136359188e-01 2.32e-04 3.90e-06 6.24e-05 0.413
  8   -8.247961393010e-02 -1.229729366110e-01 2.12e-04 3.59e-06 7.15e-05 0.455
  9   -8.394117237074e-02 -1.220003327456e-01 1.71e-04 2.93e-06 1.85e-04 0.497
 10   -8.656824309853e-02 -1.187841137202e-01 8.89e-05 1.53e-06 1.36e-04 0.539
 11   -8.752243684414e-02 -1.157195649360e-01 5.91e-05 1.05e-06 3.80e-04 0.582
 12   -9.537767126328e-02 -1.035725420920e-01 1.38e-05 2.03e-07 9.04e-05 0.624
 13   -9.692704820811e-02 -1.009872623398e-01 5.49e-06 8.09e-08 3.36e-05 0.667
 14   -9.752963498866e-02 -9.982928689353e-02 2.09e-06 4.51e-08 3.58e-05 0.709
 15   -9.826349491349e-02 -9.884572679618e-02 4.45e-07 1.81e-08 7.54e-06 0.752
 16   -9.843075754532e-02 -9.861043620938e-02 1.19e-07 1.40e-09 3.55e-06 0.794
 17   -9.850552995847e-02 -9.851129278400e-02 3.66e-09 4.70e-09 6.01e-08 0.837
 18   -9.850780608451e-02 -9.850830548927e-02 3.13e-10 2.99e-09 3.01e-09 0.879
 19   -9.850798130330e-02 -9.850806927587e-02 7.53e-11 2.76e-08 3.59e-10 0.921
 20   -9.850801442288e-02 -9.850802497579e-02 6.31e-12 4.97e-08 3.16e-11 0.964
 21   -9.850801828762e-02 -9.850802001034e-02 1.16e-12 2.26e-06 3.59e-12 1.006
 22   -9.850801893304e-02 -9.850801921034e-02 3.00e-13 2.12e-06 6.45e-13 1.049
 23   -9.850801902334e-02 -9.850801910153e-02 2.58e-13 3.77e-05 1.67e-13 1.091
 24   -9.850801904946e-02 -9.850801906553e-02 4.82e-14 2.50e-04 2.56e-14 1.134
 25   -9.850801905432e-02 -9.850801905988e-02 4.54e-14 1.99e-02 8.33e-15 1.177
 26   -9.850801905595e-02 -9.850801905684e-02 5.33e-15 2.94e-03 2.81e-15 1.219
 27   -9.850801905623e-02 -9.850801905654e-02 2.66e-15 1.45e-03 6.35e-16 1.262
Numerical error in objective
Restoring previous solution


Suboptimal solution found in 28 iterations and 1.30 seconds
Objective -9.85078061e-02
Primal infeasibility (abs/rel): 6.26e-10/3.13e-10
Dual infeasibility   (abs/rel): 3.30e-09/2.99e-09
Complementarity gap  (abs/rel): 3.30e-09/3.01e-09


Barrier finished in 1.31 seconds
Dual variables for problems with quadratic constraints not returned.


======================================================================================================================
=== [19/101] defaults_and_tuned_step_ir_cudssdet/step0.99_ir0-off_det1/default/cold/t02.log
----------------------------------------------------------------------------------------------------------------------
=== 23 iterations, 1.1s, restored objective -9.86682014e-02, series cold
=== peak dual infeasibility over the last 6 iterations 6.31e-05
=== SETTINGS
===   config     defaults_and_tuned_step_ir_cudssdet/step0.99_ir0-off_det1
===   [command]  python socp_resolve_benchmark/cuopt_socp_resolve_cache.py --configs default --cold-only --K 20 --step-scale 0.99 --ir 0 --bound-free-vars 0 --cudss-deterministic 1 --save-logs socp_resolve_benchmark/logs/defaults_and_tuned_step_ir_cudssdet/step0.99_ir0-off_det1
===   [family]   cold solves only; step scale, refinement mode and cuDSS determinism are the swept axes; bound_free_vars=0, initial point Automatic (SedumiMu on cones), everything else default
===   [log]      barrier_presolve_bound_free_variables = 0 (free variables handled directly)
===   [log]      cudss_deterministic = true
===   [log]      augmented system
===   [log]      barrier_adaptive_regularization = on
===   [log]      full setup ran (reordering + symbolic factorization), so no cache reuse
======================================================================================================================
cuOpt version: 26.10.0, git hash: 648f805d, host arch: x86_64, device archs: 80-real
CPU: AMD EPYC 7642 48-Core Processor, threads: 5C/5T
CPU SIMD target: AVX2
CUDA 12.9, device: NVIDIA A100 80GB PCIe (ID 0), VRAM: 79.44 GiB
Problem has 1 quadratic constraints. Converting to second-order cones and solving with barrier.
Handling 50 free variables directly in augmented system
Presolved problem: 5103 constraints 10102 variables 265152 nonzeros
Skipping Ruiz equilibration (row norm ratio 1.4, column norm ratio 1.4 < 5e4, Q coeff ratio 1.0 < 100)
Barrier solver started at 0.030 seconds
Barrier solver: 5103 constraints, 10102 variables, 265152 nonzeros


Second-order cones          : 1
Free variables              : 50
Upper bounds                : 5000
Linear system               : augmented
cuDSS Version               : 0.7.1
cuDSS Threading layer       : libcudss_mtlayer_gomp.so.0
cuDSS solve mode            : deterministic
Reordering time             : 0.054s
Symbolic factorization time : 0.023s
Symbolic nonzeros in factor : 2.79e+05
Elapsed time for augmented  : 0.114 seconds
Elapsed time           : 0.114 seconds
Barrier setup complete at 0.114 seconds
Adaptive regularization enabled


                  Objective                         Infeasibility        Time
Iter   Primal              Dual                Primal   Dual    Compl.   Elapsed
  0   -3.702509737108e+02 -3.710937010099e+02 3.71e+03 1.91e+00 1.19e-02 0.115
  1   -4.136273724464e+00 -3.475151614491e+02 4.01e+01 2.77e-01 6.50e-02 0.158
  2   -1.039317309625e-01 -2.487809570135e+01 4.69e-01 7.85e-03 4.78e-03 0.200
  3   -5.492858366670e-02 -6.426989292240e-01 4.69e-03 7.91e-05 1.48e-04 0.243
  4   -5.851315200442e-02 -1.366087241561e-01 6.22e-04 1.05e-05 1.74e-05 0.285
  5   -6.838203097274e-02 -1.390882559708e-01 4.75e-04 8.01e-06 3.90e-05 0.328
  6   -6.889364018005e-02 -1.392058265492e-01 4.61e-04 7.79e-06 4.13e-05 0.370
  7   -7.975773937250e-02 -1.309109960244e-01 2.43e-04 4.26e-06 1.01e-04 0.413
  8   -7.980215940750e-02 -1.306481283003e-01 2.26e-04 3.97e-06 2.65e-04 0.456
  9   -8.971761477674e-02 -1.146080194459e-01 6.32e-05 1.14e-06 2.28e-04 0.499
 10   -9.597457384867e-02 -1.029565465386e-01 1.59e-05 2.86e-07 4.93e-05 0.541
 11   -9.743911008241e-02 -1.006256113426e-01 6.14e-06 1.11e-07 1.11e-05 0.584
 12   -9.773461102032e-02 -9.993999297053e-02 2.94e-06 7.39e-08 2.50e-05 0.627
 13   -9.823250715294e-02 -9.925625818231e-02 9.33e-07 9.53e-09 9.49e-06 0.670
 14   -9.847080118910e-02 -9.892485247951e-02 3.51e-07 1.06e-08 8.04e-06 0.712
 15   -9.865614986516e-02 -9.868363584939e-02 2.06e-08 3.17e-09 3.88e-07 0.754
 16   -9.866786269719e-02 -9.866876063624e-02 6.72e-10 6.35e-09 5.80e-09 0.797
 17   -9.866820139114e-02 -9.866831863257e-02 8.57e-11 3.79e-09 6.40e-10 0.840
 18   -9.866824338109e-02 -9.866826249219e-02 1.15e-11 1.35e-07 6.13e-11 0.882
 19   -9.866825143138e-02 -9.866825234015e-02 5.23e-13 8.46e-07 6.80e-12 0.924
 20   -9.866825181515e-02 -9.866825185125e-02 6.98e-14 5.92e-06 2.66e-13 0.967
 21   -9.866825183027e-02 -9.866825183289e-02 5.10e-14 6.15e-05 1.05e-14 1.009
 22   -9.866825183200e-02 -9.866825183216e-02 5.83e-15 6.31e-05 4.25e-16 1.052
Numerical error in objective
Restoring previous solution


Suboptimal solution found in 23 iterations and 1.10 seconds
Objective -9.86682014e-02
Primal infeasibility (abs/rel): 1.71e-10/8.57e-11
Dual infeasibility   (abs/rel): 4.18e-09/3.79e-09
Complementarity gap  (abs/rel): 7.03e-10/6.40e-10


Barrier finished in 1.10 seconds
Dual variables for problems with quadratic constraints not returned.


======================================================================================================================
=== [20/101] defaults_and_tuned_step_ir_cudssdet/step0.99_ir0-off_det1/default/cold/t03.log
----------------------------------------------------------------------------------------------------------------------
=== 27 iterations, 1.27s, restored objective -9.88236329e-02, series cold
=== peak dual infeasibility over the last 6 iterations 1.08e-02
=== SETTINGS
===   config     defaults_and_tuned_step_ir_cudssdet/step0.99_ir0-off_det1
===   [command]  python socp_resolve_benchmark/cuopt_socp_resolve_cache.py --configs default --cold-only --K 20 --step-scale 0.99 --ir 0 --bound-free-vars 0 --cudss-deterministic 1 --save-logs socp_resolve_benchmark/logs/defaults_and_tuned_step_ir_cudssdet/step0.99_ir0-off_det1
===   [family]   cold solves only; step scale, refinement mode and cuDSS determinism are the swept axes; bound_free_vars=0, initial point Automatic (SedumiMu on cones), everything else default
===   [log]      barrier_presolve_bound_free_variables = 0 (free variables handled directly)
===   [log]      cudss_deterministic = true
===   [log]      augmented system
===   [log]      barrier_adaptive_regularization = on
===   [log]      full setup ran (reordering + symbolic factorization), so no cache reuse
======================================================================================================================
cuOpt version: 26.10.0, git hash: 648f805d, host arch: x86_64, device archs: 80-real
CPU: AMD EPYC 7642 48-Core Processor, threads: 5C/5T
CPU SIMD target: AVX2
CUDA 12.9, device: NVIDIA A100 80GB PCIe (ID 0), VRAM: 79.44 GiB
Problem has 1 quadratic constraints. Converting to second-order cones and solving with barrier.
Handling 50 free variables directly in augmented system
Presolved problem: 5103 constraints 10102 variables 265152 nonzeros
Skipping Ruiz equilibration (row norm ratio 1.4, column norm ratio 1.4 < 5e4, Q coeff ratio 1.0 < 100)
Barrier solver started at 0.031 seconds
Barrier solver: 5103 constraints, 10102 variables, 265152 nonzeros


Second-order cones          : 1
Free variables              : 50
Upper bounds                : 5000
Linear system               : augmented
cuDSS Version               : 0.7.1
cuDSS Threading layer       : libcudss_mtlayer_gomp.so.0
cuDSS solve mode            : deterministic
Reordering time             : 0.057s
Symbolic factorization time : 0.024s
Symbolic nonzeros in factor : 2.79e+05
Elapsed time for augmented  : 0.119 seconds
Elapsed time           : 0.119 seconds
Barrier setup complete at 0.119 seconds
Adaptive regularization enabled


                  Objective                         Infeasibility        Time
Iter   Primal              Dual                Primal   Dual    Compl.   Elapsed
  0   -3.704296579021e+02 -3.711143874095e+02 3.71e+03 1.91e+00 1.19e-02 0.119
  1   -4.138892597623e+00 -3.475359915807e+02 4.01e+01 2.77e-01 6.50e-02 0.162
  2   -1.039998753401e-01 -2.488607306343e+01 4.69e-01 7.85e-03 4.78e-03 0.206
  3   -5.495597873882e-02 -6.429557067266e-01 4.69e-03 7.91e-05 1.48e-04 0.249
  4   -5.854647573838e-02 -1.362808534782e-01 6.19e-04 1.04e-05 1.74e-05 0.291
  5   -6.679122314319e-02 -1.385928683009e-01 5.02e-04 8.46e-06 2.70e-05 0.333
  6   -6.794017994441e-02 -1.389116850081e-01 4.73e-04 7.99e-06 3.50e-05 0.376
  7   -8.102188293217e-02 -1.263516854792e-01 2.52e-04 4.26e-06 8.00e-05 0.419
  8   -8.117540338159e-02 -1.261418810750e-01 2.34e-04 3.97e-06 1.12e-04 0.461
  9   -8.463901131119e-02 -1.227993653575e-01 1.51e-04 2.59e-06 2.91e-04 0.503
 10   -8.541147598995e-02 -1.201689708810e-01 1.11e-04 1.93e-06 4.87e-04 0.546
 11   -9.365528335526e-02 -1.075907336846e-01 3.94e-05 6.62e-07 1.40e-04 0.589
 12   -9.411672312971e-02 -1.061255575452e-01 2.78e-05 4.80e-07 1.95e-04 0.631
 13   -9.711523176066e-02 -1.015162320889e-01 9.15e-06 1.39e-07 7.17e-05 0.674
 14   -9.773258794051e-02 -1.003075131079e-01 3.86e-06 6.56e-08 4.82e-05 0.717
 15   -9.846080030148e-02 -9.934074924030e-02 1.18e-06 1.49e-08 1.40e-05 0.759
 16   -9.865821574159e-02 -9.903490497408e-02 3.55e-07 7.52e-09 7.37e-06 0.801
 17   -9.878552944701e-02 -9.887465622981e-02 8.09e-08 1.40e-08 1.76e-06 0.844
 18   -9.881255821701e-02 -9.883682869195e-02 1.23e-08 1.97e-10 3.34e-07 0.887
 19   -9.882185213575e-02 -9.882585717405e-02 2.00e-09 9.10e-09 5.60e-08 0.929
 20   -9.882348315829e-02 -9.882383833904e-02 1.45e-10 3.95e-09 2.89e-09 0.972
 21   -9.882363289477e-02 -9.882366358806e-02 7.35e-12 2.25e-09 2.55e-10 1.014
 22   -9.882364634135e-02 -9.882364794894e-02 4.38e-12 3.32e-07 1.24e-11 1.057
 23   -9.882364709727e-02 -9.882364716456e-02 1.38e-12 5.19e-06 2.53e-13 1.100
 24   -9.882364713933e-02 -9.882364715067e-02 2.52e-13 2.08e-06 3.82e-14 1.142
 25   -9.882364714804e-02 -9.882364714824e-02 5.19e-15 1.26e-03 1.60e-15 1.185
 26   -9.882364714811e-02 -9.882364714822e-02 3.66e-15 1.08e-02 4.31e-18 1.227
Numerical error in objective
Restoring previous solution


Suboptimal solution found in 27 iterations and 1.27 seconds
Objective -9.88236329e-02
Primal infeasibility (abs/rel): 1.47e-11/7.35e-12
Dual infeasibility   (abs/rel): 2.48e-09/2.25e-09
Complementarity gap  (abs/rel): 2.80e-10/2.55e-10


Barrier finished in 1.27 seconds
Dual variables for problems with quadratic constraints not returned.


======================================================================================================================
=== [21/101] defaults_and_tuned_step_ir_cudssdet/step0.99_ir0-off_det1/default/cold/t04.log
----------------------------------------------------------------------------------------------------------------------
=== 29 iterations, 1.38s, restored objective -9.84928106e-02, series cold
=== peak dual infeasibility over the last 6 iterations 5.49e-03
=== SETTINGS
===   config     defaults_and_tuned_step_ir_cudssdet/step0.99_ir0-off_det1
===   [command]  python socp_resolve_benchmark/cuopt_socp_resolve_cache.py --configs default --cold-only --K 20 --step-scale 0.99 --ir 0 --bound-free-vars 0 --cudss-deterministic 1 --save-logs socp_resolve_benchmark/logs/defaults_and_tuned_step_ir_cudssdet/step0.99_ir0-off_det1
===   [family]   cold solves only; step scale, refinement mode and cuDSS determinism are the swept axes; bound_free_vars=0, initial point Automatic (SedumiMu on cones), everything else default
===   [log]      barrier_presolve_bound_free_variables = 0 (free variables handled directly)
===   [log]      cudss_deterministic = true
===   [log]      augmented system
===   [log]      barrier_adaptive_regularization = on
===   [log]      full setup ran (reordering + symbolic factorization), so no cache reuse
======================================================================================================================
cuOpt version: 26.10.0, git hash: 648f805d, host arch: x86_64, device archs: 80-real
CPU: AMD EPYC 7642 48-Core Processor, threads: 5C/5T
CPU SIMD target: AVX2
CUDA 12.9, device: NVIDIA A100 80GB PCIe (ID 0), VRAM: 79.44 GiB
Problem has 1 quadratic constraints. Converting to second-order cones and solving with barrier.
Handling 50 free variables directly in augmented system
Presolved problem: 5103 constraints 10102 variables 265152 nonzeros
Skipping Ruiz equilibration (row norm ratio 1.4, column norm ratio 1.4 < 5e4, Q coeff ratio 1.0 < 100)
Barrier solver started at 0.028 seconds
Barrier solver: 5103 constraints, 10102 variables, 265152 nonzeros


Second-order cones          : 1
Free variables              : 50
Upper bounds                : 5000
Linear system               : augmented
cuDSS Version               : 0.7.1
cuDSS Threading layer       : libcudss_mtlayer_gomp.so.0
cuDSS solve mode            : deterministic
Reordering time             : 0.082s
Symbolic factorization time : 0.024s
Symbolic nonzeros in factor : 2.79e+05
Elapsed time for augmented  : 0.141 seconds
Elapsed time           : 0.141 seconds
Barrier setup complete at 0.141 seconds
Adaptive regularization enabled


                  Objective                         Infeasibility        Time
Iter   Primal              Dual                Primal   Dual    Compl.   Elapsed
  0   -3.702624119443e+02 -3.710387458059e+02 3.71e+03 1.91e+00 1.19e-02 0.141
  1   -4.136636658067e+00 -3.474601645315e+02 4.01e+01 2.77e-01 6.50e-02 0.185
  2   -1.039518363188e-01 -2.487140770357e+01 4.69e-01 7.85e-03 4.78e-03 0.228
  3   -5.493965879397e-02 -6.425638096902e-01 4.69e-03 7.91e-05 1.48e-04 0.270
  4   -5.853205549831e-02 -1.359055652207e-01 6.17e-04 1.04e-05 1.72e-05 0.313
  5   -6.752248327949e-02 -1.382889290987e-01 4.87e-04 8.20e-06 3.00e-05 0.355
  6   -6.909313976111e-02 -1.385283024006e-01 4.47e-04 7.55e-06 4.23e-05 0.398
  7   -8.140910503662e-02 -1.243463920252e-01 2.48e-04 4.16e-06 7.51e-05 0.440
  8   -8.155816372380e-02 -1.241862976806e-01 2.32e-04 3.92e-06 7.37e-05 0.482
  9   -8.323130023641e-02 -1.230409859414e-01 1.85e-04 3.17e-06 2.17e-04 0.525
 10   -8.338515790252e-02 -1.218659283215e-01 1.59e-04 2.73e-06 3.59e-04 0.567
 11   -9.171586627537e-02 -1.095592923253e-01 6.76e-05 1.15e-06 1.14e-04 0.610
 12   -9.235090828633e-02 -1.081506598695e-01 5.22e-05 8.97e-07 1.34e-04 0.652
 13   -9.592640591123e-02 -1.025471468671e-01 1.90e-05 3.11e-07 6.40e-05 0.695
 14   -9.614657942529e-02 -1.018800757815e-01 1.36e-05 2.34e-07 7.68e-05 0.737
 15   -9.734042474465e-02 -1.002233268091e-01 6.12e-06 9.87e-08 3.38e-05 0.780
 16   -9.760703971224e-02 -9.972870488782e-02 3.62e-06 6.74e-08 3.20e-05 0.823
 17   -9.812314354782e-02 -9.901137205231e-02 1.30e-06 1.53e-08 1.27e-05 0.865
 18   -9.827024957882e-02 -9.878292801067e-02 5.73e-07 1.36e-08 8.07e-06 0.907
 19   -9.842442914079e-02 -9.858261544300e-02 1.52e-07 7.34e-09 2.44e-06 0.950
 20   -9.847431702459e-02 -9.851574293329e-02 2.85e-08 8.94e-10 6.52e-07 0.992
 21   -9.848874263313e-02 -9.849813632329e-02 6.12e-09 7.67e-09 1.48e-07 1.035
 22   -9.849234178322e-02 -9.849355094277e-02 5.31e-10 5.24e-10 1.45e-08 1.078
 23   -9.849281062234e-02 -9.849299990374e-02 8.32e-11 6.60e-09 2.36e-09 1.121
 24   -9.849289201639e-02 -9.849290368478e-02 5.12e-12 6.30e-08 1.45e-10 1.163
 25   -9.849289722034e-02 -9.849289747528e-02 3.28e-13 2.86e-07 3.19e-12 1.205
 26   -9.849289732688e-02 -9.849289734134e-02 6.20e-14 1.42e-06 1.92e-13 1.248
 27   -9.849289733276e-02 -9.849289733289e-02 6.61e-15 6.97e-05 5.66e-15 1.290
 28   -9.849289733285e-02 -9.849289733274e-02 5.52e-15 5.49e-03 6.21e-16 1.333
Numerical error in objective
Restoring previous solution


Suboptimal solution found in 29 iterations and 1.38 seconds
Objective -9.84928106e-02
Primal infeasibility (abs/rel): 1.66e-10/8.32e-11
Dual infeasibility   (abs/rel): 7.27e-09/6.60e-09
Complementarity gap  (abs/rel): 2.59e-09/2.36e-09


Barrier finished in 1.38 seconds
Dual variables for problems with quadratic constraints not returned.


======================================================================================================================
=== [22/101] defaults_and_tuned_step_ir_cudssdet/step0.99_ir0-off_det1/default/cold/t05.log
----------------------------------------------------------------------------------------------------------------------
=== 30 iterations, 1.53s, restored objective -9.87544371e-02, series cold
=== peak dual infeasibility over the last 6 iterations 4.42e-04
=== SETTINGS
===   config     defaults_and_tuned_step_ir_cudssdet/step0.99_ir0-off_det1
===   [command]  python socp_resolve_benchmark/cuopt_socp_resolve_cache.py --configs default --cold-only --K 20 --step-scale 0.99 --ir 0 --bound-free-vars 0 --cudss-deterministic 1 --save-logs socp_resolve_benchmark/logs/defaults_and_tuned_step_ir_cudssdet/step0.99_ir0-off_det1
===   [family]   cold solves only; step scale, refinement mode and cuDSS determinism are the swept axes; bound_free_vars=0, initial point Automatic (SedumiMu on cones), everything else default
===   [log]      barrier_presolve_bound_free_variables = 0 (free variables handled directly)
===   [log]      cudss_deterministic = true
===   [log]      augmented system
===   [log]      barrier_adaptive_regularization = on
===   [log]      full setup ran (reordering + symbolic factorization), so no cache reuse
======================================================================================================================
cuOpt version: 26.10.0, git hash: 648f805d, host arch: x86_64, device archs: 80-real
CPU: AMD EPYC 7642 48-Core Processor, threads: 5C/5T
CPU SIMD target: AVX2
CUDA 12.9, device: NVIDIA A100 80GB PCIe (ID 0), VRAM: 79.44 GiB
Problem has 1 quadratic constraints. Converting to second-order cones and solving with barrier.
Handling 50 free variables directly in augmented system
Presolved problem: 5103 constraints 10102 variables 265152 nonzeros
Skipping Ruiz equilibration (row norm ratio 1.4, column norm ratio 1.4 < 5e4, Q coeff ratio 1.0 < 100)
Barrier solver started at 0.033 seconds
Barrier solver: 5103 constraints, 10102 variables, 265152 nonzeros


Second-order cones          : 1
Free variables              : 50
Upper bounds                : 5000
Linear system               : augmented
cuDSS Version               : 0.7.1
cuDSS Threading layer       : libcudss_mtlayer_gomp.so.0
cuDSS solve mode            : deterministic
Reordering time             : 0.172s
Symbolic factorization time : 0.041s
Symbolic nonzeros in factor : 2.79e+05
Elapsed time for augmented  : 0.252 seconds
Elapsed time           : 0.252 seconds
Barrier setup complete at 0.252 seconds
Adaptive regularization enabled


                  Objective                         Infeasibility        Time
Iter   Primal              Dual                Primal   Dual    Compl.   Elapsed
  0   -3.704291987375e+02 -3.711395609108e+02 3.71e+03 1.91e+00 1.19e-02 0.253
  1   -4.138240294289e+00 -3.475611537576e+02 4.01e+01 2.77e-01 6.50e-02 0.296
  2   -1.039773673797e-01 -2.488455940099e+01 4.69e-01 7.85e-03 4.78e-03 0.339
  3   -5.495207888391e-02 -6.428340669757e-01 4.69e-03 7.91e-05 1.47e-04 0.382
  4   -5.854039344777e-02 -1.366926284185e-01 6.23e-04 1.05e-05 1.75e-05 0.425
  5   -6.604974594045e-02 -1.385362700403e-01 5.11e-04 8.60e-06 2.69e-05 0.467
  6   -6.790335377939e-02 -1.389601535605e-01 4.66e-04 7.88e-06 2.96e-05 0.510
  7   -8.303219560883e-02 -1.229859795041e-01 2.19e-04 3.68e-06 5.72e-05 0.552
  8   -8.344789293650e-02 -1.225109294579e-01 1.93e-04 3.26e-06 6.87e-05 0.595
  9   -8.415585603783e-02 -1.222342528168e-01 1.72e-04 2.92e-06 1.24e-04 0.637
 10   -8.638214108285e-02 -1.192143115305e-01 1.32e-04 2.25e-06 9.51e-05 0.680
 11   -8.613028346304e-02 -1.187881257080e-01 1.26e-04 2.17e-06 1.56e-04 0.723
 12   -9.211839663872e-02 -1.096247824968e-01 6.17e-05 1.05e-06 6.89e-05 0.766
 13   -9.284618412029e-02 -1.081501623391e-01 4.70e-05 8.12e-07 9.81e-05 0.808
 14   -9.588076636415e-02 -1.034063766199e-01 2.05e-05 3.41e-07 5.26e-05 0.851
 15   -9.595695966328e-02 -1.029398900581e-01 1.65e-05 2.87e-07 7.06e-05 0.893
 16   -9.732849230808e-02 -1.009836316410e-01 7.97e-06 1.32e-07 3.47e-05 0.936
 17   -9.755025008350e-02 -1.005059481137e-01 5.33e-06 9.95e-08 4.06e-05 0.978
 18   -9.817926529857e-02 -9.960259654792e-02 2.25e-06 3.36e-08 1.83e-05 1.020
 19   -9.831982524891e-02 -9.934569560115e-02 1.26e-06 2.71e-08 1.49e-05 1.062
 20   -9.860387285575e-02 -9.895714968903e-02 3.50e-07 6.77e-09 5.15e-06 1.105
 21   -9.870464452202e-02 -9.881647268886e-02 8.01e-08 3.72e-09 1.85e-06 1.147
 22   -9.874401664841e-02 -9.876792992354e-02 1.65e-08 9.97e-09 4.03e-07 1.189
 23   -9.875302969043e-02 -9.875609885108e-02 1.14e-09 6.37e-10 3.76e-08 1.232
 24   -9.875430115932e-02 -9.875462823537e-02 1.21e-10 9.43e-09 4.05e-09 1.274
 25   -9.875443707162e-02 -9.875446444055e-02 3.62e-11 2.03e-09 2.65e-10 1.317
 26   -9.875444840595e-02 -9.875445004233e-02 2.29e-12 9.61e-08 1.35e-11 1.360
 27   -9.875444902866e-02 -9.875444925797e-02 2.34e-13 5.64e-07 1.87e-12 1.402
 28   -9.875444912506e-02 -9.875444913786e-02 3.44e-14 2.21e-05 7.63e-14 1.444
 29   -9.875444913021e-02 -9.875444913190e-02 3.19e-14 4.42e-04 5.64e-15 1.487
Numerical error in objective
Restoring previous solution


Suboptimal solution found in 30 iterations and 1.53 seconds
Objective -9.87544371e-02
Primal infeasibility (abs/rel): 7.25e-11/3.62e-11
Dual infeasibility   (abs/rel): 2.24e-09/2.03e-09
Complementarity gap  (abs/rel): 2.91e-10/2.65e-10


Barrier finished in 1.53 seconds
Dual variables for problems with quadratic constraints not returned.


======================================================================================================================
=== [23/101] defaults_and_tuned_step_ir_cudssdet/step0.99_ir0-off_det1/default/cold/t06.log
----------------------------------------------------------------------------------------------------------------------
=== 24 iterations, 1.17s, restored objective -9.84740513e-02, series cold
=== peak dual infeasibility over the last 6 iterations 9.98e-05
=== SETTINGS
===   config     defaults_and_tuned_step_ir_cudssdet/step0.99_ir0-off_det1
===   [command]  python socp_resolve_benchmark/cuopt_socp_resolve_cache.py --configs default --cold-only --K 20 --step-scale 0.99 --ir 0 --bound-free-vars 0 --cudss-deterministic 1 --save-logs socp_resolve_benchmark/logs/defaults_and_tuned_step_ir_cudssdet/step0.99_ir0-off_det1
===   [family]   cold solves only; step scale, refinement mode and cuDSS determinism are the swept axes; bound_free_vars=0, initial point Automatic (SedumiMu on cones), everything else default
===   [log]      barrier_presolve_bound_free_variables = 0 (free variables handled directly)
===   [log]      cudss_deterministic = true
===   [log]      augmented system
===   [log]      barrier_adaptive_regularization = on
===   [log]      full setup ran (reordering + symbolic factorization), so no cache reuse
======================================================================================================================
cuOpt version: 26.10.0, git hash: 648f805d, host arch: x86_64, device archs: 80-real
CPU: AMD EPYC 7642 48-Core Processor, threads: 5C/5T
CPU SIMD target: AVX2
CUDA 12.9, device: NVIDIA A100 80GB PCIe (ID 0), VRAM: 79.44 GiB
Problem has 1 quadratic constraints. Converting to second-order cones and solving with barrier.
Handling 50 free variables directly in augmented system
Presolved problem: 5103 constraints 10102 variables 265152 nonzeros
Skipping Ruiz equilibration (row norm ratio 1.4, column norm ratio 1.4 < 5e4, Q coeff ratio 1.0 < 100)
Barrier solver started at 0.028 seconds
Barrier solver: 5103 constraints, 10102 variables, 265152 nonzeros


Second-order cones          : 1
Free variables              : 50
Upper bounds                : 5000
Linear system               : augmented
cuDSS Version               : 0.7.1
cuDSS Threading layer       : libcudss_mtlayer_gomp.so.0
cuDSS solve mode            : deterministic
Reordering time             : 0.092s
Symbolic factorization time : 0.023s
Symbolic nonzeros in factor : 2.79e+05
Elapsed time for augmented  : 0.150 seconds
Elapsed time           : 0.150 seconds
Barrier setup complete at 0.150 seconds
Adaptive regularization enabled


                  Objective                         Infeasibility        Time
Iter   Primal              Dual                Primal   Dual    Compl.   Elapsed
  0   -3.704490508896e+02 -3.710981922775e+02 3.71e+03 1.91e+00 1.19e-02 0.151
  1   -4.138704055321e+00 -3.475197441660e+02 4.01e+01 2.77e-01 6.50e-02 0.194
  2   -1.040077714484e-01 -2.488126492703e+01 4.69e-01 7.85e-03 4.78e-03 0.237
  3   -5.496009158328e-02 -6.429578599518e-01 4.69e-03 7.91e-05 1.48e-04 0.280
  4   -5.855201107929e-02 -1.359301142843e-01 6.17e-04 1.04e-05 1.72e-05 0.322
  5   -6.551662778185e-02 -1.377706586984e-01 5.18e-04 8.72e-06 2.04e-05 0.364
  6   -6.699939255283e-02 -1.382652961377e-01 4.83e-04 8.15e-06 2.72e-05 0.406
  7   -8.162857383728e-02 -1.249446535400e-01 2.43e-04 4.09e-06 7.09e-05 0.448
  8   -8.180503083584e-02 -1.245928315114e-01 2.22e-04 3.75e-06 1.18e-04 0.491
  9   -8.340900163578e-02 -1.237511202887e-01 1.77e-04 3.03e-06 2.86e-04 0.534
 10   -8.548190683529e-02 -1.209174208472e-01 1.01e-04 1.72e-06 2.63e-04 0.576
 11   -8.804176045931e-02 -1.151501326976e-01 5.31e-05 9.37e-07 4.50e-04 0.619
 12   -9.516025481749e-02 -1.038332850583e-01 1.31e-05 1.97e-07 1.16e-04 0.662
 13   -9.698996898751e-02 -1.008623675165e-01 4.64e-06 6.71e-08 3.36e-05 0.704
 14   -9.759719921791e-02 -9.966210110223e-02 1.54e-06 3.48e-08 3.73e-05 0.747
 15   -9.828552917803e-02 -9.874037240391e-02 3.13e-07 1.80e-08 7.81e-06 0.790
 16   -9.842291785642e-02 -9.854048567912e-02 6.43e-08 6.18e-10 2.37e-06 0.832
 17   -9.846590743826e-02 -9.848553090256e-02 1.06e-08 1.38e-08 3.94e-07 0.875
 18   -9.847269097449e-02 -9.847595269577e-02 8.69e-10 3.95e-10 3.61e-08 0.917
 19   -9.847405130417e-02 -9.847432807907e-02 7.34e-11 5.49e-09 3.10e-09 0.960
 20   -9.847416827916e-02 -9.847418320008e-02 2.95e-11 1.03e-08 8.65e-11 1.002
 21   -9.847417543235e-02 -9.847417582687e-02 2.48e-13 9.08e-07 2.32e-12 1.045
 22   -9.847417560934e-02 -9.847417563224e-02 6.51e-14 2.59e-06 1.48e-13 1.087
 23   -9.847417562016e-02 -9.847417561935e-02 5.73e-14 9.98e-05 2.64e-15 1.130
Numerical error in objective
Restoring previous solution


Suboptimal solution found in 24 iterations and 1.17 seconds
Objective -9.84740513e-02
Primal infeasibility (abs/rel): 1.47e-10/7.34e-11
Dual infeasibility   (abs/rel): 6.05e-09/5.49e-09
Complementarity gap  (abs/rel): 3.40e-09/3.10e-09


Barrier finished in 1.17 seconds
Dual variables for problems with quadratic constraints not returned.


======================================================================================================================
=== [24/101] defaults_and_tuned_step_ir_cudssdet/step0.99_ir0-off_det1/default/cold/t07.log
----------------------------------------------------------------------------------------------------------------------
=== 26 iterations, 1.22s, restored objective -9.85532426e-02, series cold
=== peak dual infeasibility over the last 6 iterations 1.98e-03
=== SETTINGS
===   config     defaults_and_tuned_step_ir_cudssdet/step0.99_ir0-off_det1
===   [command]  python socp_resolve_benchmark/cuopt_socp_resolve_cache.py --configs default --cold-only --K 20 --step-scale 0.99 --ir 0 --bound-free-vars 0 --cudss-deterministic 1 --save-logs socp_resolve_benchmark/logs/defaults_and_tuned_step_ir_cudssdet/step0.99_ir0-off_det1
===   [family]   cold solves only; step scale, refinement mode and cuDSS determinism are the swept axes; bound_free_vars=0, initial point Automatic (SedumiMu on cones), everything else default
===   [log]      barrier_presolve_bound_free_variables = 0 (free variables handled directly)
===   [log]      cudss_deterministic = true
===   [log]      augmented system
===   [log]      barrier_adaptive_regularization = on
===   [log]      full setup ran (reordering + symbolic factorization), so no cache reuse
======================================================================================================================
cuOpt version: 26.10.0, git hash: 648f805d, host arch: x86_64, device archs: 80-real
CPU: AMD EPYC 7642 48-Core Processor, threads: 5C/5T
CPU SIMD target: AVX2
CUDA 12.9, device: NVIDIA A100 80GB PCIe (ID 0), VRAM: 79.44 GiB
Problem has 1 quadratic constraints. Converting to second-order cones and solving with barrier.
Handling 50 free variables directly in augmented system
Presolved problem: 5103 constraints 10102 variables 265152 nonzeros
Skipping Ruiz equilibration (row norm ratio 1.4, column norm ratio 1.4 < 5e4, Q coeff ratio 1.0 < 100)
Barrier solver started at 0.026 seconds
Barrier solver: 5103 constraints, 10102 variables, 265152 nonzeros


Second-order cones          : 1
Free variables              : 50
Upper bounds                : 5000
Linear system               : augmented
cuDSS Version               : 0.7.1
cuDSS Threading layer       : libcudss_mtlayer_gomp.so.0
cuDSS solve mode            : deterministic
Reordering time             : 0.053s
Symbolic factorization time : 0.023s
Symbolic nonzeros in factor : 2.79e+05
Elapsed time for augmented  : 0.109 seconds
Elapsed time           : 0.109 seconds
Barrier setup complete at 0.109 seconds
Adaptive regularization enabled


                  Objective                         Infeasibility        Time
Iter   Primal              Dual                Primal   Dual    Compl.   Elapsed
  0   -3.704340093575e+02 -3.710959393425e+02 3.71e+03 1.91e+00 1.19e-02 0.109
  1   -4.137998516427e+00 -3.475174945458e+02 4.01e+01 2.77e-01 6.50e-02 0.152
  2   -1.040026843186e-01 -2.487628225877e+01 4.69e-01 7.85e-03 4.78e-03 0.195
  3   -5.496235279205e-02 -6.427806820926e-01 4.69e-03 7.91e-05 1.48e-04 0.237
  4   -5.856089506392e-02 -1.359195023963e-01 6.17e-04 1.04e-05 1.72e-05 0.280
  5   -6.659155395728e-02 -1.380597656576e-01 5.02e-04 8.45e-06 2.55e-05 0.322
  6   -6.814661649726e-02 -1.384347230000e-01 4.64e-04 7.83e-06 3.21e-05 0.365
  7   -8.145160650066e-02 -1.248841861689e-01 2.46e-04 4.13e-06 6.80e-05 0.407
  8   -8.163154029431e-02 -1.246570202594e-01 2.28e-04 3.86e-06 7.92e-05 0.450
  9   -8.366585184352e-02 -1.232312182511e-01 1.73e-04 2.96e-06 2.39e-04 0.493
 10   -8.320249636279e-02 -1.226028217957e-01 1.60e-04 2.76e-06 4.83e-04 0.535
 11   -8.618133465667e-02 -1.182476668130e-01 1.17e-04 2.02e-06 4.61e-04 0.578
 12   -9.420608559822e-02 -1.056241689087e-01 2.78e-05 4.78e-07 6.26e-05 0.620
 13   -9.577861692574e-02 -1.027245301830e-01 1.34e-05 2.43e-07 6.82e-05 0.663
 14   -9.755124923412e-02 -1.001067259257e-01 4.25e-06 6.05e-08 2.03e-05 0.706
 15   -9.788717521260e-02 -9.948519687436e-02 1.97e-06 3.90e-08 2.91e-05 0.748
 16   -9.846389411921e-02 -9.867303014703e-02 2.49e-07 3.35e-09 2.75e-06 0.791
 17   -9.854353040537e-02 -9.856677315231e-02 2.52e-08 1.32e-08 1.92e-07 0.834
 18   -9.855164577722e-02 -9.855553642582e-02 3.73e-09 1.64e-09 3.39e-08 0.876
 19   -9.855324263852e-02 -9.855343721680e-02 1.86e-10 7.68e-09 1.18e-09 0.918
 20   -9.855332090710e-02 -9.855333526670e-02 1.34e-11 1.21e-07 4.69e-11 0.961
 21   -9.855332590123e-02 -9.855332861902e-02 2.10e-12 1.34e-06 9.63e-12 1.004
 22   -9.855332691712e-02 -9.855332732973e-02 2.80e-13 1.32e-05 1.31e-12 1.046
 23   -9.855332704619e-02 -9.855332716800e-02 1.61e-13 1.92e-04 3.04e-13 1.089
 24   -9.855332709588e-02 -9.855332710410e-02 3.89e-15 9.94e-06 1.82e-14 1.132
 25   -9.855332709827e-02 -9.855332710090e-02 9.05e-15 1.98e-03 4.32e-15 1.174
Numerical error in objective
Restoring previous solution


Suboptimal solution found in 26 iterations and 1.22 seconds
Objective -9.85532426e-02
Primal infeasibility (abs/rel): 3.73e-10/1.86e-10
Dual infeasibility   (abs/rel): 8.46e-09/7.68e-09
Complementarity gap  (abs/rel): 1.30e-09/1.18e-09


Barrier finished in 1.22 seconds
Dual variables for problems with quadratic constraints not returned.


======================================================================================================================
=== [25/101] defaults_and_tuned_step_ir_cudssdet/step0.99_ir0-off_det1/default/cold/t09.log
----------------------------------------------------------------------------------------------------------------------
=== 24 iterations, 1.15s, restored objective -9.83885946e-02, series cold
=== peak dual infeasibility over the last 6 iterations 8.16e-04
=== SETTINGS
===   config     defaults_and_tuned_step_ir_cudssdet/step0.99_ir0-off_det1
===   [command]  python socp_resolve_benchmark/cuopt_socp_resolve_cache.py --configs default --cold-only --K 20 --step-scale 0.99 --ir 0 --bound-free-vars 0 --cudss-deterministic 1 --save-logs socp_resolve_benchmark/logs/defaults_and_tuned_step_ir_cudssdet/step0.99_ir0-off_det1
===   [family]   cold solves only; step scale, refinement mode and cuDSS determinism are the swept axes; bound_free_vars=0, initial point Automatic (SedumiMu on cones), everything else default
===   [log]      barrier_presolve_bound_free_variables = 0 (free variables handled directly)
===   [log]      cudss_deterministic = true
===   [log]      augmented system
===   [log]      barrier_adaptive_regularization = on
===   [log]      full setup ran (reordering + symbolic factorization), so no cache reuse
======================================================================================================================
cuOpt version: 26.10.0, git hash: 648f805d, host arch: x86_64, device archs: 80-real
CPU: AMD EPYC 7642 48-Core Processor, threads: 5C/5T
CPU SIMD target: AVX2
CUDA 12.9, device: NVIDIA A100 80GB PCIe (ID 0), VRAM: 79.44 GiB
Problem has 1 quadratic constraints. Converting to second-order cones and solving with barrier.
Handling 50 free variables directly in augmented system
Presolved problem: 5103 constraints 10102 variables 265152 nonzeros
Skipping Ruiz equilibration (row norm ratio 1.4, column norm ratio 1.4 < 5e4, Q coeff ratio 1.0 < 100)
Barrier solver started at 0.027 seconds
Barrier solver: 5103 constraints, 10102 variables, 265152 nonzeros


Second-order cones          : 1
Free variables              : 50
Upper bounds                : 5000
Linear system               : augmented
cuDSS Version               : 0.7.1
cuDSS Threading layer       : libcudss_mtlayer_gomp.so.0
cuDSS solve mode            : deterministic
Reordering time             : 0.073s
Symbolic factorization time : 0.023s
Symbolic nonzeros in factor : 2.79e+05
Elapsed time for augmented  : 0.130 seconds
Elapsed time           : 0.130 seconds
Barrier setup complete at 0.130 seconds
Adaptive regularization enabled


                  Objective                         Infeasibility        Time
Iter   Primal              Dual                Primal   Dual    Compl.   Elapsed
  0   -3.702779911923e+02 -3.710340990992e+02 3.71e+03 1.91e+00 1.19e-02 0.130
  1   -4.137414138399e+00 -3.474555509014e+02 4.01e+01 2.77e-01 6.49e-02 0.174
  2   -1.039627884074e-01 -2.487502794267e+01 4.69e-01 7.85e-03 4.78e-03 0.216
  3   -5.494259747361e-02 -6.426389198136e-01 4.69e-03 7.91e-05 1.48e-04 0.258
  4   -5.853147877433e-02 -1.362047459473e-01 6.19e-04 1.04e-05 1.73e-05 0.301
  5   -6.730409210468e-02 -1.383594320821e-01 4.88e-04 8.22e-06 3.14e-05 0.343
  6   -6.898416880187e-02 -1.386009021805e-01 4.45e-04 7.52e-06 4.26e-05 0.386
  7   -8.252082360867e-02 -1.224964969618e-01 2.25e-04 3.78e-06 7.32e-05 0.428
  8   -8.268110095705e-02 -1.222824109463e-01 2.09e-04 3.53e-06 6.77e-05 0.471
  9   -8.383664032818e-02 -1.216694416692e-01 1.75e-04 3.00e-06 1.72e-04 0.513
 10   -8.546669227518e-02 -1.197731156856e-01 1.12e-04 1.91e-06 1.69e-04 0.556
 11   -8.752957746583e-02 -1.153037177668e-01 6.41e-05 1.13e-06 3.89e-04 0.599
 12   -9.549681280749e-02 -1.030667421955e-01 1.26e-05 1.87e-07 8.55e-05 0.642
 13   -9.694993045761e-02 -1.005135954263e-01 4.45e-06 6.99e-08 4.28e-05 0.684
 14   -9.798402933912e-02 -9.895314012324e-02 9.92e-07 1.61e-08 9.27e-06 0.727
 15   -9.830522537108e-02 -9.849483399012e-02 9.79e-08 4.79e-09 6.15e-07 0.770
 16   -9.836747981256e-02 -9.841454632925e-02 1.82e-08 2.45e-09 1.91e-07 0.812
 17   -9.838647454174e-02 -9.839171479497e-02 1.75e-09 1.32e-08 1.98e-08 0.855
 18   -9.838859458150e-02 -9.838915321305e-02 1.77e-10 3.53e-09 2.95e-09 0.897
 19   -9.838883530703e-02 -9.838886698806e-02 9.99e-12 5.21e-08 1.56e-10 0.940
 20   -9.838884915118e-02 -9.838885070486e-02 4.43e-13 3.60e-07 4.95e-12 0.982
 21   -9.838884978245e-02 -9.838884994581e-02 4.68e-13 7.39e-06 6.09e-13 1.025
 22   -9.838884985974e-02 -9.838884986675e-02 8.84e-14 3.98e-05 2.00e-14 1.067
 23   -9.838884986355e-02 -9.838884986435e-02 1.83e-14 8.16e-04 2.44e-15 1.110
Numerical error in objective
Restoring previous solution


Suboptimal solution found in 24 iterations and 1.15 seconds
Objective -9.83885946e-02
Primal infeasibility (abs/rel): 3.54e-10/1.77e-10
Dual infeasibility   (abs/rel): 3.89e-09/3.53e-09
Complementarity gap  (abs/rel): 3.24e-09/2.95e-09


Barrier finished in 1.15 seconds
Dual variables for problems with quadratic constraints not returned.


======================================================================================================================
=== [26/101] defaults_and_tuned_step_ir_cudssdet/step0.99_ir0-off_det1/default/cold/t10.log
----------------------------------------------------------------------------------------------------------------------
=== 30 iterations, 1.4s, restored objective -9.85665978e-02, series cold
=== peak dual infeasibility over the last 6 iterations 2.91e-03
=== SETTINGS
===   config     defaults_and_tuned_step_ir_cudssdet/step0.99_ir0-off_det1
===   [command]  python socp_resolve_benchmark/cuopt_socp_resolve_cache.py --configs default --cold-only --K 20 --step-scale 0.99 --ir 0 --bound-free-vars 0 --cudss-deterministic 1 --save-logs socp_resolve_benchmark/logs/defaults_and_tuned_step_ir_cudssdet/step0.99_ir0-off_det1
===   [family]   cold solves only; step scale, refinement mode and cuDSS determinism are the swept axes; bound_free_vars=0, initial point Automatic (SedumiMu on cones), everything else default
===   [log]      barrier_presolve_bound_free_variables = 0 (free variables handled directly)
===   [log]      cudss_deterministic = true
===   [log]      augmented system
===   [log]      barrier_adaptive_regularization = on
===   [log]      full setup ran (reordering + symbolic factorization), so no cache reuse
======================================================================================================================
cuOpt version: 26.10.0, git hash: 648f805d, host arch: x86_64, device archs: 80-real
CPU: AMD EPYC 7642 48-Core Processor, threads: 5C/5T
CPU SIMD target: AVX2
CUDA 12.9, device: NVIDIA A100 80GB PCIe (ID 0), VRAM: 79.44 GiB
Problem has 1 quadratic constraints. Converting to second-order cones and solving with barrier.
Handling 50 free variables directly in augmented system
Presolved problem: 5103 constraints 10102 variables 265152 nonzeros
Skipping Ruiz equilibration (row norm ratio 1.4, column norm ratio 1.4 < 5e4, Q coeff ratio 1.0 < 100)
Barrier solver started at 0.028 seconds
Barrier solver: 5103 constraints, 10102 variables, 265152 nonzeros


Second-order cones          : 1
Free variables              : 50
Upper bounds                : 5000
Linear system               : augmented
cuDSS Version               : 0.7.1
cuDSS Threading layer       : libcudss_mtlayer_gomp.so.0
cuDSS solve mode            : deterministic
Reordering time             : 0.053s
Symbolic factorization time : 0.024s
Symbolic nonzeros in factor : 2.79e+05
Elapsed time for augmented  : 0.112 seconds
Elapsed time           : 0.112 seconds
Barrier setup complete at 0.112 seconds
Adaptive regularization enabled


                  Objective                         Infeasibility        Time
Iter   Primal              Dual                Primal   Dual    Compl.   Elapsed
  0   -3.704562062107e+02 -3.710714720587e+02 3.71e+03 1.91e+00 1.19e-02 0.113
  1   -4.139037261543e+00 -3.474930274882e+02 4.01e+01 2.77e-01 6.49e-02 0.156
  2   -1.040203883609e-01 -2.487881669141e+01 4.69e-01 7.85e-03 4.78e-03 0.198
  3   -5.496595413280e-02 -6.428693840177e-01 4.69e-03 7.91e-05 1.48e-04 0.240
  4   -5.855928252140e-02 -1.358861463524e-01 6.16e-04 1.04e-05 1.71e-05 0.283
  5   -6.633590756907e-02 -1.378605846118e-01 5.05e-04 8.51e-06 2.41e-05 0.326
  6   -6.767702593175e-02 -1.382478225612e-01 4.72e-04 7.97e-06 2.82e-05 0.368
  7   -8.154059980520e-02 -1.247340048665e-01 2.42e-04 4.06e-06 6.14e-05 0.411
  8   -8.190768677679e-02 -1.244207696578e-01 2.17e-04 3.67e-06 8.71e-05 0.453
  9   -8.395449738129e-02 -1.227586949220e-01 1.64e-04 2.80e-06 2.16e-04 0.496
 10   -8.699902107300e-02 -1.186931538072e-01 9.09e-05 1.56e-06 1.29e-04 0.539
 11   -8.696662491590e-02 -1.174185690949e-01 7.65e-05 1.33e-06 2.75e-04 0.581
 12   -9.357424901204e-02 -1.067679402479e-01 3.01e-05 5.00e-07 8.75e-05 0.624
 13   -9.462484166313e-02 -1.048787765580e-01 2.03e-05 3.52e-07 1.04e-04 0.667
 14   -9.654720316293e-02 -1.018685272889e-01 9.31e-06 1.55e-07 4.87e-05 0.710
 15   -9.674409698828e-02 -1.012806303140e-01 6.52e-06 1.20e-07 5.66e-05 0.752
 16   -9.775642644683e-02 -9.980259574498e-02 2.64e-06 4.16e-08 2.43e-05 0.799
 17   -9.799282453884e-02 -9.938239606249e-02 1.46e-06 3.18e-08 2.20e-05 0.842
 18   -9.834005536059e-02 -9.888883034316e-02 4.91e-07 7.85e-09 8.26e-06 0.884
 19   -9.843731376929e-02 -9.873573500216e-02 1.96e-07 7.01e-09 4.69e-06 0.926
 20   -9.852800689394e-02 -9.861795865723e-02 5.18e-08 7.04e-09 1.38e-06 0.969
 21   -9.855791572231e-02 -9.857786187581e-02 8.00e-09 7.15e-10 3.06e-07 1.011
 22   -9.856495862895e-02 -9.856926474200e-02 1.65e-09 7.31e-09 6.58e-08 1.054
 23   -9.856659779502e-02 -9.856717768809e-02 1.58e-10 4.89e-10 6.87e-09 1.097
 24   -9.856682367929e-02 -9.856691011645e-02 2.36e-11 6.32e-09 1.03e-09 1.139
 25   -9.856686176912e-02 -9.856686497385e-02 8.69e-13 6.76e-08 3.42e-11 1.182
 26   -9.856686310539e-02 -9.856686340182e-02 6.83e-14 1.38e-06 2.75e-12 1.224
 27   -9.856686323499e-02 -9.856686325024e-02 2.45e-14 2.43e-05 8.95e-14 1.267
 28   -9.856686324133e-02 -9.856686324198e-02 1.51e-15 1.12e-04 5.07e-15 1.309
 29   -9.856686324155e-02 -9.856686324165e-02 2.66e-15 2.91e-03 7.37e-17 1.352
Numerical error in objective
Restoring previous solution


Suboptimal solution found in 30 iterations and 1.40 seconds
Objective -9.85665978e-02
Primal infeasibility (abs/rel): 3.17e-10/1.58e-10
Dual infeasibility   (abs/rel): 5.39e-10/4.89e-10
Complementarity gap  (abs/rel): 7.55e-09/6.87e-09


Barrier finished in 1.40 seconds
Dual variables for problems with quadratic constraints not returned.


======================================================================================================================
=== [27/101] defaults_and_tuned_step_ir_cudssdet/step0.99_ir0-off_det1/default/cold/t11.log
----------------------------------------------------------------------------------------------------------------------
=== 30 iterations, 1.4s, restored objective -9.84883714e-02, series cold
=== peak dual infeasibility over the last 6 iterations 5.94e-04
=== SETTINGS
===   config     defaults_and_tuned_step_ir_cudssdet/step0.99_ir0-off_det1
===   [command]  python socp_resolve_benchmark/cuopt_socp_resolve_cache.py --configs default --cold-only --K 20 --step-scale 0.99 --ir 0 --bound-free-vars 0 --cudss-deterministic 1 --save-logs socp_resolve_benchmark/logs/defaults_and_tuned_step_ir_cudssdet/step0.99_ir0-off_det1
===   [family]   cold solves only; step scale, refinement mode and cuDSS determinism are the swept axes; bound_free_vars=0, initial point Automatic (SedumiMu on cones), everything else default
===   [log]      barrier_presolve_bound_free_variables = 0 (free variables handled directly)
===   [log]      cudss_deterministic = true
===   [log]      augmented system
===   [log]      barrier_adaptive_regularization = on
===   [log]      full setup ran (reordering + symbolic factorization), so no cache reuse
======================================================================================================================
cuOpt version: 26.10.0, git hash: 648f805d, host arch: x86_64, device archs: 80-real
CPU: AMD EPYC 7642 48-Core Processor, threads: 5C/5T
CPU SIMD target: AVX2
CUDA 12.9, device: NVIDIA A100 80GB PCIe (ID 0), VRAM: 79.44 GiB
Problem has 1 quadratic constraints. Converting to second-order cones and solving with barrier.
Handling 50 free variables directly in augmented system
Presolved problem: 5103 constraints 10102 variables 265152 nonzeros
Skipping Ruiz equilibration (row norm ratio 1.4, column norm ratio 1.4 < 5e4, Q coeff ratio 1.0 < 100)
Barrier solver started at 0.027 seconds
Barrier solver: 5103 constraints, 10102 variables, 265152 nonzeros


Second-order cones          : 1
Free variables              : 50
Upper bounds                : 5000
Linear system               : augmented
cuDSS Version               : 0.7.1
cuDSS Threading layer       : libcudss_mtlayer_gomp.so.0
cuDSS solve mode            : deterministic
Reordering time             : 0.056s
Symbolic factorization time : 0.023s
Symbolic nonzeros in factor : 2.79e+05
Elapsed time for augmented  : 0.114 seconds
Elapsed time           : 0.114 seconds
Barrier setup complete at 0.114 seconds
Adaptive regularization enabled


                  Objective                         Infeasibility        Time
Iter   Primal              Dual                Primal   Dual    Compl.   Elapsed
  0   -3.703336272695e+02 -3.710584120459e+02 3.71e+03 1.91e+00 1.19e-02 0.115
  1   -4.137833102770e+00 -3.474799232554e+02 4.01e+01 2.77e-01 6.49e-02 0.158
  2   -1.039807666480e-01 -2.487731425638e+01 4.69e-01 7.85e-03 4.78e-03 0.200
  3   -5.494981771365e-02 -6.427222796903e-01 4.69e-03 7.91e-05 1.48e-04 0.243
  4   -5.854536744238e-02 -1.356570818826e-01 6.15e-04 1.04e-05 1.72e-05 0.285
  5   -6.553115251015e-02 -1.375823035544e-01 5.16e-04 8.70e-06 1.98e-05 0.328
  6   -6.730000210809e-02 -1.381153566305e-01 4.75e-04 8.03e-06 3.03e-05 0.370
  7   -8.239151101164e-02 -1.235201287442e-01 2.32e-04 3.90e-06 7.67e-05 0.413
  8   -8.264004447423e-02 -1.231473253829e-01 2.10e-04 3.55e-06 8.23e-05 0.456
  9   -8.327653272917e-02 -1.231878621423e-01 1.90e-04 3.23e-06 1.78e-04 0.498
 10   -8.606447343610e-02 -1.198883787880e-01 1.12e-04 1.90e-06 1.19e-04 0.541
 11   -8.628008243582e-02 -1.182861049540e-01 8.99e-05 1.56e-06 2.80e-04 0.584
 12   -9.300240742061e-02 -1.074731076113e-01 3.69e-05 6.11e-07 9.16e-05 0.626
 13   -9.426003697091e-02 -1.053171972858e-01 2.31e-05 3.98e-07 1.08e-04 0.669
 14   -9.479322704072e-02 -1.042653100113e-01 1.78e-05 3.20e-07 1.14e-04 0.712
 15   -9.671959028266e-02 -1.013257050283e-01 7.85e-06 1.34e-07 5.19e-05 0.754
 16   -9.698395658390e-02 -1.007172846340e-01 5.22e-06 9.87e-08 5.27e-05 0.797
 17   -9.783620722838e-02 -9.945732969446e-02 1.95e-06 2.86e-08 2.12e-05 0.840
 18   -9.802028109288e-02 -9.913094307560e-02 1.06e-06 2.35e-08 1.67e-05 0.882
 19   -9.832256331986e-02 -9.871590860106e-02 3.18e-07 6.50e-09 5.62e-06 0.925
 20   -9.841523896155e-02 -9.858224044568e-02 1.02e-07 4.64e-09 2.62e-06 0.968
 21   -9.846728283815e-02 -9.851592091827e-02 2.67e-08 7.43e-09 7.36e-07 1.010
 22   -9.848434230912e-02 -9.849332921428e-02 3.03e-09 1.11e-09 1.10e-07 1.053
 23   -9.848775250509e-02 -9.848929189771e-02 5.05e-10 6.69e-09 1.91e-08 1.097
 24   -9.848837141557e-02 -9.848853227368e-02 7.47e-11 4.41e-09 1.52e-09 1.139
 25   -9.848843536970e-02 -9.848845502622e-02 7.05e-12 9.62e-08 1.87e-10 1.182
 26   -9.848844293181e-02 -9.848844593558e-02 7.02e-13 1.92e-07 2.88e-11 1.225
 27   -9.848844424176e-02 -9.848844439617e-02 8.20e-13 2.09e-06 1.22e-12 1.268
 28   -9.848844431678e-02 -9.848844432624e-02 2.18e-13 1.65e-05 3.36e-14 1.310
 29   -9.848844432275e-02 -9.848844432425e-02 5.08e-14 5.94e-04 7.64e-16 1.352
Numerical error in objective
Restoring previous solution


Suboptimal solution found in 30 iterations and 1.40 seconds
Objective -9.84883714e-02
Primal infeasibility (abs/rel): 1.49e-10/7.47e-11
Dual infeasibility   (abs/rel): 4.85e-09/4.41e-09
Complementarity gap  (abs/rel): 1.67e-09/1.52e-09


Barrier finished in 1.40 seconds
Dual variables for problems with quadratic constraints not returned.


======================================================================================================================
=== [28/101] defaults_and_tuned_step_ir_cudssdet/step0.99_ir0-off_det1/default/cold/t12.log
----------------------------------------------------------------------------------------------------------------------
=== 29 iterations, 1.36s, restored objective -9.85054526e-02, series cold
=== peak dual infeasibility over the last 6 iterations 3.90e-03
=== SETTINGS
===   config     defaults_and_tuned_step_ir_cudssdet/step0.99_ir0-off_det1
===   [command]  python socp_resolve_benchmark/cuopt_socp_resolve_cache.py --configs default --cold-only --K 20 --step-scale 0.99 --ir 0 --bound-free-vars 0 --cudss-deterministic 1 --save-logs socp_resolve_benchmark/logs/defaults_and_tuned_step_ir_cudssdet/step0.99_ir0-off_det1
===   [family]   cold solves only; step scale, refinement mode and cuDSS determinism are the swept axes; bound_free_vars=0, initial point Automatic (SedumiMu on cones), everything else default
===   [log]      barrier_presolve_bound_free_variables = 0 (free variables handled directly)
===   [log]      cudss_deterministic = true
===   [log]      augmented system
===   [log]      barrier_adaptive_regularization = on
===   [log]      full setup ran (reordering + symbolic factorization), so no cache reuse
======================================================================================================================
cuOpt version: 26.10.0, git hash: 648f805d, host arch: x86_64, device archs: 80-real
CPU: AMD EPYC 7642 48-Core Processor, threads: 5C/5T
CPU SIMD target: AVX2
CUDA 12.9, device: NVIDIA A100 80GB PCIe (ID 0), VRAM: 79.44 GiB
Problem has 1 quadratic constraints. Converting to second-order cones and solving with barrier.
Handling 50 free variables directly in augmented system
Presolved problem: 5103 constraints 10102 variables 265152 nonzeros
Skipping Ruiz equilibration (row norm ratio 1.4, column norm ratio 1.4 < 5e4, Q coeff ratio 1.0 < 100)
Barrier solver started at 0.025 seconds
Barrier solver: 5103 constraints, 10102 variables, 265152 nonzeros


Second-order cones          : 1
Free variables              : 50
Upper bounds                : 5000
Linear system               : augmented
cuDSS Version               : 0.7.1
cuDSS Threading layer       : libcudss_mtlayer_gomp.so.0
cuDSS solve mode            : deterministic
Reordering time             : 0.072s
Symbolic factorization time : 0.023s
Symbolic nonzeros in factor : 2.79e+05
Elapsed time for augmented  : 0.127 seconds
Elapsed time           : 0.127 seconds
Barrier setup complete at 0.127 seconds
Adaptive regularization enabled


                  Objective                         Infeasibility        Time
Iter   Primal              Dual                Primal   Dual    Compl.   Elapsed
  0   -3.703361174615e+02 -3.711052443117e+02 3.71e+03 1.91e+00 1.19e-02 0.127
  1   -4.137135610587e+00 -3.475267509215e+02 4.01e+01 2.77e-01 6.50e-02 0.170
  2   -1.039531737357e-01 -2.487910029858e+01 4.69e-01 7.85e-03 4.78e-03 0.214
  3   -5.493987111550e-02 -6.426842303085e-01 4.69e-03 7.91e-05 1.47e-04 0.256
  4   -5.852671195011e-02 -1.365430021202e-01 6.22e-04 1.05e-05 1.74e-05 0.299
  5   -6.766214010476e-02 -1.389353086586e-01 4.86e-04 8.19e-06 3.37e-05 0.341
  6   -6.886253694763e-02 -1.391548064293e-01 4.54e-04 7.67e-06 4.28e-05 0.384
  7   -8.047921469868e-02 -1.258120236779e-01 2.61e-04 4.40e-06 7.94e-05 0.426
  8   -8.065804149361e-02 -1.256963465572e-01 2.46e-04 4.16e-06 7.68e-05 0.469
  9   -8.300358143598e-02 -1.237813458149e-01 1.84e-04 3.15e-06 2.23e-04 0.511
 10   -8.389638615960e-02 -1.215851329273e-01 1.44e-04 2.49e-06 3.70e-04 0.554
 11   -9.193385008134e-02 -1.093100654196e-01 6.12e-05 1.04e-06 1.21e-04 0.597
 12   -9.265515835171e-02 -1.077073274029e-01 4.52e-05 7.78e-07 1.39e-04 0.640
 13   -9.633223751426e-02 -1.019836499996e-01 1.50e-05 2.43e-07 5.78e-05 0.682
 14   -9.649275464154e-02 -1.014060059583e-01 1.07e-05 1.84e-07 6.91e-05 0.725
 15   -9.758210384613e-02 -9.990095852200e-02 4.72e-06 7.38e-08 2.97e-05 0.767
 16   -9.782908083101e-02 -9.944545206852e-02 2.60e-06 4.92e-08 2.62e-05 0.810
 17   -9.824145446262e-02 -9.887645012024e-02 8.90e-07 9.47e-09 9.83e-06 0.852
 18   -9.835960788046e-02 -9.869389581419e-02 3.45e-07 8.86e-09 5.45e-06 0.895
 19   -9.846308512117e-02 -9.856143801782e-02 9.02e-08 7.59e-09 1.58e-06 0.938
 20   -9.849617528719e-02 -9.851733086458e-02 1.33e-08 1.05e-09 3.29e-07 0.980
 21   -9.850378883133e-02 -9.850811524285e-02 2.62e-09 7.08e-09 6.70e-08 1.022
 22   -9.850545261981e-02 -9.850600809156e-02 2.36e-10 3.78e-09 6.53e-09 1.065
 23   -9.850567509871e-02 -9.850574674068e-02 3.05e-11 6.19e-09 8.44e-10 1.107
 24   -9.850570690834e-02 -9.850570934274e-02 1.02e-12 6.41e-08 2.79e-11 1.150
 25   -9.850570780836e-02 -9.850570828719e-02 2.21e-13 7.76e-07 5.62e-12 1.192
 26   -9.850570801512e-02 -9.850570804684e-02 1.01e-13 5.60e-06 3.45e-13 1.234
 27   -9.850570802995e-02 -9.850570803142e-02 2.93e-14 6.05e-05 9.17e-15 1.277
 28   -9.850570803076e-02 -9.850570803108e-02 8.88e-15 3.90e-03 4.51e-16 1.319
Numerical error in objective
Restoring previous solution


Suboptimal solution found in 29 iterations and 1.36 seconds
Objective -9.85054526e-02
Primal infeasibility (abs/rel): 4.72e-10/2.36e-10
Dual infeasibility   (abs/rel): 4.17e-09/3.78e-09
Complementarity gap  (abs/rel): 7.18e-09/6.53e-09


Barrier finished in 1.36 seconds
Dual variables for problems with quadratic constraints not returned.


======================================================================================================================
=== [29/101] defaults_and_tuned_step_ir_cudssdet/step0.99_ir0-off_det1/default/cold/t13.log
----------------------------------------------------------------------------------------------------------------------
=== 27 iterations, 1.26s, restored objective -9.84195180e-02, series cold
=== peak dual infeasibility over the last 6 iterations 7.10e-06
=== SETTINGS
===   config     defaults_and_tuned_step_ir_cudssdet/step0.99_ir0-off_det1
===   [command]  python socp_resolve_benchmark/cuopt_socp_resolve_cache.py --configs default --cold-only --K 20 --step-scale 0.99 --ir 0 --bound-free-vars 0 --cudss-deterministic 1 --save-logs socp_resolve_benchmark/logs/defaults_and_tuned_step_ir_cudssdet/step0.99_ir0-off_det1
===   [family]   cold solves only; step scale, refinement mode and cuDSS determinism are the swept axes; bound_free_vars=0, initial point Automatic (SedumiMu on cones), everything else default
===   [log]      barrier_presolve_bound_free_variables = 0 (free variables handled directly)
===   [log]      cudss_deterministic = true
===   [log]      augmented system
===   [log]      barrier_adaptive_regularization = on
===   [log]      full setup ran (reordering + symbolic factorization), so no cache reuse
======================================================================================================================
cuOpt version: 26.10.0, git hash: 648f805d, host arch: x86_64, device archs: 80-real
CPU: AMD EPYC 7642 48-Core Processor, threads: 5C/5T
CPU SIMD target: AVX2
CUDA 12.9, device: NVIDIA A100 80GB PCIe (ID 0), VRAM: 79.44 GiB
Problem has 1 quadratic constraints. Converting to second-order cones and solving with barrier.
Handling 50 free variables directly in augmented system
Presolved problem: 5103 constraints 10102 variables 265152 nonzeros
Skipping Ruiz equilibration (row norm ratio 1.4, column norm ratio 1.4 < 5e4, Q coeff ratio 1.0 < 100)
Barrier solver started at 0.026 seconds
Barrier solver: 5103 constraints, 10102 variables, 265152 nonzeros


Second-order cones          : 1
Free variables              : 50
Upper bounds                : 5000
Linear system               : augmented
cuDSS Version               : 0.7.1
cuDSS Threading layer       : libcudss_mtlayer_gomp.so.0
cuDSS solve mode            : deterministic
Reordering time             : 0.057s
Symbolic factorization time : 0.023s
Symbolic nonzeros in factor : 2.79e+05
Elapsed time for augmented  : 0.113 seconds
Elapsed time           : 0.113 seconds
Barrier setup complete at 0.113 seconds
Adaptive regularization enabled


                  Objective                         Infeasibility        Time
Iter   Primal              Dual                Primal   Dual    Compl.   Elapsed
  0   -3.703532868363e+02 -3.711197926069e+02 3.71e+03 1.91e+00 1.19e-02 0.114
  1   -4.137900874810e+00 -3.475413679313e+02 4.01e+01 2.77e-01 6.50e-02 0.157
  2   -1.039745619625e-01 -2.488596528530e+01 4.69e-01 7.85e-03 4.78e-03 0.199
  3   -5.494370612205e-02 -6.429524499847e-01 4.69e-03 7.91e-05 1.48e-04 0.242
  4   -5.852900864516e-02 -1.369057056078e-01 6.24e-04 1.05e-05 1.75e-05 0.285
  5   -6.642458217188e-02 -1.389496370979e-01 5.07e-04 8.54e-06 2.84e-05 0.327
  6   -6.769404981108e-02 -1.393008273360e-01 4.75e-04 8.02e-06 3.77e-05 0.370
  7   -7.916846961063e-02 -1.276638665264e-01 2.84e-04 4.78e-06 8.13e-05 0.413
  8   -7.928837573014e-02 -1.275288989020e-01 2.70e-04 4.56e-06 9.31e-05 0.456
  9   -8.201675014697e-02 -1.255775400913e-01 2.00e-04 3.42e-06 2.72e-04 0.498
 10   -8.282373129468e-02 -1.232665047404e-01 1.54e-04 2.67e-06 5.05e-04 0.541
 11   -9.170382444270e-02 -1.098319395488e-01 6.34e-05 1.08e-06 1.60e-04 0.583
 12   -9.213632646172e-02 -1.084543157059e-01 4.87e-05 8.38e-07 1.96e-04 0.626
 13   -9.606864665273e-02 -1.022461390120e-01 1.66e-05 2.66e-07 8.00e-05 0.668
 14   -9.652987908830e-02 -1.010797982932e-01 9.03e-06 1.55e-07 8.30e-05 0.711
 15   -9.766904427650e-02 -9.953260781808e-02 3.31e-06 4.51e-08 2.80e-05 0.753
 16   -9.794008300414e-02 -9.906016066890e-02 1.46e-06 2.69e-08 2.02e-05 0.796
 17   -9.827164166358e-02 -9.862396718867e-02 4.28e-07 1.31e-08 6.22e-06 0.839
 18   -9.835571720114e-02 -9.849952230067e-02 1.18e-07 2.34e-09 2.30e-06 0.881
 19   -9.840497063003e-02 -9.843834895479e-02 2.59e-08 9.37e-09 5.43e-07 0.923
 20   -9.841741855942e-02 -9.842206137316e-02 1.92e-09 1.33e-09 5.48e-08 0.966
 21   -9.841927456517e-02 -9.841986281953e-02 2.39e-10 5.40e-09 7.01e-09 1.008
 22   -9.841951799279e-02 -9.841956441146e-02 5.97e-11 9.87e-10 3.75e-10 1.051
 23   -9.841953715221e-02 -9.841954385134e-02 7.77e-12 1.51e-07 5.59e-11 1.094
 24   -9.841954021001e-02 -9.841954054751e-02 2.12e-13 6.22e-07 2.71e-12 1.137
 25   -9.841954036363e-02 -9.841954037744e-02 2.22e-14 6.60e-06 1.08e-13 1.179
 26   -9.841954036975e-02 -9.841954036985e-02 5.00e-15 7.10e-06 1.91e-15 1.222
Numerical error in objective
Restoring previous solution


Suboptimal solution found in 27 iterations and 1.26 seconds
Objective -9.84195180e-02
Primal infeasibility (abs/rel): 1.19e-10/5.97e-11
Dual infeasibility   (abs/rel): 1.09e-09/9.87e-10
Complementarity gap  (abs/rel): 4.12e-10/3.75e-10


Barrier finished in 1.27 seconds
Dual variables for problems with quadratic constraints not returned.


======================================================================================================================
=== [30/101] defaults_and_tuned_step_ir_cudssdet/step0.99_ir0-off_det1/default/cold/t14.log
----------------------------------------------------------------------------------------------------------------------
=== 29 iterations, 1.35s, restored objective -9.85972278e-02, series cold
=== peak dual infeasibility over the last 6 iterations 4.89e-04
=== SETTINGS
===   config     defaults_and_tuned_step_ir_cudssdet/step0.99_ir0-off_det1
===   [command]  python socp_resolve_benchmark/cuopt_socp_resolve_cache.py --configs default --cold-only --K 20 --step-scale 0.99 --ir 0 --bound-free-vars 0 --cudss-deterministic 1 --save-logs socp_resolve_benchmark/logs/defaults_and_tuned_step_ir_cudssdet/step0.99_ir0-off_det1
===   [family]   cold solves only; step scale, refinement mode and cuDSS determinism are the swept axes; bound_free_vars=0, initial point Automatic (SedumiMu on cones), everything else default
===   [log]      barrier_presolve_bound_free_variables = 0 (free variables handled directly)
===   [log]      cudss_deterministic = true
===   [log]      augmented system
===   [log]      barrier_adaptive_regularization = on
===   [log]      full setup ran (reordering + symbolic factorization), so no cache reuse
======================================================================================================================
cuOpt version: 26.10.0, git hash: 648f805d, host arch: x86_64, device archs: 80-real
CPU: AMD EPYC 7642 48-Core Processor, threads: 5C/5T
CPU SIMD target: AVX2
CUDA 12.9, device: NVIDIA A100 80GB PCIe (ID 0), VRAM: 79.44 GiB
Problem has 1 quadratic constraints. Converting to second-order cones and solving with barrier.
Handling 50 free variables directly in augmented system
Presolved problem: 5103 constraints 10102 variables 265152 nonzeros
Skipping Ruiz equilibration (row norm ratio 1.4, column norm ratio 1.4 < 5e4, Q coeff ratio 1.0 < 100)
Barrier solver started at 0.025 seconds
Barrier solver: 5103 constraints, 10102 variables, 265152 nonzeros


Second-order cones          : 1
Free variables              : 50
Upper bounds                : 5000
Linear system               : augmented
cuDSS Version               : 0.7.1
cuDSS Threading layer       : libcudss_mtlayer_gomp.so.0
cuDSS solve mode            : deterministic
Reordering time             : 0.056s
Symbolic factorization time : 0.024s
Symbolic nonzeros in factor : 2.79e+05
Elapsed time for augmented  : 0.116 seconds
Elapsed time           : 0.116 seconds
Barrier setup complete at 0.116 seconds
Adaptive regularization enabled


                  Objective                         Infeasibility        Time
Iter   Primal              Dual                Primal   Dual    Compl.   Elapsed
  0   -3.703993037120e+02 -3.711301956175e+02 3.71e+03 1.91e+00 1.19e-02 0.117
  1   -4.138312164641e+00 -3.475517914086e+02 4.01e+01 2.77e-01 6.50e-02 0.160
  2   -1.039811672532e-01 -2.488651259473e+01 4.69e-01 7.85e-03 4.78e-03 0.202
  3   -5.494896686135e-02 -6.429278046155e-01 4.69e-03 7.91e-05 1.48e-04 0.245
  4   -5.853996100572e-02 -1.361844552570e-01 6.19e-04 1.04e-05 1.73e-05 0.287
  5   -6.635107337773e-02 -1.384036376048e-01 5.08e-04 8.56e-06 2.50e-05 0.330
  6   -6.755109351566e-02 -1.387681566289e-01 4.78e-04 8.08e-06 3.38e-05 0.373
  7   -7.881691494857e-02 -1.279574613443e-01 2.93e-04 4.94e-06 7.37e-05 0.415
  8   -7.897138662672e-02 -1.278424648534e-01 2.78e-04 4.70e-06 9.91e-05 0.457
  9   -8.213083687347e-02 -1.254376749242e-01 1.99e-04 3.40e-06 2.83e-04 0.500
 10   -8.362869026565e-02 -1.223006572819e-01 1.44e-04 2.48e-06 4.82e-04 0.542
 11   -9.211579581897e-02 -1.094478247815e-01 5.97e-05 1.01e-06 1.57e-04 0.585
 12   -9.256776494830e-02 -1.080707166711e-01 4.52e-05 7.78e-07 1.89e-04 0.627
 13   -9.635597448913e-02 -1.021839351621e-01 1.50e-05 2.40e-07 7.13e-05 0.670
 14   -9.657220480173e-02 -1.015252772868e-01 1.04e-05 1.77e-07 7.66e-05 0.712
 15   -9.764234904476e-02 -1.000352529058e-01 4.56e-06 7.06e-08 3.26e-05 0.755
 16   -9.788614500140e-02 -9.958311998401e-02 2.58e-06 4.82e-08 2.84e-05 0.798
 17   -9.832618154238e-02 -9.897763206528e-02 8.55e-07 9.44e-09 1.05e-05 0.840
 18   -9.844623985063e-02 -9.879237409814e-02 3.38e-07 8.69e-09 5.96e-06 0.883
 19   -9.855345001039e-02 -9.865535261605e-02 8.86e-08 7.58e-09 1.72e-06 0.925
 20   -9.858648429079e-02 -9.861109531183e-02 1.49e-08 1.33e-09 4.00e-07 0.968
 21   -9.859527176759e-02 -9.860044950611e-02 3.00e-09 7.77e-09 8.47e-08 1.010
 22   -9.859722777009e-02 -9.859796640292e-02 3.17e-10 6.39e-10 9.89e-09 1.053
 23   -9.859755146635e-02 -9.859758323089e-02 1.37e-11 7.43e-09 4.14e-10 1.096
 24   -9.859756458907e-02 -9.859756771707e-02 1.24e-12 4.36e-07 3.86e-11 1.139
 25   -9.859756587600e-02 -9.859756622745e-02 2.73e-13 1.25e-06 4.59e-12 1.181
 26   -9.859756602617e-02 -9.859756605726e-02 6.31e-14 5.74e-06 3.92e-13 1.223
 27   -9.859756604030e-02 -9.859756604194e-02 1.87e-14 1.39e-05 1.54e-14 1.266
 28   -9.859756604103e-02 -9.859756604142e-02 7.61e-15 4.89e-04 2.46e-15 1.308
Numerical error in objective
Restoring previous solution


Suboptimal solution found in 29 iterations and 1.35 seconds
Objective -9.85972278e-02
Primal infeasibility (abs/rel): 6.34e-10/3.17e-10
Dual infeasibility   (abs/rel): 7.04e-10/6.39e-10
Complementarity gap  (abs/rel): 1.09e-08/9.89e-09


Barrier finished in 1.35 seconds
Dual variables for problems with quadratic constraints not returned.


======================================================================================================================
=== [31/101] defaults_and_tuned_step_ir_cudssdet/step0.99_ir0-off_det1/default/cold/t16.log
----------------------------------------------------------------------------------------------------------------------
=== 29 iterations, 1.43s, restored objective -9.85960823e-02, series cold
=== peak dual infeasibility over the last 6 iterations 4.55e-03
=== SETTINGS
===   config     defaults_and_tuned_step_ir_cudssdet/step0.99_ir0-off_det1
===   [command]  python socp_resolve_benchmark/cuopt_socp_resolve_cache.py --configs default --cold-only --K 20 --step-scale 0.99 --ir 0 --bound-free-vars 0 --cudss-deterministic 1 --save-logs socp_resolve_benchmark/logs/defaults_and_tuned_step_ir_cudssdet/step0.99_ir0-off_det1
===   [family]   cold solves only; step scale, refinement mode and cuDSS determinism are the swept axes; bound_free_vars=0, initial point Automatic (SedumiMu on cones), everything else default
===   [log]      barrier_presolve_bound_free_variables = 0 (free variables handled directly)
===   [log]      cudss_deterministic = true
===   [log]      augmented system
===   [log]      barrier_adaptive_regularization = on
===   [log]      full setup ran (reordering + symbolic factorization), so no cache reuse
======================================================================================================================
cuOpt version: 26.10.0, git hash: 648f805d, host arch: x86_64, device archs: 80-real
CPU: AMD EPYC 7642 48-Core Processor, threads: 5C/5T
CPU SIMD target: AVX2
CUDA 12.9, device: NVIDIA A100 80GB PCIe (ID 0), VRAM: 79.44 GiB
Problem has 1 quadratic constraints. Converting to second-order cones and solving with barrier.
Handling 50 free variables directly in augmented system
Presolved problem: 5103 constraints 10102 variables 265152 nonzeros
Skipping Ruiz equilibration (row norm ratio 1.4, column norm ratio 1.4 < 5e4, Q coeff ratio 1.0 < 100)
Barrier solver started at 0.028 seconds
Barrier solver: 5103 constraints, 10102 variables, 265152 nonzeros


Second-order cones          : 1
Free variables              : 50
Upper bounds                : 5000
Linear system               : augmented
cuDSS Version               : 0.7.1
cuDSS Threading layer       : libcudss_mtlayer_gomp.so.0
cuDSS solve mode            : deterministic
Reordering time             : 0.133s
Symbolic factorization time : 0.023s
Symbolic nonzeros in factor : 2.79e+05
Elapsed time for augmented  : 0.192 seconds
Elapsed time           : 0.192 seconds
Barrier setup complete at 0.192 seconds
Adaptive regularization enabled


                  Objective                         Infeasibility        Time
Iter   Primal              Dual                Primal   Dual    Compl.   Elapsed
  0   -3.705152443471e+02 -3.711033693861e+02 3.71e+03 1.91e+00 1.19e-02 0.192
  1   -4.138998803939e+00 -3.475249664413e+02 4.01e+01 2.77e-01 6.50e-02 0.235
  2   -1.040338951183e-01 -2.487858817957e+01 4.69e-01 7.85e-03 4.78e-03 0.278
  3   -5.497382538585e-02 -6.429188232382e-01 4.69e-03 7.91e-05 1.48e-04 0.321
  4   -5.856905366664e-02 -1.363521290422e-01 6.20e-04 1.04e-05 1.73e-05 0.364
  5   -6.705039266072e-02 -1.385952981465e-01 4.95e-04 8.35e-06 2.84e-05 0.406
  6   -6.848338636995e-02 -1.388986067289e-01 4.59e-04 7.75e-06 4.03e-05 0.449
  7   -8.093056228042e-02 -1.253021851717e-01 2.54e-04 4.27e-06 7.91e-05 0.491
  8   -8.112522077757e-02 -1.251138934165e-01 2.36e-04 3.98e-06 9.13e-05 0.533
  9   -8.325017525542e-02 -1.235967618132e-01 1.79e-04 3.07e-06 2.57e-04 0.576
 10   -8.360524274952e-02 -1.220453627083e-01 1.46e-04 2.52e-06 4.26e-04 0.618
 11   -9.182225542950e-02 -1.097891639625e-01 6.30e-05 1.07e-06 1.44e-04 0.660
 12   -9.260117428483e-02 -1.080835012751e-01 4.68e-05 8.06e-07 1.69e-04 0.702
 13   -9.603654252755e-02 -1.026638795055e-01 1.77e-05 2.87e-07 7.21e-05 0.745
 14   -9.627353872142e-02 -1.020014248248e-01 1.28e-05 2.18e-07 7.61e-05 0.787
 15   -9.745244572774e-02 -1.003279821882e-01 5.88e-06 9.44e-08 3.43e-05 0.829
 16   -9.773895217251e-02 -9.980327934366e-02 3.42e-06 6.37e-08 3.11e-05 0.872
 17   -9.823880673669e-02 -9.910143019651e-02 1.22e-06 1.44e-08 1.22e-05 0.914
 18   -9.838761517054e-02 -9.886873709998e-02 5.18e-07 1.26e-08 7.54e-06 0.957
 19   -9.853257671920e-02 -9.868003219021e-02 1.38e-07 7.29e-09 2.27e-06 0.999
 20   -9.857923720777e-02 -9.861704268659e-02 2.53e-08 2.12e-09 5.87e-07 1.041
 21   -9.859248922932e-02 -9.860082476138e-02 5.27e-09 7.99e-09 1.31e-07 1.084
 22   -9.859564663499e-02 -9.859679333972e-02 5.12e-10 1.53e-09 1.43e-08 1.126
 23   -9.859608226398e-02 -9.859627632576e-02 8.68e-11 5.07e-09 2.45e-09 1.169
 24   -9.859616674042e-02 -9.859617579207e-02 4.05e-12 2.54e-08 1.11e-10 1.212
 25   -9.859617070519e-02 -9.859617104562e-02 1.99e-13 7.73e-07 3.99e-12 1.255
 26   -9.859617085248e-02 -9.859617086808e-02 2.94e-14 5.31e-06 1.74e-13 1.298
 27   -9.859617085907e-02 -9.859617085970e-02 5.11e-15 2.49e-05 9.16e-15 1.340
 28   -9.859617085946e-02 -9.859617085930e-02 7.52e-15 4.55e-03 1.94e-17 1.383
Numerical error in objective
Restoring previous solution


Suboptimal solution found in 29 iterations and 1.43 seconds
Objective -9.85960823e-02
Primal infeasibility (abs/rel): 1.74e-10/8.68e-11
Dual infeasibility   (abs/rel): 5.58e-09/5.07e-09
Complementarity gap  (abs/rel): 2.69e-09/2.45e-09


Barrier finished in 1.43 seconds
Dual variables for problems with quadratic constraints not returned.


======================================================================================================================
=== [32/101] defaults_and_tuned_step_ir_cudssdet/step0.99_ir0-off_det1/default/cold/t17.log
----------------------------------------------------------------------------------------------------------------------
=== 28 iterations, 1.4s, restored objective -9.85240013e-02, series cold
=== peak dual infeasibility over the last 6 iterations 7.60e-05
=== SETTINGS
===   config     defaults_and_tuned_step_ir_cudssdet/step0.99_ir0-off_det1
===   [command]  python socp_resolve_benchmark/cuopt_socp_resolve_cache.py --configs default --cold-only --K 20 --step-scale 0.99 --ir 0 --bound-free-vars 0 --cudss-deterministic 1 --save-logs socp_resolve_benchmark/logs/defaults_and_tuned_step_ir_cudssdet/step0.99_ir0-off_det1
===   [family]   cold solves only; step scale, refinement mode and cuDSS determinism are the swept axes; bound_free_vars=0, initial point Automatic (SedumiMu on cones), everything else default
===   [log]      barrier_presolve_bound_free_variables = 0 (free variables handled directly)
===   [log]      cudss_deterministic = true
===   [log]      augmented system
===   [log]      barrier_adaptive_regularization = on
===   [log]      full setup ran (reordering + symbolic factorization), so no cache reuse
======================================================================================================================
cuOpt version: 26.10.0, git hash: 648f805d, host arch: x86_64, device archs: 80-real
CPU: AMD EPYC 7642 48-Core Processor, threads: 5C/5T
CPU SIMD target: AVX2
CUDA 12.9, device: NVIDIA A100 80GB PCIe (ID 0), VRAM: 79.44 GiB
Problem has 1 quadratic constraints. Converting to second-order cones and solving with barrier.
Handling 50 free variables directly in augmented system
Presolved problem: 5103 constraints 10102 variables 265152 nonzeros
Skipping Ruiz equilibration (row norm ratio 1.4, column norm ratio 1.4 < 5e4, Q coeff ratio 1.0 < 100)
Barrier solver started at 0.030 seconds
Barrier solver: 5103 constraints, 10102 variables, 265152 nonzeros


Second-order cones          : 1
Free variables              : 50
Upper bounds                : 5000
Linear system               : augmented
cuDSS Version               : 0.7.1
cuDSS Threading layer       : libcudss_mtlayer_gomp.so.0
cuDSS solve mode            : deterministic
Reordering time             : 0.150s
Symbolic factorization time : 0.024s
Symbolic nonzeros in factor : 2.79e+05
Elapsed time for augmented  : 0.210 seconds
Elapsed time           : 0.210 seconds
Barrier setup complete at 0.210 seconds
Adaptive regularization enabled


                  Objective                         Infeasibility        Time
Iter   Primal              Dual                Primal   Dual    Compl.   Elapsed
  0   -3.703446513950e+02 -3.711178663113e+02 3.71e+03 1.91e+00 1.19e-02 0.211
  1   -4.136321702286e+00 -3.475393405900e+02 4.01e+01 2.77e-01 6.50e-02 0.254
  2   -1.039556751567e-01 -2.487508189108e+01 4.69e-01 7.85e-03 4.78e-03 0.297
  3   -5.494034060594e-02 -6.427665662362e-01 4.69e-03 7.91e-05 1.48e-04 0.339
  4   -5.852904425157e-02 -1.363010754395e-01 6.20e-04 1.04e-05 1.73e-05 0.382
  5   -6.681487729378e-02 -1.385031421503e-01 5.00e-04 8.42e-06 2.76e-05 0.424
  6   -6.831092183401e-02 -1.388298634827e-01 4.63e-04 7.81e-06 3.21e-05 0.467
  7   -8.086284039443e-02 -1.256456587907e-01 2.57e-04 4.33e-06 5.93e-05 0.509
  8   -8.098450779777e-02 -1.254734684064e-01 2.43e-04 4.10e-06 7.95e-05 0.551
  9   -8.293816684989e-02 -1.241478989640e-01 1.89e-04 3.24e-06 2.37e-04 0.594
 10   -8.299291672678e-02 -1.228180520332e-01 1.62e-04 2.79e-06 4.26e-04 0.637
 11   -9.152269889791e-02 -1.100085982273e-01 7.04e-05 1.19e-06 1.35e-04 0.679
 12   -9.228107698648e-02 -1.083504647621e-01 5.24e-05 9.00e-07 1.55e-04 0.721
 13   -9.625902545108e-02 -1.020978851533e-01 1.64e-05 2.66e-07 6.56e-05 0.764
 14   -9.647620659264e-02 -1.014307933905e-01 1.13e-05 1.94e-07 7.44e-05 0.806
 15   -9.756422092451e-02 -9.995310081749e-02 5.08e-06 8.08e-08 3.26e-05 0.848
 16   -9.783007542066e-02 -9.948036164662e-02 2.84e-06 5.39e-08 2.87e-05 0.891
 17   -9.826871014605e-02 -9.888090265878e-02 9.13e-07 9.97e-09 1.03e-05 0.934
 18   -9.837729186063e-02 -9.871183842084e-02 3.70e-07 9.05e-09 5.88e-06 0.976
 19   -9.848247835263e-02 -9.857837351341e-02 9.55e-08 7.79e-09 1.67e-06 1.019
 20   -9.851277182652e-02 -9.853778996816e-02 1.75e-08 8.47e-10 4.14e-07 1.061
 21   -9.852156240275e-02 -9.852716628387e-02 3.72e-09 7.54e-09 9.25e-08 1.104
 22   -9.852368435228e-02 -9.852448041668e-02 3.74e-10 6.71e-09 1.06e-08 1.146
 23   -9.852400131466e-02 -9.852410859845e-02 5.05e-11 2.34e-09 1.46e-09 1.189
 24   -9.852404835555e-02 -9.852405316593e-02 2.26e-12 3.62e-08 6.59e-11 1.232
 25   -9.852405051523e-02 -9.852405059929e-02 1.39e-14 2.42e-07 1.16e-12 1.274
 26   -9.852405055120e-02 -9.852405055658e-02 3.66e-15 6.34e-06 7.27e-14 1.316
 27   -9.852405055361e-02 -9.852405055389e-02 8.33e-16 7.60e-05 3.24e-15 1.358
Numerical error in objective
Restoring previous solution


Suboptimal solution found in 28 iterations and 1.40 seconds
Objective -9.85240013e-02
Primal infeasibility (abs/rel): 1.01e-10/5.05e-11
Dual infeasibility   (abs/rel): 2.58e-09/2.34e-09
Complementarity gap  (abs/rel): 1.60e-09/1.46e-09


Barrier finished in 1.40 seconds
Dual variables for problems with quadratic constraints not returned.


======================================================================================================================
=== [33/101] defaults_and_tuned_step_ir_cudssdet/step0.99_ir0-off_det1/default/cold/t18.log
----------------------------------------------------------------------------------------------------------------------
=== 27 iterations, 1.38s, restored objective -9.83788567e-02, series cold
=== peak dual infeasibility over the last 6 iterations 9.40e-04
=== SETTINGS
===   config     defaults_and_tuned_step_ir_cudssdet/step0.99_ir0-off_det1
===   [command]  python socp_resolve_benchmark/cuopt_socp_resolve_cache.py --configs default --cold-only --K 20 --step-scale 0.99 --ir 0 --bound-free-vars 0 --cudss-deterministic 1 --save-logs socp_resolve_benchmark/logs/defaults_and_tuned_step_ir_cudssdet/step0.99_ir0-off_det1
===   [family]   cold solves only; step scale, refinement mode and cuDSS determinism are the swept axes; bound_free_vars=0, initial point Automatic (SedumiMu on cones), everything else default
===   [log]      barrier_presolve_bound_free_variables = 0 (free variables handled directly)
===   [log]      cudss_deterministic = true
===   [log]      augmented system
===   [log]      barrier_adaptive_regularization = on
===   [log]      full setup ran (reordering + symbolic factorization), so no cache reuse
======================================================================================================================
cuOpt version: 26.10.0, git hash: 648f805d, host arch: x86_64, device archs: 80-real
CPU: AMD EPYC 7642 48-Core Processor, threads: 5C/5T
CPU SIMD target: AVX2
CUDA 12.9, device: NVIDIA A100 80GB PCIe (ID 0), VRAM: 79.44 GiB
Problem has 1 quadratic constraints. Converting to second-order cones and solving with barrier.
Handling 50 free variables directly in augmented system
Presolved problem: 5103 constraints 10102 variables 265152 nonzeros
Skipping Ruiz equilibration (row norm ratio 1.4, column norm ratio 1.4 < 5e4, Q coeff ratio 1.0 < 100)
Barrier solver started at 0.027 seconds
Barrier solver: 5103 constraints, 10102 variables, 265152 nonzeros


Second-order cones          : 1
Free variables              : 50
Upper bounds                : 5000
Linear system               : augmented
cuDSS Version               : 0.7.1
cuDSS Threading layer       : libcudss_mtlayer_gomp.so.0
cuDSS solve mode            : deterministic
Reordering time             : 0.169s
Symbolic factorization time : 0.023s
Symbolic nonzeros in factor : 2.79e+05
Elapsed time for augmented  : 0.227 seconds
Elapsed time           : 0.227 seconds
Barrier setup complete at 0.227 seconds
Adaptive regularization enabled


                  Objective                         Infeasibility        Time
Iter   Primal              Dual                Primal   Dual    Compl.   Elapsed
  0   -3.702964190560e+02 -3.711235215740e+02 3.71e+03 1.91e+00 1.19e-02 0.227
  1   -4.136200400721e+00 -3.475449712621e+02 4.01e+01 2.77e-01 6.50e-02 0.271
  2   -1.039156969553e-01 -2.487807213865e+01 4.69e-01 7.85e-03 4.78e-03 0.314
  3   -5.492703517647e-02 -6.425744591938e-01 4.69e-03 7.90e-05 1.47e-04 0.356
  4   -5.851160251072e-02 -1.363146725253e-01 6.20e-04 1.04e-05 1.74e-05 0.399
  5   -6.671505628442e-02 -1.384831474226e-01 4.99e-04 8.41e-06 2.78e-05 0.441
  6   -6.822898260485e-02 -1.387925707561e-01 4.62e-04 7.80e-06 3.77e-05 0.483
  7   -8.057549674187e-02 -1.255006001504e-01 2.60e-04 4.38e-06 7.74e-05 0.526
  8   -8.072006020274e-02 -1.253462813657e-01 2.45e-04 4.15e-06 6.95e-05 0.569
  9   -8.270685491561e-02 -1.240856624871e-01 1.91e-04 3.27e-06 2.25e-04 0.611
 10   -8.239300576737e-02 -1.230776300546e-01 1.70e-04 2.93e-06 4.87e-04 0.654
 11   -9.220856100004e-02 -1.088201401362e-01 6.13e-05 1.04e-06 1.34e-04 0.697
 12   -9.242052580053e-02 -1.075287156022e-01 4.54e-05 7.81e-07 2.34e-04 0.740
 13   -9.595318574499e-02 -1.021157627288e-01 1.55e-05 2.51e-07 1.02e-04 0.782
 14   -9.664462002006e-02 -1.007992150928e-01 8.31e-06 1.45e-07 9.18e-05 0.824
 15   -9.769669692151e-02 -9.939163053277e-02 3.13e-06 4.50e-08 3.32e-05 0.867
 16   -9.799074924321e-02 -9.890130489489e-02 1.27e-06 2.42e-08 2.02e-05 0.909
 17   -9.826339216453e-02 -9.853981777234e-02 3.52e-07 1.15e-08 6.06e-06 0.952
 18   -9.833736861816e-02 -9.843076699118e-02 7.76e-08 2.25e-09 1.76e-06 0.994
 19   -9.837017614816e-02 -9.839042505287e-02 1.61e-08 8.38e-09 3.84e-07 1.037
 20   -9.837783408004e-02 -9.838042569851e-02 1.27e-09 1.63e-09 3.69e-08 1.079
 21   -9.837885671237e-02 -9.837918972956e-02 1.63e-10 3.85e-09 4.79e-09 1.122
 22   -9.837899992051e-02 -9.837901664608e-02 1.56e-11 1.54e-08 2.27e-10 1.164
 23   -9.837900742854e-02 -9.837900792065e-02 4.73e-12 1.39e-07 4.74e-12 1.207
 24   -9.837900768183e-02 -9.837900773627e-02 9.81e-13 2.09e-06 3.52e-13 1.249
 25   -9.837900771779e-02 -9.837900772150e-02 9.67e-14 7.10e-05 1.38e-14 1.291
 26   -9.837900771866e-02 -9.837900772097e-02 8.04e-14 9.40e-04 1.58e-15 1.334
Numerical error in objective
Restoring previous solution


Suboptimal solution found in 27 iterations and 1.38 seconds
Objective -9.83788567e-02
Primal infeasibility (abs/rel): 3.25e-10/1.63e-10
Dual infeasibility   (abs/rel): 4.24e-09/3.85e-09
Complementarity gap  (abs/rel): 5.26e-09/4.79e-09


Barrier finished in 1.38 seconds
Dual variables for problems with quadratic constraints not returned.


======================================================================================================================
=== [34/101] defaults_and_tuned_step_ir_cudssdet/step0.99_ir0-off_det1/default/cold/t19.log
----------------------------------------------------------------------------------------------------------------------
=== 29 iterations, 1.43s, restored objective -9.86623868e-02, series cold
=== peak dual infeasibility over the last 6 iterations 7.74e-04
=== SETTINGS
===   config     defaults_and_tuned_step_ir_cudssdet/step0.99_ir0-off_det1
===   [command]  python socp_resolve_benchmark/cuopt_socp_resolve_cache.py --configs default --cold-only --K 20 --step-scale 0.99 --ir 0 --bound-free-vars 0 --cudss-deterministic 1 --save-logs socp_resolve_benchmark/logs/defaults_and_tuned_step_ir_cudssdet/step0.99_ir0-off_det1
===   [family]   cold solves only; step scale, refinement mode and cuDSS determinism are the swept axes; bound_free_vars=0, initial point Automatic (SedumiMu on cones), everything else default
===   [log]      barrier_presolve_bound_free_variables = 0 (free variables handled directly)
===   [log]      cudss_deterministic = true
===   [log]      augmented system
===   [log]      barrier_adaptive_regularization = on
===   [log]      full setup ran (reordering + symbolic factorization), so no cache reuse
======================================================================================================================
cuOpt version: 26.10.0, git hash: 648f805d, host arch: x86_64, device archs: 80-real
CPU: AMD EPYC 7642 48-Core Processor, threads: 5C/5T
CPU SIMD target: AVX2
CUDA 12.9, device: NVIDIA A100 80GB PCIe (ID 0), VRAM: 79.44 GiB
Problem has 1 quadratic constraints. Converting to second-order cones and solving with barrier.
Handling 50 free variables directly in augmented system
Presolved problem: 5103 constraints 10102 variables 265152 nonzeros
Skipping Ruiz equilibration (row norm ratio 1.4, column norm ratio 1.4 < 5e4, Q coeff ratio 1.0 < 100)
Barrier solver started at 0.027 seconds
Barrier solver: 5103 constraints, 10102 variables, 265152 nonzeros


Second-order cones          : 1
Free variables              : 50
Upper bounds                : 5000
Linear system               : augmented
cuDSS Version               : 0.7.1
cuDSS Threading layer       : libcudss_mtlayer_gomp.so.0
cuDSS solve mode            : deterministic
Reordering time             : 0.144s
Symbolic factorization time : 0.023s
Symbolic nonzeros in factor : 2.79e+05
Elapsed time for augmented  : 0.201 seconds
Elapsed time           : 0.201 seconds
Barrier setup complete at 0.201 seconds
Adaptive regularization enabled


                  Objective                         Infeasibility        Time
Iter   Primal              Dual                Primal   Dual    Compl.   Elapsed
  0   -3.704438282728e+02 -3.711104708303e+02 3.71e+03 1.91e+00 1.19e-02 0.202
  1   -4.139322660826e+00 -3.475321003753e+02 4.01e+01 2.77e-01 6.50e-02 0.245
  2   -1.040051644406e-01 -2.488690150420e+01 4.69e-01 7.85e-03 4.78e-03 0.288
  3   -5.496098289019e-02 -6.429065332874e-01 4.69e-03 7.91e-05 1.48e-04 0.330
  4   -5.855459135393e-02 -1.362808433944e-01 6.19e-04 1.04e-05 1.73e-05 0.373
  5   -6.665899681415e-02 -1.384240867124e-01 5.01e-04 8.44e-06 2.67e-05 0.416
  6   -6.830408322777e-02 -1.387647167776e-01 4.61e-04 7.79e-06 3.69e-05 0.458
  7   -8.178953741451e-02 -1.244189280559e-01 2.41e-04 4.06e-06 7.25e-05 0.501
  8   -8.204661500207e-02 -1.241616939448e-01 2.21e-04 3.74e-06 7.39e-05 0.543
  9   -8.363734485297e-02 -1.231272861888e-01 1.77e-04 3.03e-06 1.96e-04 0.586
 10   -8.574107505345e-02 -1.205816397810e-01 1.06e-04 1.82e-06 1.75e-04 0.628
 11   -8.728283334677e-02 -1.169578816974e-01 6.97e-05 1.22e-06 3.38e-04 0.670
 12   -9.491679248933e-02 -1.048368558171e-01 2.14e-05 3.40e-07 7.50e-05 0.712
 13   -9.573044240908e-02 -1.031982667552e-01 1.32e-05 2.24e-07 8.97e-05 0.755
 14   -9.610892023438e-02 -1.025840466739e-01 1.00e-05 1.84e-07 9.42e-05 0.797
 15   -9.721091402441e-02 -1.009344493433e-01 5.11e-06 8.87e-08 4.83e-05 0.840
 16   -9.738107260506e-02 -1.005139500601e-01 3.53e-06 7.06e-08 4.79e-05 0.882
 17   -9.813667975493e-02 -9.940610192293e-02 1.10e-06 1.51e-08 1.83e-05 0.924
 18   -9.834643828390e-02 -9.907976690461e-02 4.97e-07 1.44e-08 1.30e-05 0.966
 19   -9.856013296436e-02 -9.879917152297e-02 1.40e-07 6.76e-09 4.13e-06 1.009
 20   -9.863076642763e-02 -9.870228438685e-02 3.12e-08 2.27e-09 1.33e-06 1.051
 21   -9.865492272049e-02 -9.867237026987e-02 7.14e-09 7.89e-09 3.20e-07 1.093
 22   -9.866137833895e-02 -9.866393833533e-02 6.75e-10 2.30e-10 3.53e-08 1.136
 23   -9.866238683840e-02 -9.866273877447e-02 9.30e-11 3.51e-09 4.99e-09 1.179
 24   -9.866252416351e-02 -9.866257431292e-02 1.33e-11 1.26e-08 7.16e-10 1.222
 25   -9.866254602191e-02 -9.866254797094e-02 9.27e-13 2.00e-08 2.73e-11 1.264
 26   -9.866254686967e-02 -9.866254692517e-02 1.61e-13 2.30e-07 7.80e-13 1.307
 27   -9.866254689223e-02 -9.866254689422e-02 2.42e-14 9.84e-07 3.31e-14 1.349
 28   -9.866254689286e-02 -9.866254689284e-02 3.89e-15 7.74e-04 2.43e-15 1.392
Numerical error in objective
Restoring previous solution


Suboptimal solution found in 29 iterations and 1.43 seconds
Objective -9.86623868e-02
Primal infeasibility (abs/rel): 1.86e-10/9.30e-11
Dual infeasibility   (abs/rel): 3.87e-09/3.51e-09
Complementarity gap  (abs/rel): 5.48e-09/4.99e-09


Barrier finished in 1.44 seconds
Dual variables for problems with quadratic constraints not returned.


======================================================================================================================
=== [35/101] defaults_and_tuned_step_ir_cudssdet/step0.99_ir2-fixed_det1/default/cold/t02.log
----------------------------------------------------------------------------------------------------------------------
=== 22 iterations, 1.89s, restored objective -9.86678525e-02, series cold
=== peak dual infeasibility over the last 6 iterations 4.06e-06
=== SETTINGS
===   config     defaults_and_tuned_step_ir_cudssdet/step0.99_ir2-fixed_det1
===   [command]  python socp_resolve_benchmark/cuopt_socp_resolve_cache.py --configs default --cold-only --K 20 --step-scale 0.99 --ir 2 --bound-free-vars 0 --cudss-deterministic 1 --save-logs socp_resolve_benchmark/logs/defaults_and_tuned_step_ir_cudssdet/step0.99_ir2-fixed_det1
===   [family]   cold solves only; step scale, refinement mode and cuDSS determinism are the swept axes; bound_free_vars=0, initial point Automatic (SedumiMu on cones), everything else default
===   [log]      barrier_presolve_bound_free_variables = 0 (free variables handled directly)
===   [log]      cudss_deterministic = true
===   [log]      augmented system
===   [log]      barrier_adaptive_regularization = on
===   [log]      full setup ran (reordering + symbolic factorization), so no cache reuse
======================================================================================================================
cuOpt version: 26.10.0, git hash: 648f805d, host arch: x86_64, device archs: 80-real
CPU: AMD EPYC 7642 48-Core Processor, threads: 5C/5T
CPU SIMD target: AVX2
CUDA 12.9, device: NVIDIA A100 80GB PCIe (ID 0), VRAM: 79.44 GiB
Problem has 1 quadratic constraints. Converting to second-order cones and solving with barrier.
Handling 50 free variables directly in augmented system
Presolved problem: 5103 constraints 10102 variables 265152 nonzeros
Skipping Ruiz equilibration (row norm ratio 1.4, column norm ratio 1.4 < 5e4, Q coeff ratio 1.0 < 100)
Barrier solver started at 0.028 seconds
Barrier solver: 5103 constraints, 10102 variables, 265152 nonzeros


Second-order cones          : 1
Free variables              : 50
Upper bounds                : 5000
Linear system               : augmented
cuDSS Version               : 0.7.1
cuDSS Threading layer       : libcudss_mtlayer_gomp.so.0
cuDSS solve mode            : deterministic
Reordering time             : 0.057s
Symbolic factorization time : 0.024s
Symbolic nonzeros in factor : 2.79e+05
Elapsed time for augmented  : 0.115 seconds
Elapsed time           : 0.115 seconds
Barrier setup complete at 0.115 seconds
Adaptive regularization enabled


                  Objective                         Infeasibility        Time
Iter   Primal              Dual                Primal   Dual    Compl.   Elapsed
  0   -3.702509737108e+02 -3.710937010099e+02 3.71e+03 1.91e+00 1.19e-02 0.116
  1   -4.136273551275e+00 -3.475151614423e+02 4.01e+01 2.77e-01 6.50e-02 0.193
  2   -1.039317309374e-01 -2.487809478481e+01 4.69e-01 7.85e-03 4.78e-03 0.270
  3   -5.492858368113e-02 -6.426990422251e-01 4.69e-03 7.91e-05 1.48e-04 0.348
  4   -5.851315182353e-02 -1.366086835744e-01 6.22e-04 1.05e-05 1.74e-05 0.424
  5   -6.838223229968e-02 -1.390882897040e-01 4.75e-04 8.01e-06 3.90e-05 0.502
  6   -6.889375944982e-02 -1.392058504758e-01 4.61e-04 7.77e-06 4.13e-05 0.579
  7   -7.975791831894e-02 -1.309113998039e-01 2.43e-04 4.10e-06 1.01e-04 0.656
  8   -7.980229726651e-02 -1.306485102210e-01 2.26e-04 3.81e-06 2.65e-04 0.750
  9   -8.971816229064e-02 -1.146065054587e-01 6.32e-05 1.07e-06 2.28e-04 0.860
 10   -9.597467615401e-02 -1.029561655812e-01 1.59e-05 2.68e-07 4.93e-05 0.971
 11   -9.743912256997e-02 -1.006252772748e-01 6.14e-06 1.03e-07 1.11e-05 1.081
 12   -9.773434128877e-02 -9.994009810820e-02 2.94e-06 4.96e-08 2.50e-05 1.192
 13   -9.823232361799e-02 -9.925642937339e-02 9.33e-07 1.57e-08 9.49e-06 1.268
 14   -9.847052977468e-02 -9.892513135640e-02 3.52e-07 5.93e-09 8.06e-06 1.379
 15   -9.865602249686e-02 -9.868376464814e-02 2.08e-08 3.51e-10 3.92e-07 1.472
 16   -9.866785252719e-02 -9.866876999966e-02 6.85e-10 1.15e-11 6.06e-09 1.549
 17   -9.866820080769e-02 -9.866831873335e-02 8.61e-11 1.90e-09 6.55e-10 1.610
 18   -9.866824347305e-02 -9.866826218428e-02 1.12e-11 2.47e-10 6.03e-11 1.687
 19   -9.866825145269e-02 -9.866825230553e-02 4.90e-13 1.43e-07 6.39e-12 1.731
 20   -9.866825181740e-02 -9.866825184973e-02 2.90e-14 1.59e-07 2.47e-13 1.790
 21   -9.866825183102e-02 -9.866825183306e-02 1.61e-14 4.06e-06 1.26e-14 1.850
Numerical error in objective
Restoring previous solution


Suboptimal solution found in 22 iterations and 1.89 seconds
Objective -9.86678525e-02
Primal infeasibility (abs/rel): 1.37e-09/6.85e-10
Dual infeasibility   (abs/rel): 1.27e-11/1.15e-11
Complementarity gap  (abs/rel): 6.66e-09/6.06e-09


Barrier finished in 1.89 seconds
Dual variables for problems with quadratic constraints not returned.


======================================================================================================================
=== [36/101] defaults_and_tuned_step_ir_cudssdet/step0.99_ir2-fixed_det1/default/cold/t09.log
----------------------------------------------------------------------------------------------------------------------
=== 24 iterations, 2.1s, restored objective -9.83888352e-02, series cold
=== peak dual infeasibility over the last 6 iterations 5.17e-06
=== SETTINGS
===   config     defaults_and_tuned_step_ir_cudssdet/step0.99_ir2-fixed_det1
===   [command]  python socp_resolve_benchmark/cuopt_socp_resolve_cache.py --configs default --cold-only --K 20 --step-scale 0.99 --ir 2 --bound-free-vars 0 --cudss-deterministic 1 --save-logs socp_resolve_benchmark/logs/defaults_and_tuned_step_ir_cudssdet/step0.99_ir2-fixed_det1
===   [family]   cold solves only; step scale, refinement mode and cuDSS determinism are the swept axes; bound_free_vars=0, initial point Automatic (SedumiMu on cones), everything else default
===   [log]      barrier_presolve_bound_free_variables = 0 (free variables handled directly)
===   [log]      cudss_deterministic = true
===   [log]      augmented system
===   [log]      barrier_adaptive_regularization = on
===   [log]      full setup ran (reordering + symbolic factorization), so no cache reuse
======================================================================================================================
cuOpt version: 26.10.0, git hash: 648f805d, host arch: x86_64, device archs: 80-real
CPU: AMD EPYC 7642 48-Core Processor, threads: 5C/5T
CPU SIMD target: AVX2
CUDA 12.9, device: NVIDIA A100 80GB PCIe (ID 0), VRAM: 79.44 GiB
Problem has 1 quadratic constraints. Converting to second-order cones and solving with barrier.
Handling 50 free variables directly in augmented system
Presolved problem: 5103 constraints 10102 variables 265152 nonzeros
Skipping Ruiz equilibration (row norm ratio 1.4, column norm ratio 1.4 < 5e4, Q coeff ratio 1.0 < 100)
Barrier solver started at 0.030 seconds
Barrier solver: 5103 constraints, 10102 variables, 265152 nonzeros


Second-order cones          : 1
Free variables              : 50
Upper bounds                : 5000
Linear system               : augmented
cuDSS Version               : 0.7.1
cuDSS Threading layer       : libcudss_mtlayer_gomp.so.0
cuDSS solve mode            : deterministic
Reordering time             : 0.064s
Symbolic factorization time : 0.024s
Symbolic nonzeros in factor : 2.79e+05
Elapsed time for augmented  : 0.125 seconds
Elapsed time           : 0.125 seconds
Barrier setup complete at 0.125 seconds
Adaptive regularization enabled


                  Objective                         Infeasibility        Time
Iter   Primal              Dual                Primal   Dual    Compl.   Elapsed
  0   -3.702779911923e+02 -3.710340990992e+02 3.71e+03 1.91e+00 1.19e-02 0.126
  1   -4.137413965078e+00 -3.474555508912e+02 4.01e+01 2.77e-01 6.49e-02 0.271
  2   -1.039627881816e-01 -2.487502701009e+01 4.69e-01 7.85e-03 4.78e-03 0.348
  3   -5.494259749550e-02 -6.426390295563e-01 4.69e-03 7.91e-05 1.48e-04 0.424
  4   -5.853147883889e-02 -1.362046779096e-01 6.19e-04 1.04e-05 1.73e-05 0.501
  5   -6.730421862033e-02 -1.383594196594e-01 4.88e-04 8.22e-06 3.14e-05 0.578
  6   -6.898407367882e-02 -1.386008917935e-01 4.45e-04 7.50e-06 4.26e-05 0.654
  7   -8.252091792445e-02 -1.224963598017e-01 2.25e-04 3.80e-06 7.32e-05 0.731
  8   -8.268114831877e-02 -1.222822697900e-01 2.09e-04 3.53e-06 6.77e-05 0.825
  9   -8.383691468134e-02 -1.216691217209e-01 1.75e-04 2.95e-06 1.72e-04 0.936
 10   -8.546472972493e-02 -1.197750613714e-01 1.12e-04 1.88e-06 1.69e-04 1.029
 11   -8.753101193239e-02 -1.152999353120e-01 6.41e-05 1.08e-06 3.89e-04 1.139
 12   -9.549973566934e-02 -1.030620288393e-01 1.25e-05 2.11e-07 8.56e-05 1.216
 13   -9.695192115133e-02 -1.005109374794e-01 4.45e-06 7.49e-08 4.28e-05 1.326
 14   -9.798380792234e-02 -9.895345350765e-02 9.93e-07 1.67e-08 9.27e-06 1.420
 15   -9.830540480197e-02 -9.849455966006e-02 9.78e-08 1.65e-09 6.11e-07 1.513
 16   -9.836747571460e-02 -9.841452109516e-02 1.82e-08 3.06e-10 1.90e-07 1.607
 17   -9.838644827218e-02 -9.839174275559e-02 1.77e-09 2.99e-11 1.98e-08 1.684
 18   -9.838859214114e-02 -9.838915600039e-02 1.79e-10 3.01e-12 2.96e-09 1.761
 19   -9.838883521823e-02 -9.838886711972e-02 1.01e-11 1.73e-13 1.57e-10 1.837
 20   -9.838884914529e-02 -9.838885071358e-02 4.55e-13 1.11e-07 4.99e-12 1.880
 21   -9.838884978575e-02 -9.838884994727e-02 2.84e-13 4.61e-08 6.18e-13 1.940
 22   -9.838884986114e-02 -9.838884986680e-02 3.06e-14 1.61e-07 1.96e-14 1.999
 23   -9.838884986382e-02 -9.838884986438e-02 6.49e-15 5.17e-06 2.16e-15 2.059
Numerical error in objective
Restoring previous solution


Suboptimal solution found in 24 iterations and 2.10 seconds
Objective -9.83888352e-02
Primal infeasibility (abs/rel): 2.02e-11/1.01e-11
Dual infeasibility   (abs/rel): 1.91e-13/1.73e-13
Complementarity gap  (abs/rel): 1.72e-10/1.57e-10


Barrier finished in 2.10 seconds
Dual variables for problems with quadratic constraints not returned.


======================================================================================================================
=== [37/101] defaults_and_tuned_step_ir_cudssdet/step0.9_ir0-off_det0/default/cold/t00.log
----------------------------------------------------------------------------------------------------------------------
=== 32 iterations, 0.2s, restored objective -9.85632600e-02, series cold
=== peak dual infeasibility over the last 6 iterations 6.07e-03
=== SETTINGS
===   config     defaults_and_tuned_step_ir_cudssdet/step0.9_ir0-off_det0
===   [command]  python socp_resolve_benchmark/cuopt_socp_resolve_cache.py --configs default --cold-only --K 20 --step-scale 0.9 --ir 0 --bound-free-vars 0 --cudss-deterministic 0 --save-logs socp_resolve_benchmark/logs/defaults_and_tuned_step_ir_cudssdet/step0.9_ir0-off_det0
===   [family]   cold solves only; step scale, refinement mode and cuDSS determinism are the swept axes; bound_free_vars=0, initial point Automatic (SedumiMu on cones), everything else default
===   [log]      barrier_presolve_bound_free_variables = 0 (free variables handled directly)
===   [log]      cudss_deterministic = false (no deterministic solve mode printed)
===   [log]      augmented system
===   [log]      barrier_adaptive_regularization = on
===   [log]      full setup ran (reordering + symbolic factorization), so no cache reuse
======================================================================================================================
cuOpt version: 26.10.0, git hash: 648f805d, host arch: x86_64, device archs: 80-real
CPU: AMD EPYC 7642 48-Core Processor, threads: 5C/5T
CPU SIMD target: AVX2
CUDA 12.9, device: NVIDIA A100 80GB PCIe (ID 0), VRAM: 79.44 GiB
Problem has 1 quadratic constraints. Converting to second-order cones and solving with barrier.
Handling 50 free variables directly in augmented system
Presolved problem: 5103 constraints 10102 variables 265152 nonzeros
Skipping Ruiz equilibration (row norm ratio 1.4, column norm ratio 1.4 < 5e4, Q coeff ratio 1.0 < 100)
Barrier solver started at 0.023 seconds
Barrier solver: 5103 constraints, 10102 variables, 265152 nonzeros


Second-order cones          : 1
Free variables              : 50
Upper bounds                : 5000
Linear system               : augmented
cuDSS Version               : 0.7.1
cuDSS Threading layer       : libcudss_mtlayer_gomp.so.0
Reordering time             : 0.061s
Symbolic factorization time : 0.023s
Symbolic nonzeros in factor : 2.79e+05
Elapsed time for augmented  : 0.114 seconds
Elapsed time           : 0.114 seconds
Barrier setup complete at 0.114 seconds
Adaptive regularization enabled


                  Objective                         Infeasibility        Time
Iter   Primal              Dual                Primal   Dual    Compl.   Elapsed
  0   -3.703274138474e+02 -3.710708058040e+02 3.71e+03 1.91e+00 1.19e-02 0.114
  1   -3.742708496719e+01 -3.496357995050e+02 3.74e+02 7.84e-02 1.66e-02 0.117
  2   -3.889594816592e+00 -2.097606983932e+02 3.80e+01 4.70e-02 1.33e-02 0.120
  3   -4.431139960052e-01 -3.238533031927e+01 3.86e+00 5.32e-03 4.56e-03 0.122
  4   -9.289582850924e-02 -4.511250915579e+00 4.09e-01 5.68e-04 6.47e-04 0.125
  5   -5.629298400172e-02 -7.107154493814e-01 4.09e-02 5.69e-05 8.80e-05 0.128
  6   -5.678727193900e-02 -2.028275287533e-01 9.03e-03 1.26e-05 1.79e-05 0.130
  7   -6.884619880559e-02 -1.404952473172e-01 3.99e-03 5.55e-06 7.62e-06 0.133
  8   -7.267796119680e-02 -1.389769714672e-01 3.39e-03 4.73e-06 1.92e-05 0.136
  9   -7.595770942918e-02 -1.361987412063e-01 2.85e-03 3.99e-06 4.91e-05 0.138
 10   -7.855728859630e-02 -1.337716358269e-01 2.33e-03 3.29e-06 7.72e-05 0.141
 11   -8.243798704932e-02 -1.285172985889e-01 1.67e-03 2.37e-06 9.32e-05 0.144
 12   -8.282869520380e-02 -1.276117694085e-01 1.46e-03 2.10e-06 9.20e-05 0.146
 13   -8.683099991123e-02 -1.203241649081e-01 9.47e-04 1.36e-06 7.45e-05 0.149
 14   -8.957768288785e-02 -1.142880396593e-01 5.43e-04 7.93e-07 1.55e-04 0.152
 15   -9.497199746102e-02 -1.048279398960e-01 1.69e-04 2.50e-07 4.47e-05 0.154
 16   -9.688068921147e-02 -1.014701627223e-01 7.23e-05 1.08e-07 1.49e-05 0.157
 17   -9.772428289803e-02 -9.998853368402e-02 3.23e-05 4.81e-08 6.53e-06 0.160
 18   -9.817199660292e-02 -9.913626428051e-02 9.52e-06 2.00e-08 5.85e-06 0.163
 19   -9.846857204881e-02 -9.870089574465e-02 2.07e-06 4.55e-09 1.11e-06 0.165
 20   -9.854103085372e-02 -9.859620890577e-02 4.79e-07 4.59e-09 2.58e-07 0.168
 21   -9.856010381910e-02 -9.856885793586e-02 7.51e-08 2.93e-09 3.67e-08 0.171
 22   -9.856326004008e-02 -9.856435546088e-02 9.40e-09 3.27e-09 4.29e-09 0.174
 23   -9.856365760456e-02 -9.856378797178e-02 1.12e-09 2.48e-08 4.97e-10 0.176
 24   -9.856370502825e-02 -9.856372007856e-02 1.30e-10 2.78e-06 5.69e-11 0.179
 25   -9.856371046617e-02 -9.856371226109e-02 1.55e-11 5.06e-06 6.82e-12 0.182
 26   -9.856371112308e-02 -9.856371131419e-02 1.64e-12 6.24e-06 7.23e-13 0.184
 27   -9.856371119318e-02 -9.856371121351e-02 1.71e-13 5.15e-05 7.55e-14 0.187
 28   -9.856371120074e-02 -9.856371120290e-02 1.72e-14 2.95e-04 8.26e-15 0.190
 29   -9.856371120155e-02 -9.856371120187e-02 2.55e-15 3.10e-03 1.82e-15 0.192
 30   -9.856371120168e-02 -9.856371120172e-02 8.33e-16 6.07e-03 8.18e-16 0.195
 31   -9.856371120169e-02 -9.856371120172e-02 5.55e-16 4.43e-04 3.04e-17 0.198
Numerical error in objective
Restoring previous solution


Suboptimal solution found in 32 iterations and 0.20 seconds
Objective -9.85632600e-02
Primal infeasibility (abs/rel): 1.88e-08/9.40e-09
Dual infeasibility   (abs/rel): 3.60e-09/3.27e-09
Complementarity gap  (abs/rel): 4.72e-09/4.29e-09


Barrier finished in 0.20 seconds
Dual variables for problems with quadratic constraints not returned.


======================================================================================================================
=== [38/101] defaults_and_tuned_step_ir_cudssdet/step0.9_ir0-off_det0/default/cold/t01.log
----------------------------------------------------------------------------------------------------------------------
=== 30 iterations, 0.2s, restored objective -9.85078710e-02, series cold
=== peak dual infeasibility over the last 6 iterations 4.94e-03
=== SETTINGS
===   config     defaults_and_tuned_step_ir_cudssdet/step0.9_ir0-off_det0
===   [command]  python socp_resolve_benchmark/cuopt_socp_resolve_cache.py --configs default --cold-only --K 20 --step-scale 0.9 --ir 0 --bound-free-vars 0 --cudss-deterministic 0 --save-logs socp_resolve_benchmark/logs/defaults_and_tuned_step_ir_cudssdet/step0.9_ir0-off_det0
===   [family]   cold solves only; step scale, refinement mode and cuDSS determinism are the swept axes; bound_free_vars=0, initial point Automatic (SedumiMu on cones), everything else default
===   [log]      barrier_presolve_bound_free_variables = 0 (free variables handled directly)
===   [log]      cudss_deterministic = false (no deterministic solve mode printed)
===   [log]      augmented system
===   [log]      barrier_adaptive_regularization = on
===   [log]      full setup ran (reordering + symbolic factorization), so no cache reuse
======================================================================================================================
cuOpt version: 26.10.0, git hash: 648f805d, host arch: x86_64, device archs: 80-real
CPU: AMD EPYC 7642 48-Core Processor, threads: 5C/5T
CPU SIMD target: AVX2
CUDA 12.9, device: NVIDIA A100 80GB PCIe (ID 0), VRAM: 79.44 GiB
Problem has 1 quadratic constraints. Converting to second-order cones and solving with barrier.
Handling 50 free variables directly in augmented system
Presolved problem: 5103 constraints 10102 variables 265152 nonzeros
Skipping Ruiz equilibration (row norm ratio 1.4, column norm ratio 1.4 < 5e4, Q coeff ratio 1.0 < 100)
Barrier solver started at 0.025 seconds
Barrier solver: 5103 constraints, 10102 variables, 265152 nonzeros


Second-order cones          : 1
Free variables              : 50
Upper bounds                : 5000
Linear system               : augmented
cuDSS Version               : 0.7.1
cuDSS Threading layer       : libcudss_mtlayer_gomp.so.0
Reordering time             : 0.067s
Symbolic factorization time : 0.023s
Symbolic nonzeros in factor : 2.79e+05
Elapsed time for augmented  : 0.121 seconds
Elapsed time           : 0.121 seconds
Barrier setup complete at 0.121 seconds
Adaptive regularization enabled


                  Objective                         Infeasibility        Time
Iter   Primal              Dual                Primal   Dual    Compl.   Elapsed
  0   -3.701605598740e+02 -3.710234169387e+02 3.71e+03 1.91e+00 1.19e-02 0.122
  1   -3.741054734080e+01 -3.495882843009e+02 3.74e+02 7.84e-02 1.66e-02 0.125
  2   -3.887937424475e+00 -2.097219591183e+02 3.80e+01 4.70e-02 1.33e-02 0.127
  3   -4.429600752137e-01 -3.237980310993e+01 3.86e+00 5.32e-03 4.56e-03 0.130
  4   -9.287886646845e-02 -4.511798583334e+00 4.09e-01 5.69e-04 6.47e-04 0.133
  5   -5.627296277750e-02 -7.108185218742e-01 4.09e-02 5.69e-05 8.81e-05 0.135
  6   -5.675915965796e-02 -2.026243658415e-01 9.03e-03 1.26e-05 1.79e-05 0.138
  7   -6.888229907308e-02 -1.400990310207e-01 3.96e-03 5.52e-06 7.57e-06 0.141
  8   -7.287822199419e-02 -1.383136584512e-01 3.34e-03 4.67e-06 1.84e-05 0.143
  9   -7.610925389008e-02 -1.355459826934e-01 2.79e-03 3.92e-06 3.64e-05 0.146
 10   -8.087316552427e-02 -1.298397568936e-01 2.02e-03 2.84e-06 5.26e-05 0.149
 11   -8.196678110081e-02 -1.284888957276e-01 1.67e-03 2.38e-06 5.28e-05 0.151
 12   -8.703913264708e-02 -1.201270979454e-01 9.97e-04 1.42e-06 5.44e-05 0.154
 13   -8.777571445318e-02 -1.172967528276e-01 7.19e-04 1.04e-06 1.84e-04 0.157
 14   -9.271122818048e-02 -1.085897912393e-01 3.18e-04 4.64e-07 1.14e-04 0.159
 15   -9.553767874008e-02 -1.034395349242e-01 1.33e-04 1.95e-07 5.56e-05 0.162
 16   -9.738505411501e-02 -1.003410245941e-01 4.04e-05 5.48e-08 1.24e-05 0.165
 17   -9.798807218019e-02 -9.931110497914e-02 1.49e-05 1.89e-08 5.31e-06 0.167
 18   -9.829710909368e-02 -9.880448725178e-02 4.38e-06 8.44e-09 2.57e-06 0.170
 19   -9.847163773324e-02 -9.855906420319e-02 7.36e-07 4.22e-09 3.80e-07 0.173
 20   -9.850141216161e-02 -9.851729554079e-02 1.33e-07 4.95e-09 6.11e-08 0.176
 21   -9.850694710812e-02 -9.850952405918e-02 2.15e-08 5.26e-09 8.79e-09 0.178
 22   -9.850787104003e-02 -9.850822721030e-02 2.96e-09 5.43e-09 1.04e-09 0.181
 23   -9.850799867165e-02 -9.850804786364e-02 4.10e-10 8.39e-08 1.30e-10 0.184
 24   -9.850801607318e-02 -9.850802330173e-02 6.05e-11 2.55e-06 1.69e-11 0.186
 25   -9.850801862658e-02 -9.850801967705e-02 8.85e-12 2.32e-06 2.18e-12 0.189
 26   -9.850801899610e-02 -9.850801914672e-02 1.29e-12 1.73e-05 2.57e-13 0.192
 27   -9.850801904685e-02 -9.850801907214e-02 2.26e-13 5.05e-05 4.76e-14 0.194
 28   -9.850801905500e-02 -9.850801905942e-02 4.49e-14 8.55e-04 1.06e-14 0.197
 29   -9.850801905648e-02 -9.850801905667e-02 1.43e-14 4.94e-03 1.34e-15 0.200
Numerical error in objective
Restoring previous solution


Suboptimal solution found in 30 iterations and 0.20 seconds
Objective -9.85078710e-02
Primal infeasibility (abs/rel): 5.93e-09/2.96e-09
Dual infeasibility   (abs/rel): 5.98e-09/5.43e-09
Complementarity gap  (abs/rel): 1.14e-09/1.04e-09


Barrier finished in 0.20 seconds
Dual variables for problems with quadratic constraints not returned.


======================================================================================================================
=== [39/101] defaults_and_tuned_step_ir_cudssdet/step0.9_ir0-off_det0/default/cold/t02.log
----------------------------------------------------------------------------------------------------------------------
=== 30 iterations, 0.2s, restored objective -9.86681345e-02, series cold
=== peak dual infeasibility over the last 6 iterations 3.21e-03
=== SETTINGS
===   config     defaults_and_tuned_step_ir_cudssdet/step0.9_ir0-off_det0
===   [command]  python socp_resolve_benchmark/cuopt_socp_resolve_cache.py --configs default --cold-only --K 20 --step-scale 0.9 --ir 0 --bound-free-vars 0 --cudss-deterministic 0 --save-logs socp_resolve_benchmark/logs/defaults_and_tuned_step_ir_cudssdet/step0.9_ir0-off_det0
===   [family]   cold solves only; step scale, refinement mode and cuDSS determinism are the swept axes; bound_free_vars=0, initial point Automatic (SedumiMu on cones), everything else default
===   [log]      barrier_presolve_bound_free_variables = 0 (free variables handled directly)
===   [log]      cudss_deterministic = false (no deterministic solve mode printed)
===   [log]      augmented system
===   [log]      barrier_adaptive_regularization = on
===   [log]      full setup ran (reordering + symbolic factorization), so no cache reuse
======================================================================================================================
cuOpt version: 26.10.0, git hash: 648f805d, host arch: x86_64, device archs: 80-real
CPU: AMD EPYC 7642 48-Core Processor, threads: 5C/5T
CPU SIMD target: AVX2
CUDA 12.9, device: NVIDIA A100 80GB PCIe (ID 0), VRAM: 79.44 GiB
Problem has 1 quadratic constraints. Converting to second-order cones and solving with barrier.
Handling 50 free variables directly in augmented system
Presolved problem: 5103 constraints 10102 variables 265152 nonzeros
Skipping Ruiz equilibration (row norm ratio 1.4, column norm ratio 1.4 < 5e4, Q coeff ratio 1.0 < 100)
Barrier solver started at 0.027 seconds
Barrier solver: 5103 constraints, 10102 variables, 265152 nonzeros


Second-order cones          : 1
Free variables              : 50
Upper bounds                : 5000
Linear system               : augmented
cuDSS Version               : 0.7.1
cuDSS Threading layer       : libcudss_mtlayer_gomp.so.0
Reordering time             : 0.054s
Symbolic factorization time : 0.024s
Symbolic nonzeros in factor : 2.79e+05
Elapsed time for augmented  : 0.111 seconds
Elapsed time           : 0.111 seconds
Barrier setup complete at 0.111 seconds
Adaptive regularization enabled


                  Objective                         Infeasibility        Time
Iter   Primal              Dual                Primal   Dual    Compl.   Elapsed
  0   -3.702509737108e+02 -3.710937010099e+02 3.71e+03 1.91e+00 1.19e-02 0.112
  1   -3.741942826827e+01 -3.496586650455e+02 3.74e+02 7.84e-02 1.66e-02 0.115
  2   -3.888833825659e+00 -2.097808201870e+02 3.80e+01 4.70e-02 1.33e-02 0.117
  3   -4.430335905321e-01 -3.239045895079e+01 3.86e+00 5.32e-03 4.56e-03 0.120
  4   -9.288170297183e-02 -4.512561735762e+00 4.09e-01 5.69e-04 6.47e-04 0.123
  5   -5.627609639126e-02 -7.109288789536e-01 4.09e-02 5.69e-05 8.81e-05 0.125
  6   -5.676233471402e-02 -2.033124986385e-01 9.07e-03 1.26e-05 1.79e-05 0.128
  7   -6.873002758442e-02 -1.408716383385e-01 4.01e-03 5.58e-06 7.66e-06 0.131
  8   -7.285289489620e-02 -1.391244758322e-01 3.37e-03 4.70e-06 2.03e-05 0.138
  9   -7.477680037435e-02 -1.378568582525e-01 3.00e-03 4.20e-06 3.22e-05 0.140
 10   -7.901091909835e-02 -1.327269400343e-01 2.36e-03 3.32e-06 5.32e-05 0.143
 11   -8.004649005608e-02 -1.317322416361e-01 1.98e-03 2.81e-06 6.58e-05 0.146
 12   -8.661857291506e-02 -1.214058153960e-01 1.05e-03 1.49e-06 7.24e-05 0.149
 13   -8.936168847580e-02 -1.150097620397e-01 5.69e-04 8.13e-07 1.44e-04 0.151
 14   -9.415291723390e-02 -1.065992942408e-01 2.40e-04 3.47e-07 5.41e-05 0.154
 15   -9.632236653740e-02 -1.026847449751e-01 1.11e-04 1.63e-07 2.52e-05 0.157
 16   -9.750480175678e-02 -1.005528727314e-01 4.01e-05 5.72e-08 8.28e-06 0.159
 17   -9.814846259044e-02 -9.941995537906e-02 1.19e-05 2.19e-08 5.92e-06 0.162
 18   -9.847570343681e-02 -9.894412086897e-02 4.13e-06 3.78e-09 2.27e-06 0.165
 19   -9.862071413581e-02 -9.873463234595e-02 8.99e-07 4.12e-09 4.61e-07 0.167
 20   -9.865965761987e-02 -9.868014598727e-02 1.58e-07 3.08e-09 8.05e-08 0.170
 21   -9.866724162757e-02 -9.866965135254e-02 1.85e-08 3.69e-09 9.36e-09 0.173
 22   -9.866813445717e-02 -9.866841466786e-02 2.16e-09 4.95e-09 1.04e-09 0.176
 23   -9.866823895321e-02 -9.866826973828e-02 2.37e-10 9.74e-08 1.15e-10 0.178
 24   -9.866825028972e-02 -9.866825397288e-02 2.84e-11 4.42e-06 1.40e-11 0.181
 25   -9.866825166545e-02 -9.866825206010e-02 3.02e-12 3.23e-06 1.50e-12 0.184
 26   -9.866825181418e-02 -9.866825185542e-02 3.06e-13 2.70e-05 1.53e-13 0.186
 27   -9.866825182992e-02 -9.866825183462e-02 3.25e-14 1.57e-04 1.60e-14 0.189
 28   -9.866825183161e-02 -9.866825183265e-02 7.11e-15 1.24e-04 2.62e-15 0.192
 29   -9.866825183189e-02 -9.866825183238e-02 4.05e-15 3.21e-03 5.68e-16 0.194
Numerical error in objective
Restoring previous solution


Suboptimal solution found in 30 iterations and 0.20 seconds
Objective -9.86681345e-02
Primal infeasibility (abs/rel): 4.32e-09/2.16e-09
Dual infeasibility   (abs/rel): 5.46e-09/4.95e-09
Complementarity gap  (abs/rel): 1.14e-09/1.04e-09


Barrier finished in 0.20 seconds
Dual variables for problems with quadratic constraints not returned.


======================================================================================================================
=== [40/101] defaults_and_tuned_step_ir_cudssdet/step0.9_ir0-off_det0/default/cold/t04.log
----------------------------------------------------------------------------------------------------------------------
=== 30 iterations, 0.19s, restored objective -9.84924437e-02, series cold
=== peak dual infeasibility over the last 6 iterations 9.57e-03
=== SETTINGS
===   config     defaults_and_tuned_step_ir_cudssdet/step0.9_ir0-off_det0
===   [command]  python socp_resolve_benchmark/cuopt_socp_resolve_cache.py --configs default --cold-only --K 20 --step-scale 0.9 --ir 0 --bound-free-vars 0 --cudss-deterministic 0 --save-logs socp_resolve_benchmark/logs/defaults_and_tuned_step_ir_cudssdet/step0.9_ir0-off_det0
===   [family]   cold solves only; step scale, refinement mode and cuDSS determinism are the swept axes; bound_free_vars=0, initial point Automatic (SedumiMu on cones), everything else default
===   [log]      barrier_presolve_bound_free_variables = 0 (free variables handled directly)
===   [log]      cudss_deterministic = false (no deterministic solve mode printed)
===   [log]      augmented system
===   [log]      barrier_adaptive_regularization = on
===   [log]      full setup ran (reordering + symbolic factorization), so no cache reuse
======================================================================================================================
cuOpt version: 26.10.0, git hash: 648f805d, host arch: x86_64, device archs: 80-real
CPU: AMD EPYC 7642 48-Core Processor, threads: 5C/5T
CPU SIMD target: AVX2
CUDA 12.9, device: NVIDIA A100 80GB PCIe (ID 0), VRAM: 79.44 GiB
Problem has 1 quadratic constraints. Converting to second-order cones and solving with barrier.
Handling 50 free variables directly in augmented system
Presolved problem: 5103 constraints 10102 variables 265152 nonzeros
Skipping Ruiz equilibration (row norm ratio 1.4, column norm ratio 1.4 < 5e4, Q coeff ratio 1.0 < 100)
Barrier solver started at 0.026 seconds
Barrier solver: 5103 constraints, 10102 variables, 265152 nonzeros


Second-order cones          : 1
Free variables              : 50
Upper bounds                : 5000
Linear system               : augmented
cuDSS Version               : 0.7.1
cuDSS Threading layer       : libcudss_mtlayer_gomp.so.0
Reordering time             : 0.055s
Symbolic factorization time : 0.023s
Symbolic nonzeros in factor : 2.79e+05
Elapsed time for augmented  : 0.111 seconds
Elapsed time           : 0.111 seconds
Barrier setup complete at 0.111 seconds
Adaptive regularization enabled


                  Objective                         Infeasibility        Time
Iter   Primal              Dual                Primal   Dual    Compl.   Elapsed
  0   -3.702624119443e+02 -3.710387458059e+02 3.71e+03 1.91e+00 1.19e-02 0.111
  1   -3.742079804721e+01 -3.496036719200e+02 3.74e+02 7.84e-02 1.66e-02 0.114
  2   -3.888994022603e+00 -2.097346658145e+02 3.80e+01 4.70e-02 1.33e-02 0.117
  3   -4.430512193776e-01 -3.238077217722e+01 3.86e+00 5.32e-03 4.56e-03 0.120
  4   -9.288389521375e-02 -4.510664411851e+00 4.09e-01 5.68e-04 6.47e-04 0.122
  5   -5.628571701190e-02 -7.106213760306e-01 4.09e-02 5.69e-05 8.80e-05 0.125
  6   -5.677723460503e-02 -2.023843151475e-01 9.01e-03 1.25e-05 1.78e-05 0.128
  7   -6.888703836101e-02 -1.402318577696e-01 3.97e-03 5.53e-06 7.59e-06 0.130
  8   -7.323101055143e-02 -1.384589063175e-01 3.29e-03 4.59e-06 2.13e-05 0.133
  9   -7.617082048128e-02 -1.359066664438e-01 2.79e-03 3.91e-06 4.75e-05 0.136
 10   -8.013363842568e-02 -1.313974052494e-01 2.11e-03 2.98e-06 8.10e-05 0.138
 11   -8.114871510961e-02 -1.302550422596e-01 1.79e-03 2.55e-06 8.57e-05 0.141
 12   -8.613153433983e-02 -1.220822316049e-01 1.13e-03 1.62e-06 8.44e-05 0.144
 13   -8.658084074014e-02 -1.197338133589e-01 8.41e-04 1.22e-06 2.03e-04 0.146
 14   -9.079228224299e-02 -1.122952192899e-01 4.75e-04 6.93e-07 1.64e-04 0.149
 15   -9.473574880074e-02 -1.049139630629e-01 2.00e-04 2.94e-07 7.82e-05 0.152
 16   -9.673565769186e-02 -1.013424756980e-01 5.96e-05 8.34e-08 1.70e-05 0.154
 17   -9.765736694659e-02 -9.976409348763e-02 2.15e-05 3.07e-08 8.53e-06 0.157
 18   -9.807934990334e-02 -9.909375692023e-02 8.94e-06 1.37e-08 5.25e-06 0.160
 19   -9.838783227161e-02 -9.862800680338e-02 1.10e-06 2.36e-09 8.47e-07 0.162
 20   -9.846838450010e-02 -9.852428744048e-02 2.49e-07 3.14e-09 2.04e-07 0.165
 21   -9.848938262293e-02 -9.849739409405e-02 3.55e-08 4.30e-09 2.59e-08 0.168
 22   -9.849244373248e-02 -9.849347833439e-02 4.58e-09 3.56e-09 2.99e-09 0.171
 23   -9.849284646311e-02 -9.849296269161e-02 5.15e-10 2.30e-08 3.20e-10 0.173
 24   -9.849289214153e-02 -9.849290403607e-02 5.28e-11 2.99e-06 3.29e-11 0.176
 25   -9.849289681382e-02 -9.849289800767e-02 5.33e-12 8.12e-06 3.31e-12 0.179
 26   -9.849289728133e-02 -9.849289740051e-02 5.37e-13 2.22e-05 3.32e-13 0.181
 27   -9.849289732776e-02 -9.849289733951e-02 5.37e-14 1.79e-05 3.37e-14 0.184
 28   -9.849289733227e-02 -9.849289733342e-02 5.55e-15 3.86e-04 3.59e-15 0.187
 29   -9.849289733269e-02 -9.849289733279e-02 9.44e-16 9.57e-03 6.40e-16 0.189
Numerical error in objective
Restoring previous solution


Suboptimal solution found in 30 iterations and 0.19 seconds
Objective -9.84924437e-02
Primal infeasibility (abs/rel): 9.16e-09/4.58e-09
Dual infeasibility   (abs/rel): 3.92e-09/3.56e-09
Complementarity gap  (abs/rel): 3.29e-09/2.99e-09


Barrier finished in 0.19 seconds
Dual variables for problems with quadratic constraints not returned.


======================================================================================================================
=== [41/101] defaults_and_tuned_step_ir_cudssdet/step0.9_ir0-off_det0/default/cold/t05.log
----------------------------------------------------------------------------------------------------------------------
=== 32 iterations, 0.2s, restored objective -9.87543423e-02, series cold
=== peak dual infeasibility over the last 6 iterations 2.57e-02
=== SETTINGS
===   config     defaults_and_tuned_step_ir_cudssdet/step0.9_ir0-off_det0
===   [command]  python socp_resolve_benchmark/cuopt_socp_resolve_cache.py --configs default --cold-only --K 20 --step-scale 0.9 --ir 0 --bound-free-vars 0 --cudss-deterministic 0 --save-logs socp_resolve_benchmark/logs/defaults_and_tuned_step_ir_cudssdet/step0.9_ir0-off_det0
===   [family]   cold solves only; step scale, refinement mode and cuDSS determinism are the swept axes; bound_free_vars=0, initial point Automatic (SedumiMu on cones), everything else default
===   [log]      barrier_presolve_bound_free_variables = 0 (free variables handled directly)
===   [log]      cudss_deterministic = false (no deterministic solve mode printed)
===   [log]      augmented system
===   [log]      barrier_adaptive_regularization = on
===   [log]      full setup ran (reordering + symbolic factorization), so no cache reuse
======================================================================================================================
cuOpt version: 26.10.0, git hash: 648f805d, host arch: x86_64, device archs: 80-real
CPU: AMD EPYC 7642 48-Core Processor, threads: 5C/5T
CPU SIMD target: AVX2
CUDA 12.9, device: NVIDIA A100 80GB PCIe (ID 0), VRAM: 79.44 GiB
Problem has 1 quadratic constraints. Converting to second-order cones and solving with barrier.
Handling 50 free variables directly in augmented system
Presolved problem: 5103 constraints 10102 variables 265152 nonzeros
Skipping Ruiz equilibration (row norm ratio 1.4, column norm ratio 1.4 < 5e4, Q coeff ratio 1.0 < 100)
Barrier solver started at 0.027 seconds
Barrier solver: 5103 constraints, 10102 variables, 265152 nonzeros


Second-order cones          : 1
Free variables              : 50
Upper bounds                : 5000
Linear system               : augmented
cuDSS Version               : 0.7.1
cuDSS Threading layer       : libcudss_mtlayer_gomp.so.0
Reordering time             : 0.054s
Symbolic factorization time : 0.023s
Symbolic nonzeros in factor : 2.79e+05
Elapsed time for augmented  : 0.111 seconds
Elapsed time           : 0.111 seconds
Barrier setup complete at 0.111 seconds
Adaptive regularization enabled


                  Objective                         Infeasibility        Time
Iter   Primal              Dual                Primal   Dual    Compl.   Elapsed
  0   -3.704291987375e+02 -3.711395609108e+02 3.71e+03 1.91e+00 1.19e-02 0.112
  1   -3.743741833430e+01 -3.497046453170e+02 3.74e+02 7.84e-02 1.66e-02 0.114
  2   -3.890680466719e+00 -2.098194050829e+02 3.81e+01 4.70e-02 1.33e-02 0.117
  3   -4.432259691384e-01 -3.239729121725e+01 3.86e+00 5.32e-03 4.56e-03 0.120
  4   -9.291615002618e-02 -4.513183643194e+00 4.09e-01 5.69e-04 6.47e-04 0.122
  5   -5.629790146287e-02 -7.110357943642e-01 4.09e-02 5.69e-05 8.80e-05 0.125
  6   -5.678707106032e-02 -2.035525577529e-01 9.08e-03 1.26e-05 1.79e-05 0.128
  7   -6.872850704123e-02 -1.410848201021e-01 4.02e-03 5.60e-06 7.68e-06 0.131
  8   -7.252538552868e-02 -1.393039763356e-01 3.42e-03 4.78e-06 1.87e-05 0.133
  9   -7.579257366430e-02 -1.366866592893e-01 2.85e-03 4.00e-06 3.07e-05 0.136
 10   -8.100916977236e-02 -1.300791585753e-01 2.05e-03 2.89e-06 4.59e-05 0.139
 11   -8.218461841932e-02 -1.286200742605e-01 1.69e-03 2.40e-06 5.10e-05 0.141
 12   -8.767314193754e-02 -1.195230273766e-01 1.00e-03 1.43e-06 5.06e-05 0.144
 13   -8.858593073502e-02 -1.167187259626e-01 7.02e-04 1.01e-06 1.02e-04 0.147
 14   -9.161043932502e-02 -1.112761902055e-01 4.19e-04 6.13e-07 1.01e-04 0.149
 15   -9.478786627923e-02 -1.055162022247e-01 2.05e-04 3.03e-07 6.09e-05 0.152
 16   -9.695507974097e-02 -1.018354609013e-01 7.97e-05 1.14e-07 1.92e-05 0.155
 17   -9.767311743581e-02 -1.003901960679e-01 3.10e-05 4.90e-08 1.79e-05 0.157
 18   -9.823501211966e-02 -9.951410705150e-02 1.27e-05 1.90e-08 9.80e-06 0.160
 19   -9.862094076912e-02 -9.893677621898e-02 2.26e-06 3.23e-09 1.68e-06 0.163
 20   -9.871552377207e-02 -9.880696457521e-02 6.24e-07 2.97e-09 5.01e-07 0.165
 21   -9.874839065497e-02 -9.876249117834e-02 8.91e-08 3.05e-09 6.71e-08 0.168
 22   -9.875365425410e-02 -9.875550523031e-02 1.17e-08 3.40e-09 7.80e-09 0.171
 23   -9.875434225249e-02 -9.875459150144e-02 1.58e-09 5.69e-09 9.19e-10 0.174
 24   -9.875443453590e-02 -9.875446867413e-02 2.17e-10 2.46e-07 1.08e-10 0.176
 25   -9.875444708318e-02 -9.875445190189e-02 3.07e-11 6.79e-06 1.26e-11 0.179
 26   -9.875444884758e-02 -9.875444952329e-02 4.35e-12 6.05e-06 1.51e-12 0.182
 27   -9.875444909712e-02 -9.875444918068e-02 5.48e-13 1.76e-05 1.77e-13 0.184
 28   -9.875444912809e-02 -9.875444913660e-02 5.71e-14 3.02e-04 1.87e-14 0.187
 29   -9.875444913112e-02 -9.875444913204e-02 6.77e-15 1.18e-03 2.38e-15 0.190
 30   -9.875444913138e-02 -9.875444913162e-02 1.78e-15 2.57e-02 8.76e-16 0.192
 31   -9.875444913144e-02 -9.875444913152e-02 5.55e-16 1.89e-02 3.62e-16 0.195
Numerical error in objective
Restoring previous solution


Suboptimal solution found in 32 iterations and 0.20 seconds
Objective -9.87543423e-02
Primal infeasibility (abs/rel): 3.16e-09/1.58e-09
Dual infeasibility   (abs/rel): 6.27e-09/5.69e-09
Complementarity gap  (abs/rel): 1.01e-09/9.19e-10


Barrier finished in 0.20 seconds
Dual variables for problems with quadratic constraints not returned.


======================================================================================================================
=== [42/101] defaults_and_tuned_step_ir_cudssdet/step0.9_ir0-off_det0/default/cold/t06.log
----------------------------------------------------------------------------------------------------------------------
=== 30 iterations, 0.19s, restored objective -9.84738454e-02, series cold
=== peak dual infeasibility over the last 6 iterations 2.50e-03
=== SETTINGS
===   config     defaults_and_tuned_step_ir_cudssdet/step0.9_ir0-off_det0
===   [command]  python socp_resolve_benchmark/cuopt_socp_resolve_cache.py --configs default --cold-only --K 20 --step-scale 0.9 --ir 0 --bound-free-vars 0 --cudss-deterministic 0 --save-logs socp_resolve_benchmark/logs/defaults_and_tuned_step_ir_cudssdet/step0.9_ir0-off_det0
===   [family]   cold solves only; step scale, refinement mode and cuDSS determinism are the swept axes; bound_free_vars=0, initial point Automatic (SedumiMu on cones), everything else default
===   [log]      barrier_presolve_bound_free_variables = 0 (free variables handled directly)
===   [log]      cudss_deterministic = false (no deterministic solve mode printed)
===   [log]      augmented system
===   [log]      barrier_adaptive_regularization = on
===   [log]      full setup ran (reordering + symbolic factorization), so no cache reuse
======================================================================================================================
cuOpt version: 26.10.0, git hash: 648f805d, host arch: x86_64, device archs: 80-real
CPU: AMD EPYC 7642 48-Core Processor, threads: 5C/5T
CPU SIMD target: AVX2
CUDA 12.9, device: NVIDIA A100 80GB PCIe (ID 0), VRAM: 79.44 GiB
Problem has 1 quadratic constraints. Converting to second-order cones and solving with barrier.
Handling 50 free variables directly in augmented system
Presolved problem: 5103 constraints 10102 variables 265152 nonzeros
Skipping Ruiz equilibration (row norm ratio 1.4, column norm ratio 1.4 < 5e4, Q coeff ratio 1.0 < 100)
Barrier solver started at 0.027 seconds
Barrier solver: 5103 constraints, 10102 variables, 265152 nonzeros


Second-order cones          : 1
Free variables              : 50
Upper bounds                : 5000
Linear system               : augmented
cuDSS Version               : 0.7.1
cuDSS Threading layer       : libcudss_mtlayer_gomp.so.0
Reordering time             : 0.054s
Symbolic factorization time : 0.023s
Symbolic nonzeros in factor : 2.79e+05
Elapsed time for augmented  : 0.111 seconds
Elapsed time           : 0.111 seconds
Barrier setup complete at 0.111 seconds
Adaptive regularization enabled


                  Objective                         Infeasibility        Time
Iter   Primal              Dual                Primal   Dual    Compl.   Elapsed
  0   -3.704490508896e+02 -3.710981922775e+02 3.71e+03 1.91e+00 1.19e-02 0.111
  1   -3.743964467621e+01 -3.496632394489e+02 3.74e+02 7.84e-02 1.66e-02 0.114
  2   -3.890973967297e+00 -2.097851600000e+02 3.80e+01 4.70e-02 1.33e-02 0.117
  3   -4.433049755011e-01 -3.239282439934e+01 3.86e+00 5.32e-03 4.56e-03 0.120
  4   -9.294831972287e-02 -4.513914902659e+00 4.09e-01 5.69e-04 6.48e-04 0.122
  5   -5.630835787080e-02 -7.111924365117e-01 4.09e-02 5.69e-05 8.82e-05 0.125
  6   -5.679488030631e-02 -2.026136032093e-01 9.02e-03 1.26e-05 1.79e-05 0.128
  7   -6.896530079878e-02 -1.398856224641e-01 3.95e-03 5.50e-06 7.54e-06 0.130
  8   -7.265414226347e-02 -1.383512925681e-01 3.39e-03 4.74e-06 1.52e-05 0.133
  9   -7.517423330882e-02 -1.367378144598e-01 2.94e-03 4.12e-06 3.18e-05 0.136
 10   -8.010500245683e-02 -1.310526189385e-01 2.18e-03 3.07e-06 5.61e-05 0.138
 11   -8.097107730753e-02 -1.301714529264e-01 1.87e-03 2.66e-06 6.37e-05 0.141
 12   -8.583611916427e-02 -1.223433678801e-01 1.22e-03 1.74e-06 6.63e-05 0.144
 13   -8.644708010741e-02 -1.199860194762e-01 9.35e-04 1.35e-06 1.63e-04 0.146
 14   -9.130500778378e-02 -1.112989507801e-01 4.56e-04 6.64e-07 1.28e-04 0.149
 15   -9.468300008943e-02 -1.049463261080e-01 1.98e-04 2.90e-07 7.18e-05 0.152
 16   -9.695715769294e-02 -1.010557051868e-01 6.64e-05 9.21e-08 1.77e-05 0.154
 17   -9.770226951119e-02 -9.967226093056e-02 2.37e-05 3.29e-08 8.18e-06 0.157
 18   -9.815207495308e-02 -9.892737728611e-02 6.96e-06 1.32e-08 4.43e-06 0.160
 19   -9.841130576576e-02 -9.856112291913e-02 1.20e-06 4.48e-09 6.72e-07 0.162
 20   -9.846151515759e-02 -9.849169114996e-02 2.40e-07 5.11e-09 1.18e-07 0.165
 21   -9.847187954669e-02 -9.847734134264e-02 4.29e-08 3.48e-09 1.83e-08 0.168
 22   -9.847384543931e-02 -9.847463019784e-02 6.13e-09 3.95e-09 2.26e-09 0.171
 23   -9.847412770453e-02 -9.847424165789e-02 8.91e-10 3.73e-08 2.98e-10 0.173
 24   -9.847416898668e-02 -9.847418478564e-02 1.24e-10 2.10e-06 3.84e-11 0.176
 25   -9.847417482665e-02 -9.847417671913e-02 1.48e-11 1.56e-06 4.48e-12 0.179
 26   -9.847417553611e-02 -9.847417573399e-02 1.55e-12 4.11e-06 4.76e-13 0.181
 27   -9.847417561021e-02 -9.847417563081e-02 1.58e-13 3.58e-06 4.82e-14 0.184
 28   -9.847417561790e-02 -9.847417562031e-02 1.81e-14 2.51e-04 4.93e-15 0.187
 29   -9.847417561875e-02 -9.847417561927e-02 4.00e-15 2.50e-03 8.07e-16 0.189
Numerical error in objective
Restoring previous solution


Suboptimal solution found in 30 iterations and 0.19 seconds
Objective -9.84738454e-02
Primal infeasibility (abs/rel): 1.23e-08/6.13e-09
Dual infeasibility   (abs/rel): 4.35e-09/3.95e-09
Complementarity gap  (abs/rel): 2.48e-09/2.26e-09


Barrier finished in 0.19 seconds
Dual variables for problems with quadratic constraints not returned.


======================================================================================================================
=== [43/101] defaults_and_tuned_step_ir_cudssdet/step0.9_ir0-off_det0/default/cold/t08.log
----------------------------------------------------------------------------------------------------------------------
=== 32 iterations, 0.21s, restored objective -9.87074098e-02, series cold
=== peak dual infeasibility over the last 6 iterations 2.69e-02
=== SETTINGS
===   config     defaults_and_tuned_step_ir_cudssdet/step0.9_ir0-off_det0
===   [command]  python socp_resolve_benchmark/cuopt_socp_resolve_cache.py --configs default --cold-only --K 20 --step-scale 0.9 --ir 0 --bound-free-vars 0 --cudss-deterministic 0 --save-logs socp_resolve_benchmark/logs/defaults_and_tuned_step_ir_cudssdet/step0.9_ir0-off_det0
===   [family]   cold solves only; step scale, refinement mode and cuDSS determinism are the swept axes; bound_free_vars=0, initial point Automatic (SedumiMu on cones), everything else default
===   [log]      barrier_presolve_bound_free_variables = 0 (free variables handled directly)
===   [log]      cudss_deterministic = false (no deterministic solve mode printed)
===   [log]      augmented system
===   [log]      barrier_adaptive_regularization = on
===   [log]      full setup ran (reordering + symbolic factorization), so no cache reuse
======================================================================================================================
cuOpt version: 26.10.0, git hash: 648f805d, host arch: x86_64, device archs: 80-real
CPU: AMD EPYC 7642 48-Core Processor, threads: 5C/5T
CPU SIMD target: AVX2
CUDA 12.9, device: NVIDIA A100 80GB PCIe (ID 0), VRAM: 79.44 GiB
Problem has 1 quadratic constraints. Converting to second-order cones and solving with barrier.
Handling 50 free variables directly in augmented system
Presolved problem: 5103 constraints 10102 variables 265152 nonzeros
Skipping Ruiz equilibration (row norm ratio 1.4, column norm ratio 1.4 < 5e4, Q coeff ratio 1.0 < 100)
Barrier solver started at 0.024 seconds
Barrier solver: 5103 constraints, 10102 variables, 265152 nonzeros


Second-order cones          : 1
Free variables              : 50
Upper bounds                : 5000
Linear system               : augmented
cuDSS Version               : 0.7.1
cuDSS Threading layer       : libcudss_mtlayer_gomp.so.0
Reordering time             : 0.068s
Symbolic factorization time : 0.023s
Symbolic nonzeros in factor : 2.79e+05
Elapsed time for augmented  : 0.122 seconds
Elapsed time           : 0.122 seconds
Barrier setup complete at 0.122 seconds
Adaptive regularization enabled


                  Objective                         Infeasibility        Time
Iter   Primal              Dual                Primal   Dual    Compl.   Elapsed
  0   -3.704472534989e+02 -3.711214143411e+02 3.71e+03 1.91e+00 1.19e-02 0.122
  1   -3.743997028121e+01 -3.496865432605e+02 3.74e+02 7.84e-02 1.66e-02 0.125
  2   -3.891133613773e+00 -2.098064524980e+02 3.81e+01 4.70e-02 1.33e-02 0.128
  3   -4.433011182896e-01 -3.239671034166e+01 3.86e+00 5.32e-03 4.56e-03 0.131
  4   -9.293283277170e-02 -4.513403583657e+00 4.09e-01 5.69e-04 6.47e-04 0.133
  5   -5.630477145564e-02 -7.110955420252e-01 4.09e-02 5.69e-05 8.81e-05 0.136
  6   -5.679523438668e-02 -2.032839848313e-01 9.06e-03 1.26e-05 1.79e-05 0.139
  7   -6.871418672827e-02 -1.414513380335e-01 4.05e-03 5.63e-06 7.73e-06 0.141
  8   -7.377610394814e-02 -1.394729724076e-01 3.22e-03 4.50e-06 3.02e-05 0.144
  9   -7.665736545807e-02 -1.368575926576e-01 2.70e-03 3.78e-06 6.72e-05 0.147
 10   -8.148243627446e-02 -1.304695263950e-01 1.94e-03 2.73e-06 1.02e-04 0.149
 11   -8.291265677563e-02 -1.284853174609e-01 1.54e-03 2.19e-06 1.04e-04 0.152
 12   -8.626720035984e-02 -1.226809675751e-01 1.06e-03 1.51e-06 9.58e-05 0.155
 13   -8.645950945386e-02 -1.210435008285e-01 8.77e-04 1.27e-06 1.56e-04 0.157
 14   -9.101311217334e-02 -1.126436047286e-01 4.23e-04 6.24e-07 1.42e-04 0.160
 15   -9.490340861839e-02 -1.052734032957e-01 1.84e-04 2.73e-07 8.03e-05 0.163
 16   -9.715472349720e-02 -1.014316410946e-01 6.74e-05 9.45e-08 2.10e-05 0.166
 17   -9.773790742165e-02 -1.002758290510e-01 3.26e-05 4.73e-08 1.55e-05 0.168
 18   -9.832286205229e-02 -9.927577849046e-02 9.19e-06 1.29e-08 5.81e-06 0.171
 19   -9.862396310350e-02 -9.882770464333e-02 1.77e-06 2.47e-09 9.41e-07 0.174
 20   -9.869309568906e-02 -9.872847157987e-02 3.00e-07 2.75e-09 1.37e-07 0.176
 21   -9.870555160318e-02 -9.871075467124e-02 4.40e-08 4.31e-09 1.73e-08 0.179
 22   -9.870740981893e-02 -9.870811684733e-02 5.97e-09 8.14e-10 2.08e-09 0.182
 23   -9.870766535046e-02 -9.870775363080e-02 7.47e-10 6.78e-08 2.36e-10 0.184
 24   -9.870769701807e-02 -9.870770848368e-02 9.71e-11 2.53e-06 2.63e-11 0.187
 25   -9.870770103176e-02 -9.870770274431e-02 1.45e-11 3.30e-06 3.06e-12 0.190
 26   -9.870770160687e-02 -9.870770191966e-02 2.65e-12 3.00e-06 6.57e-13 0.192
 27   -9.870770170744e-02 -9.870770177509e-02 5.66e-13 4.69e-05 1.69e-13 0.195
 28   -9.870770172798e-02 -9.870770174551e-02 1.43e-13 1.59e-04 4.64e-14 0.198
 29   -9.870770173352e-02 -9.870770173753e-02 3.13e-14 6.13e-03 1.07e-14 0.200
 30   -9.870770173427e-02 -9.870770173643e-02 1.55e-14 9.70e-04 5.24e-15 0.203
 31   -9.870770173478e-02 -9.870770173568e-02 5.77e-15 2.69e-02 1.83e-15 0.206
Numerical error in objective
Restoring previous solution


Suboptimal solution found in 32 iterations and 0.21 seconds
Objective -9.87074098e-02
Primal infeasibility (abs/rel): 1.19e-08/5.97e-09
Dual infeasibility   (abs/rel): 8.97e-10/8.14e-10
Complementarity gap  (abs/rel): 2.29e-09/2.08e-09


Barrier finished in 0.21 seconds
Dual variables for problems with quadratic constraints not returned.


======================================================================================================================
=== [44/101] defaults_and_tuned_step_ir_cudssdet/step0.9_ir0-off_det0/default/cold/t09.log
----------------------------------------------------------------------------------------------------------------------
=== 30 iterations, 0.19s, restored objective -9.83883764e-02, series cold
=== peak dual infeasibility over the last 6 iterations 1.84e-03
=== SETTINGS
===   config     defaults_and_tuned_step_ir_cudssdet/step0.9_ir0-off_det0
===   [command]  python socp_resolve_benchmark/cuopt_socp_resolve_cache.py --configs default --cold-only --K 20 --step-scale 0.9 --ir 0 --bound-free-vars 0 --cudss-deterministic 0 --save-logs socp_resolve_benchmark/logs/defaults_and_tuned_step_ir_cudssdet/step0.9_ir0-off_det0
===   [family]   cold solves only; step scale, refinement mode and cuDSS determinism are the swept axes; bound_free_vars=0, initial point Automatic (SedumiMu on cones), everything else default
===   [log]      barrier_presolve_bound_free_variables = 0 (free variables handled directly)
===   [log]      cudss_deterministic = false (no deterministic solve mode printed)
===   [log]      augmented system
===   [log]      barrier_adaptive_regularization = on
===   [log]      full setup ran (reordering + symbolic factorization), so no cache reuse
======================================================================================================================
cuOpt version: 26.10.0, git hash: 648f805d, host arch: x86_64, device archs: 80-real
CPU: AMD EPYC 7642 48-Core Processor, threads: 5C/5T
CPU SIMD target: AVX2
CUDA 12.9, device: NVIDIA A100 80GB PCIe (ID 0), VRAM: 79.44 GiB
Problem has 1 quadratic constraints. Converting to second-order cones and solving with barrier.
Handling 50 free variables directly in augmented system
Presolved problem: 5103 constraints 10102 variables 265152 nonzeros
Skipping Ruiz equilibration (row norm ratio 1.4, column norm ratio 1.4 < 5e4, Q coeff ratio 1.0 < 100)
Barrier solver started at 0.027 seconds
Barrier solver: 5103 constraints, 10102 variables, 265152 nonzeros


Second-order cones          : 1
Free variables              : 50
Upper bounds                : 5000
Linear system               : augmented
cuDSS Version               : 0.7.1
cuDSS Threading layer       : libcudss_mtlayer_gomp.so.0
Reordering time             : 0.054s
Symbolic factorization time : 0.024s
Symbolic nonzeros in factor : 2.79e+05
Elapsed time for augmented  : 0.111 seconds
Elapsed time           : 0.111 seconds
Barrier setup complete at 0.111 seconds
Adaptive regularization enabled


                  Objective                         Infeasibility        Time
Iter   Primal              Dual                Primal   Dual    Compl.   Elapsed
  0   -3.702779911923e+02 -3.710340990992e+02 3.71e+03 1.91e+00 1.19e-02 0.112
  1   -3.742292114291e+01 -3.495990552830e+02 3.74e+02 7.84e-02 1.66e-02 0.114
  2   -3.889384317015e+00 -2.097327989232e+02 3.80e+01 4.70e-02 1.33e-02 0.117
  3   -4.430960190899e-01 -3.238133792625e+01 3.86e+00 5.32e-03 4.56e-03 0.120
  4   -9.289011895926e-02 -4.510661990832e+00 4.09e-01 5.68e-04 6.47e-04 0.123
  5   -5.628863688609e-02 -7.106311915414e-01 4.09e-02 5.69e-05 8.80e-05 0.125
  6   -5.677850734688e-02 -2.029428521468e-01 9.04e-03 1.26e-05 1.79e-05 0.128
  7   -6.877281551745e-02 -1.406256974815e-01 4.00e-03 5.57e-06 7.64e-06 0.131
  8   -7.302451177081e-02 -1.387466998274e-01 3.31e-03 4.61e-06 2.33e-05 0.133
  9   -7.655453544614e-02 -1.353543153957e-01 2.71e-03 3.80e-06 5.34e-05 0.136
 10   -8.076390317047e-02 -1.302517162308e-01 2.00e-03 2.81e-06 7.65e-05 0.139
 11   -8.202070357097e-02 -1.286292256403e-01 1.65e-03 2.34e-06 7.72e-05 0.141
 12   -8.588661838041e-02 -1.221373795684e-01 1.12e-03 1.60e-06 7.21e-05 0.144
 13   -8.618591519723e-02 -1.205838266455e-01 9.23e-04 1.34e-06 1.19e-04 0.147
 14   -9.029766721145e-02 -1.130146605262e-01 4.98e-04 7.31e-07 1.12e-04 0.149
 15   -9.408563323413e-02 -1.058294172521e-01 2.31e-04 3.42e-07 7.25e-05 0.152
 16   -9.644060168866e-02 -1.017414387615e-01 8.51e-05 1.20e-07 2.08e-05 0.155
 17   -9.738363064910e-02 -9.984895367502e-02 2.27e-05 3.69e-08 1.33e-05 0.157
 18   -9.794097916296e-02 -9.902805033132e-02 9.28e-06 1.39e-08 7.00e-06 0.160
 19   -9.822795138337e-02 -9.860314581388e-02 2.30e-06 2.42e-09 2.19e-06 0.163
 20   -9.835886376107e-02 -9.842827955234e-02 4.02e-07 3.10e-09 3.65e-07 0.165
 21   -9.838495009919e-02 -9.839397449900e-02 5.22e-08 3.19e-09 4.28e-08 0.168
 22   -9.838837642764e-02 -9.838947271149e-02 6.35e-09 4.63e-09 4.79e-09 0.171
 23   -9.838879414065e-02 -9.838892333311e-02 7.49e-10 5.14e-09 5.27e-10 0.174
 24   -9.838884337909e-02 -9.838885845406e-02 8.75e-11 1.34e-06 5.74e-11 0.176
 25   -9.838884908264e-02 -9.838885090985e-02 1.07e-11 7.00e-06 6.26e-12 0.179
 26   -9.838884977384e-02 -9.838884998801e-02 1.27e-12 2.59e-06 6.77e-13 0.182
 27   -9.838884985520e-02 -9.838884987703e-02 1.32e-13 2.83e-05 7.01e-14 0.184
 28   -9.838884986330e-02 -9.838884986546e-02 1.30e-14 2.51e-04 7.58e-15 0.187
 29   -9.838884986408e-02 -9.838884986430e-02 1.55e-15 1.84e-03 1.05e-15 0.190
Numerical error in objective
Restoring previous solution


Suboptimal solution found in 30 iterations and 0.19 seconds
Objective -9.83883764e-02
Primal infeasibility (abs/rel): 1.27e-08/6.35e-09
Dual infeasibility   (abs/rel): 5.09e-09/4.63e-09
Complementarity gap  (abs/rel): 5.26e-09/4.79e-09


Barrier finished in 0.19 seconds
Dual variables for problems with quadratic constraints not returned.


======================================================================================================================
=== [45/101] defaults_and_tuned_step_ir_cudssdet/step0.9_ir0-off_det0/default/cold/t10.log
----------------------------------------------------------------------------------------------------------------------
=== 31 iterations, 0.19s, restored objective -9.85668043e-02, series cold
=== peak dual infeasibility over the last 6 iterations 3.78e-02
=== SETTINGS
===   config     defaults_and_tuned_step_ir_cudssdet/step0.9_ir0-off_det0
===   [command]  python socp_resolve_benchmark/cuopt_socp_resolve_cache.py --configs default --cold-only --K 20 --step-scale 0.9 --ir 0 --bound-free-vars 0 --cudss-deterministic 0 --save-logs socp_resolve_benchmark/logs/defaults_and_tuned_step_ir_cudssdet/step0.9_ir0-off_det0
===   [family]   cold solves only; step scale, refinement mode and cuDSS determinism are the swept axes; bound_free_vars=0, initial point Automatic (SedumiMu on cones), everything else default
===   [log]      barrier_presolve_bound_free_variables = 0 (free variables handled directly)
===   [log]      cudss_deterministic = false (no deterministic solve mode printed)
===   [log]      augmented system
===   [log]      barrier_adaptive_regularization = on
===   [log]      full setup ran (reordering + symbolic factorization), so no cache reuse
======================================================================================================================
cuOpt version: 26.10.0, git hash: 648f805d, host arch: x86_64, device archs: 80-real
CPU: AMD EPYC 7642 48-Core Processor, threads: 5C/5T
CPU SIMD target: AVX2
CUDA 12.9, device: NVIDIA A100 80GB PCIe (ID 0), VRAM: 79.44 GiB
Problem has 1 quadratic constraints. Converting to second-order cones and solving with barrier.
Handling 50 free variables directly in augmented system
Presolved problem: 5103 constraints 10102 variables 265152 nonzeros
Skipping Ruiz equilibration (row norm ratio 1.4, column norm ratio 1.4 < 5e4, Q coeff ratio 1.0 < 100)
Barrier solver started at 0.027 seconds
Barrier solver: 5103 constraints, 10102 variables, 265152 nonzeros


Second-order cones          : 1
Free variables              : 50
Upper bounds                : 5000
Linear system               : augmented
cuDSS Version               : 0.7.1
cuDSS Threading layer       : libcudss_mtlayer_gomp.so.0
Reordering time             : 0.053s
Symbolic factorization time : 0.023s
Symbolic nonzeros in factor : 2.79e+05
Elapsed time for augmented  : 0.111 seconds
Elapsed time           : 0.111 seconds
Barrier setup complete at 0.111 seconds
Adaptive regularization enabled


                  Objective                         Infeasibility        Time
Iter   Primal              Dual                Primal   Dual    Compl.   Elapsed
  0   -3.704562062107e+02 -3.710714720587e+02 3.71e+03 1.91e+00 1.19e-02 0.111
  1   -3.744059807481e+01 -3.496365224492e+02 3.74e+02 7.84e-02 1.66e-02 0.114
  2   -3.891132533983e+00 -2.097631414317e+02 3.80e+01 4.70e-02 1.33e-02 0.117
  3   -4.433137570187e-01 -3.238797490932e+01 3.86e+00 5.32e-03 4.56e-03 0.119
  4   -9.294120474529e-02 -4.512297789308e+00 4.09e-01 5.69e-04 6.47e-04 0.122
  5   -5.631271530146e-02 -7.109228930413e-01 4.09e-02 5.69e-05 8.82e-05 0.125
  6   -5.680269449163e-02 -2.025391998105e-01 9.02e-03 1.25e-05 1.79e-05 0.127
  7   -6.898842491316e-02 -1.397398182297e-01 3.94e-03 5.48e-06 7.52e-06 0.130
  8   -7.285439432019e-02 -1.380109991109e-01 3.36e-03 4.68e-06 1.55e-05 0.133
  9   -7.453550016780e-02 -1.371981307411e-01 3.01e-03 4.22e-06 2.76e-05 0.135
 10   -8.146624848694e-02 -1.281501683856e-01 2.07e-03 2.91e-06 5.59e-05 0.138
 11   -8.329283849852e-02 -1.260599287006e-01 1.48e-03 2.11e-06 6.80e-05 0.141
 12   -8.493423572200e-02 -1.233267966710e-01 1.16e-03 1.66e-06 6.97e-05 0.143
 13   -8.887894876993e-02 -1.158457723230e-01 6.84e-04 9.85e-07 7.46e-05 0.146
 14   -9.340738826919e-02 -1.073741830064e-01 2.96e-04 4.33e-07 6.77e-05 0.149
 15   -9.550798280938e-02 -1.038907548370e-01 1.57e-04 2.27e-07 3.16e-05 0.152
 16   -9.635969541457e-02 -1.019084835462e-01 7.31e-05 1.15e-07 4.76e-05 0.154
 17   -9.784142224033e-02 -9.966147819565e-02 2.04e-05 2.59e-08 1.21e-05 0.157
 18   -9.824103553207e-02 -9.905325627730e-02 8.62e-06 7.80e-09 5.73e-06 0.160
 19   -9.844424897446e-02 -9.874523154850e-02 2.96e-06 3.86e-09 2.25e-06 0.162
 20   -9.853397196431e-02 -9.861389587811e-02 7.44e-07 3.18e-09 6.01e-07 0.165
 21   -9.856270916779e-02 -9.857277979583e-02 9.29e-08 3.41e-09 7.06e-08 0.168
 22   -9.856637342061e-02 -9.856756153737e-02 1.10e-08 3.07e-09 7.88e-09 0.170
 23   -9.856680429617e-02 -9.856694747156e-02 1.32e-09 7.13e-09 8.85e-10 0.173
 24   -9.856685605311e-02 -9.856687356305e-02 1.62e-10 2.94e-07 1.00e-10 0.176
 25   -9.856686237817e-02 -9.856686449463e-02 1.97e-11 5.53e-06 1.11e-11 0.178
 26   -9.856686314524e-02 -9.856686338520e-02 2.26e-12 2.26e-06 1.19e-12 0.181
 27   -9.856686323215e-02 -9.856686325639e-02 2.33e-13 1.30e-05 1.23e-13 0.184
 28   -9.856686324062e-02 -9.856686324319e-02 2.56e-14 4.86e-05 1.36e-14 0.186
 29   -9.856686324148e-02 -9.856686324180e-02 3.11e-15 4.21e-03 1.85e-15 0.189
 30   -9.856686324158e-02 -9.856686324166e-02 7.77e-16 3.78e-02 6.35e-16 0.192
Numerical error in objective
Restoring previous solution


Suboptimal solution found in 31 iterations and 0.19 seconds
Objective -9.85668043e-02
Primal infeasibility (abs/rel): 2.65e-09/1.32e-09
Dual infeasibility   (abs/rel): 7.86e-09/7.13e-09
Complementarity gap  (abs/rel): 9.72e-10/8.85e-10


Barrier finished in 0.20 seconds
Dual variables for problems with quadratic constraints not returned.


======================================================================================================================
=== [46/101] defaults_and_tuned_step_ir_cudssdet/step0.9_ir0-off_det0/default/cold/t11.log
----------------------------------------------------------------------------------------------------------------------
=== 30 iterations, 0.19s, restored objective -9.84882364e-02, series cold
=== peak dual infeasibility over the last 6 iterations 7.68e-03
=== SETTINGS
===   config     defaults_and_tuned_step_ir_cudssdet/step0.9_ir0-off_det0
===   [command]  python socp_resolve_benchmark/cuopt_socp_resolve_cache.py --configs default --cold-only --K 20 --step-scale 0.9 --ir 0 --bound-free-vars 0 --cudss-deterministic 0 --save-logs socp_resolve_benchmark/logs/defaults_and_tuned_step_ir_cudssdet/step0.9_ir0-off_det0
===   [family]   cold solves only; step scale, refinement mode and cuDSS determinism are the swept axes; bound_free_vars=0, initial point Automatic (SedumiMu on cones), everything else default
===   [log]      barrier_presolve_bound_free_variables = 0 (free variables handled directly)
===   [log]      cudss_deterministic = false (no deterministic solve mode printed)
===   [log]      augmented system
===   [log]      barrier_adaptive_regularization = on
===   [log]      full setup ran (reordering + symbolic factorization), so no cache reuse
======================================================================================================================
cuOpt version: 26.10.0, git hash: 648f805d, host arch: x86_64, device archs: 80-real
CPU: AMD EPYC 7642 48-Core Processor, threads: 5C/5T
CPU SIMD target: AVX2
CUDA 12.9, device: NVIDIA A100 80GB PCIe (ID 0), VRAM: 79.44 GiB
Problem has 1 quadratic constraints. Converting to second-order cones and solving with barrier.
Handling 50 free variables directly in augmented system
Presolved problem: 5103 constraints 10102 variables 265152 nonzeros
Skipping Ruiz equilibration (row norm ratio 1.4, column norm ratio 1.4 < 5e4, Q coeff ratio 1.0 < 100)
Barrier solver started at 0.025 seconds
Barrier solver: 5103 constraints, 10102 variables, 265152 nonzeros


Second-order cones          : 1
Free variables              : 50
Upper bounds                : 5000
Linear system               : augmented
cuDSS Version               : 0.7.1
cuDSS Threading layer       : libcudss_mtlayer_gomp.so.0
Reordering time             : 0.053s
Symbolic factorization time : 0.023s
Symbolic nonzeros in factor : 2.79e+05
Elapsed time for augmented  : 0.108 seconds
Elapsed time           : 0.108 seconds
Barrier setup complete at 0.108 seconds
Adaptive regularization enabled


                  Objective                         Infeasibility        Time
Iter   Primal              Dual                Primal   Dual    Compl.   Elapsed
  0   -3.703336272695e+02 -3.710584120459e+02 3.71e+03 1.91e+00 1.19e-02 0.108
  1   -3.742835984476e+01 -3.496234222363e+02 3.74e+02 7.84e-02 1.66e-02 0.111
  2   -3.889891364414e+00 -2.097525630399e+02 3.80e+01 4.70e-02 1.33e-02 0.114
  3   -4.431513641131e-01 -3.238487899184e+01 3.86e+00 5.32e-03 4.56e-03 0.117
  4   -9.290142444049e-02 -4.511186281053e+00 4.09e-01 5.68e-04 6.47e-04 0.119
  5   -5.629485302125e-02 -7.107169765798e-01 4.09e-02 5.69e-05 8.80e-05 0.122
  6   -5.678749156995e-02 -2.022550399438e-01 9.00e-03 1.25e-05 1.78e-05 0.125
  7   -6.897687261264e-02 -1.397790128532e-01 3.95e-03 5.49e-06 7.54e-06 0.128
  8   -7.282185220639e-02 -1.381517487913e-01 3.36e-03 4.69e-06 1.62e-05 0.130
  9   -7.616766903915e-02 -1.355760417655e-01 2.78e-03 3.89e-06 4.07e-05 0.133
 10   -8.140869869742e-02 -1.291288338974e-01 1.96e-03 2.77e-06 7.18e-05 0.136
 11   -8.230152475264e-02 -1.279816287543e-01 1.67e-03 2.38e-06 7.59e-05 0.139
 12   -8.637424860438e-02 -1.212614666773e-01 1.12e-03 1.60e-06 7.34e-05 0.141
 13   -8.677949010984e-02 -1.193366797147e-01 8.97e-04 1.30e-06 1.51e-04 0.144
 14   -9.118541802442e-02 -1.114998989754e-01 4.43e-04 6.48e-07 1.29e-04 0.147
 15   -9.484234622035e-02 -1.046230824465e-01 1.91e-04 2.81e-07 7.71e-05 0.149
 16   -9.681936340959e-02 -1.011953266582e-01 5.89e-05 8.12e-08 1.88e-05 0.152
 17   -9.766636639901e-02 -9.971237238061e-02 2.06e-05 2.97e-08 1.15e-05 0.155
 18   -9.819811242085e-02 -9.890742143683e-02 6.41e-06 8.11e-09 3.96e-06 0.158
 19   -9.842627360111e-02 -9.857431095895e-02 1.13e-06 2.59e-09 6.65e-07 0.160
 20   -9.847894542820e-02 -9.850150772043e-02 1.71e-07 2.64e-09 8.55e-08 0.163
 21   -9.848704657623e-02 -9.849036518342e-02 2.51e-08 2.71e-09 1.06e-08 0.166
 22   -9.848823641033e-02 -9.848873038965e-02 3.73e-09 4.91e-09 1.30e-09 0.169
 23   -9.848841362382e-02 -9.848848674995e-02 5.53e-10 4.76e-08 1.63e-10 0.171
 24   -9.848844001371e-02 -9.848845033919e-02 7.82e-11 2.12e-06 2.31e-11 0.174
 25   -9.848844381138e-02 -9.848844505157e-02 9.46e-12 5.47e-06 2.79e-12 0.177
 26   -9.848844427349e-02 -9.848844439772e-02 9.58e-13 2.37e-05 2.82e-13 0.180
 27   -9.848844431918e-02 -9.848844433155e-02 9.68e-14 1.26e-04 2.84e-14 0.182
 28   -9.848844432356e-02 -9.848844432504e-02 1.21e-14 1.00e-03 3.43e-15 0.185
 29   -9.848844432392e-02 -9.848844432448e-02 4.44e-15 7.68e-03 1.59e-15 0.188
Numerical error in objective
Restoring previous solution


Suboptimal solution found in 30 iterations and 0.19 seconds
Objective -9.84882364e-02
Primal infeasibility (abs/rel): 7.46e-09/3.73e-09
Dual infeasibility   (abs/rel): 5.41e-09/4.91e-09
Complementarity gap  (abs/rel): 1.43e-09/1.30e-09


Barrier finished in 0.19 seconds
Dual variables for problems with quadratic constraints not returned.


======================================================================================================================
=== [47/101] defaults_and_tuned_step_ir_cudssdet/step0.9_ir0-off_det0/default/cold/t12.log
----------------------------------------------------------------------------------------------------------------------
=== 30 iterations, 0.2s, restored objective -9.85053235e-02, series cold
=== peak dual infeasibility over the last 6 iterations 5.76e-03
=== SETTINGS
===   config     defaults_and_tuned_step_ir_cudssdet/step0.9_ir0-off_det0
===   [command]  python socp_resolve_benchmark/cuopt_socp_resolve_cache.py --configs default --cold-only --K 20 --step-scale 0.9 --ir 0 --bound-free-vars 0 --cudss-deterministic 0 --save-logs socp_resolve_benchmark/logs/defaults_and_tuned_step_ir_cudssdet/step0.9_ir0-off_det0
===   [family]   cold solves only; step scale, refinement mode and cuDSS determinism are the swept axes; bound_free_vars=0, initial point Automatic (SedumiMu on cones), everything else default
===   [log]      barrier_presolve_bound_free_variables = 0 (free variables handled directly)
===   [log]      cudss_deterministic = false (no deterministic solve mode printed)
===   [log]      augmented system
===   [log]      barrier_adaptive_regularization = on
===   [log]      full setup ran (reordering + symbolic factorization), so no cache reuse
======================================================================================================================
cuOpt version: 26.10.0, git hash: 648f805d, host arch: x86_64, device archs: 80-real
CPU: AMD EPYC 7642 48-Core Processor, threads: 5C/5T
CPU SIMD target: AVX2
CUDA 12.9, device: NVIDIA A100 80GB PCIe (ID 0), VRAM: 79.44 GiB
Problem has 1 quadratic constraints. Converting to second-order cones and solving with barrier.
Handling 50 free variables directly in augmented system
Presolved problem: 5103 constraints 10102 variables 265152 nonzeros
Skipping Ruiz equilibration (row norm ratio 1.4, column norm ratio 1.4 < 5e4, Q coeff ratio 1.0 < 100)
Barrier solver started at 0.026 seconds
Barrier solver: 5103 constraints, 10102 variables, 265152 nonzeros


Second-order cones          : 1
Free variables              : 50
Upper bounds                : 5000
Linear system               : augmented
cuDSS Version               : 0.7.1
cuDSS Threading layer       : libcudss_mtlayer_gomp.so.0
Reordering time             : 0.058s
Symbolic factorization time : 0.024s
Symbolic nonzeros in factor : 2.79e+05
Elapsed time for augmented  : 0.115 seconds
Elapsed time           : 0.115 seconds
Barrier setup complete at 0.115 seconds
Adaptive regularization enabled


                  Objective                         Infeasibility        Time
Iter   Primal              Dual                Primal   Dual    Compl.   Elapsed
  0   -3.703361174615e+02 -3.711052443117e+02 3.71e+03 1.91e+00 1.19e-02 0.116
  1   -3.742795214228e+01 -3.496702503206e+02 3.74e+02 7.84e-02 1.66e-02 0.119
  2   -3.889668026355e+00 -2.097901231328e+02 3.80e+01 4.70e-02 1.33e-02 0.121
  3   -4.431096116625e-01 -3.239116108166e+01 3.86e+00 5.32e-03 4.56e-03 0.124
  4   -9.288825724431e-02 -4.511806561239e+00 4.09e-01 5.68e-04 6.47e-04 0.127
  5   -5.628648432323e-02 -7.107976048283e-01 4.09e-02 5.69e-05 8.80e-05 0.130
  6   -5.677571215846e-02 -2.030857819422e-01 9.05e-03 1.26e-05 1.79e-05 0.132
  7   -6.872914293373e-02 -1.411028037552e-01 4.03e-03 5.61e-06 7.69e-06 0.135
  8   -7.250384024882e-02 -1.395583886388e-01 3.42e-03 4.78e-06 1.99e-05 0.138
  9   -7.554562684248e-02 -1.369861064727e-01 2.91e-03 4.07e-06 4.64e-05 0.140
 10   -7.906155565953e-02 -1.334434968197e-01 2.24e-03 3.17e-06 7.42e-05 0.143
 11   -8.340862798070e-02 -1.273453839206e-01 1.50e-03 2.13e-06 8.08e-05 0.146
 12   -8.386846309223e-02 -1.262583745231e-01 1.30e-03 1.86e-06 7.68e-05 0.148
 13   -8.680334372961e-02 -1.206731532354e-01 9.17e-04 1.32e-06 6.54e-05 0.151
 14   -8.889519867935e-02 -1.155763259346e-01 5.81e-04 8.53e-07 1.87e-04 0.154
 15   -9.465128808695e-02 -1.053460081467e-01 1.87e-04 2.78e-07 6.33e-05 0.156
 16   -9.673195811621e-02 -1.015802460386e-01 7.71e-05 1.15e-07 2.21e-05 0.159
 17   -9.766316960108e-02 -9.987750023019e-02 2.74e-05 3.88e-08 6.96e-06 0.162
 18   -9.818064056612e-02 -9.898267713121e-02 7.44e-06 1.36e-08 3.34e-06 0.164
 19   -9.842128215430e-02 -9.862917316481e-02 1.86e-06 2.86e-09 7.54e-07 0.168
 20   -9.848812244546e-02 -9.853098778475e-02 3.65e-07 2.66e-09 1.37e-07 0.170
 21   -9.850297303247e-02 -9.850962103354e-02 5.60e-08 3.21e-09 1.86e-08 0.173
 22   -9.850532352727e-02 -9.850625872882e-02 7.87e-09 8.99e-09 2.39e-09 0.176
 23   -9.850565713552e-02 -9.850578105265e-02 1.04e-09 3.86e-08 2.89e-10 0.178
 24   -9.850570155553e-02 -9.850571734118e-02 1.33e-10 2.26e-06 3.30e-11 0.181
 25   -9.850570726694e-02 -9.850570913296e-02 1.57e-11 7.75e-07 3.56e-12 0.184
 26   -9.850570794830e-02 -9.850570815049e-02 1.71e-12 1.52e-05 3.79e-13 0.186
 27   -9.850570802238e-02 -9.850570804330e-02 1.75e-13 6.63e-05 3.87e-14 0.189
 28   -9.850570803008e-02 -9.850570803226e-02 1.79e-14 8.64e-04 3.82e-15 0.192
 29   -9.850570803074e-02 -9.850570803137e-02 4.44e-15 5.76e-03 9.84e-16 0.194
Numerical error in objective
Restoring previous solution


Suboptimal solution found in 30 iterations and 0.20 seconds
Objective -9.85053235e-02
Primal infeasibility (abs/rel): 1.57e-08/7.87e-09
Dual infeasibility   (abs/rel): 9.90e-09/8.99e-09
Complementarity gap  (abs/rel): 2.62e-09/2.39e-09


Barrier finished in 0.20 seconds
Dual variables for problems with quadratic constraints not returned.


======================================================================================================================
=== [48/101] defaults_and_tuned_step_ir_cudssdet/step0.9_ir0-off_det0/default/cold/t14.log
----------------------------------------------------------------------------------------------------------------------
=== 30 iterations, 0.21s, restored objective -9.85970840e-02, series cold
=== peak dual infeasibility over the last 6 iterations 1.86e-03
=== SETTINGS
===   config     defaults_and_tuned_step_ir_cudssdet/step0.9_ir0-off_det0
===   [command]  python socp_resolve_benchmark/cuopt_socp_resolve_cache.py --configs default --cold-only --K 20 --step-scale 0.9 --ir 0 --bound-free-vars 0 --cudss-deterministic 0 --save-logs socp_resolve_benchmark/logs/defaults_and_tuned_step_ir_cudssdet/step0.9_ir0-off_det0
===   [family]   cold solves only; step scale, refinement mode and cuDSS determinism are the swept axes; bound_free_vars=0, initial point Automatic (SedumiMu on cones), everything else default
===   [log]      barrier_presolve_bound_free_variables = 0 (free variables handled directly)
===   [log]      cudss_deterministic = false (no deterministic solve mode printed)
===   [log]      augmented system
===   [log]      barrier_adaptive_regularization = on
===   [log]      full setup ran (reordering + symbolic factorization), so no cache reuse
======================================================================================================================
cuOpt version: 26.10.0, git hash: 648f805d, host arch: x86_64, device archs: 80-real
CPU: AMD EPYC 7642 48-Core Processor, threads: 5C/5T
CPU SIMD target: AVX2
CUDA 12.9, device: NVIDIA A100 80GB PCIe (ID 0), VRAM: 79.44 GiB
Problem has 1 quadratic constraints. Converting to second-order cones and solving with barrier.
Handling 50 free variables directly in augmented system
Presolved problem: 5103 constraints 10102 variables 265152 nonzeros
Skipping Ruiz equilibration (row norm ratio 1.4, column norm ratio 1.4 < 5e4, Q coeff ratio 1.0 < 100)
Barrier solver started at 0.027 seconds
Barrier solver: 5103 constraints, 10102 variables, 265152 nonzeros


Second-order cones          : 1
Free variables              : 50
Upper bounds                : 5000
Linear system               : augmented
cuDSS Version               : 0.7.1
cuDSS Threading layer       : libcudss_mtlayer_gomp.so.0
Reordering time             : 0.069s
Symbolic factorization time : 0.023s
Symbolic nonzeros in factor : 2.79e+05
Elapsed time for augmented  : 0.126 seconds
Elapsed time           : 0.126 seconds
Barrier setup complete at 0.126 seconds
Adaptive regularization enabled


                  Objective                         Infeasibility        Time
Iter   Primal              Dual                Primal   Dual    Compl.   Elapsed
  0   -3.703993037120e+02 -3.711301956175e+02 3.71e+03 1.91e+00 1.19e-02 0.126
  1   -3.743476594142e+01 -3.496952827003e+02 3.74e+02 7.84e-02 1.66e-02 0.129
  2   -3.890536618437e+00 -2.098129356251e+02 3.81e+01 4.70e-02 1.33e-02 0.132
  3   -4.432231735722e-01 -3.239735340688e+01 3.86e+00 5.32e-03 4.56e-03 0.134
  4   -9.291562178718e-02 -4.513380749927e+00 4.09e-01 5.69e-04 6.47e-04 0.137
  5   -5.629490748128e-02 -7.110782637293e-01 4.09e-02 5.69e-05 8.81e-05 0.140
  6   -5.678368793649e-02 -2.029105104309e-01 9.04e-03 1.26e-05 1.79e-05 0.142
  7   -6.879664048340e-02 -1.408537639058e-01 4.01e-03 5.58e-06 7.66e-06 0.145
  8   -7.225663497615e-02 -1.396077106400e-01 3.47e-03 4.85e-06 1.83e-05 0.148
  9   -7.532518055111e-02 -1.372344802213e-01 2.97e-03 4.16e-06 4.38e-05 0.150
 10   -7.794390892156e-02 -1.350657450229e-01 2.44e-03 3.44e-06 6.31e-05 0.153
 11   -8.204029268365e-02 -1.295533812338e-01 1.77e-03 2.51e-06 7.95e-05 0.156
 12   -8.266186902422e-02 -1.282901152413e-01 1.50e-03 2.15e-06 7.70e-05 0.159
 13   -8.640447292904e-02 -1.215098428044e-01 9.99e-04 1.44e-06 9.13e-05 0.161
 14   -8.989450382489e-02 -1.138539865991e-01 5.32e-04 7.74e-07 1.88e-04 0.164
 15   -9.397405095776e-02 -1.064349486273e-01 1.45e-04 2.13e-07 6.18e-05 0.167
 16   -9.669538695417e-02 -1.017372902603e-01 5.32e-05 7.55e-08 3.14e-05 0.169
 17   -9.760615889945e-02 -1.002290801343e-01 2.54e-05 3.24e-08 1.45e-05 0.172
 18   -9.807225378808e-02 -9.936594911873e-02 9.39e-06 1.52e-08 1.02e-05 0.175
 19   -9.849340048400e-02 -9.874469537632e-02 1.56e-06 3.51e-09 1.44e-06 0.177
 20   -9.857729377138e-02 -9.862617219834e-02 3.01e-07 4.48e-09 2.37e-07 0.180
 21   -9.859404274084e-02 -9.860252339717e-02 5.16e-08 3.54e-09 3.49e-08 0.183
 22   -9.859708397332e-02 -9.859824461531e-02 7.05e-09 6.97e-10 4.19e-09 0.185
 23   -9.859750012416e-02 -9.859765902125e-02 9.66e-10 1.38e-08 5.12e-10 0.188
 24   -9.859755685493e-02 -9.859757902167e-02 1.35e-10 2.74e-06 6.39e-11 0.191
 25   -9.859756477058e-02 -9.859756783831e-02 1.87e-11 4.94e-06 7.76e-12 0.193
 26   -9.859756588309e-02 -9.859756626507e-02 2.33e-12 1.40e-05 9.51e-13 0.196
 27   -9.859756602375e-02 -9.859756606608e-02 2.58e-13 1.48e-05 1.05e-13 0.199
 28   -9.859756603948e-02 -9.859756604386e-02 2.65e-14 4.11e-05 1.08e-14 0.201
 29   -9.859756604112e-02 -9.859756604157e-02 1.89e-15 1.86e-03 1.38e-15 0.204
Numerical error in objective
Restoring previous solution


Suboptimal solution found in 30 iterations and 0.21 seconds
Objective -9.85970840e-02
Primal infeasibility (abs/rel): 1.41e-08/7.05e-09
Dual infeasibility   (abs/rel): 7.68e-10/6.97e-10
Complementarity gap  (abs/rel): 4.60e-09/4.19e-09


Barrier finished in 0.21 seconds
Dual variables for problems with quadratic constraints not returned.


======================================================================================================================
=== [49/101] defaults_and_tuned_step_ir_cudssdet/step0.9_ir0-off_det0/default/cold/t15.log
----------------------------------------------------------------------------------------------------------------------
=== 30 iterations, 0.19s, restored objective -9.86328990e-02, series cold
=== peak dual infeasibility over the last 6 iterations 3.36e-03
=== SETTINGS
===   config     defaults_and_tuned_step_ir_cudssdet/step0.9_ir0-off_det0
===   [command]  python socp_resolve_benchmark/cuopt_socp_resolve_cache.py --configs default --cold-only --K 20 --step-scale 0.9 --ir 0 --bound-free-vars 0 --cudss-deterministic 0 --save-logs socp_resolve_benchmark/logs/defaults_and_tuned_step_ir_cudssdet/step0.9_ir0-off_det0
===   [family]   cold solves only; step scale, refinement mode and cuDSS determinism are the swept axes; bound_free_vars=0, initial point Automatic (SedumiMu on cones), everything else default
===   [log]      barrier_presolve_bound_free_variables = 0 (free variables handled directly)
===   [log]      cudss_deterministic = false (no deterministic solve mode printed)
===   [log]      augmented system
===   [log]      barrier_adaptive_regularization = on
===   [log]      full setup ran (reordering + symbolic factorization), so no cache reuse
======================================================================================================================
cuOpt version: 26.10.0, git hash: 648f805d, host arch: x86_64, device archs: 80-real
CPU: AMD EPYC 7642 48-Core Processor, threads: 5C/5T
CPU SIMD target: AVX2
CUDA 12.9, device: NVIDIA A100 80GB PCIe (ID 0), VRAM: 79.44 GiB
Problem has 1 quadratic constraints. Converting to second-order cones and solving with barrier.
Handling 50 free variables directly in augmented system
Presolved problem: 5103 constraints 10102 variables 265152 nonzeros
Skipping Ruiz equilibration (row norm ratio 1.4, column norm ratio 1.4 < 5e4, Q coeff ratio 1.0 < 100)
Barrier solver started at 0.026 seconds
Barrier solver: 5103 constraints, 10102 variables, 265152 nonzeros


Second-order cones          : 1
Free variables              : 50
Upper bounds                : 5000
Linear system               : augmented
cuDSS Version               : 0.7.1
cuDSS Threading layer       : libcudss_mtlayer_gomp.so.0
Reordering time             : 0.054s
Symbolic factorization time : 0.023s
Symbolic nonzeros in factor : 2.79e+05
Elapsed time for augmented  : 0.110 seconds
Elapsed time           : 0.110 seconds
Barrier setup complete at 0.110 seconds
Adaptive regularization enabled


                  Objective                         Infeasibility        Time
Iter   Primal              Dual                Primal   Dual    Compl.   Elapsed
  0   -3.704184917206e+02 -3.711180220135e+02 3.71e+03 1.91e+00 1.19e-02 0.110
  1   -3.743667648140e+01 -3.496831248488e+02 3.74e+02 7.84e-02 1.66e-02 0.113
  2   -3.890721369890e+00 -2.098022579233e+02 3.81e+01 4.70e-02 1.33e-02 0.116
  3   -4.432496143605e-01 -3.239510582940e+01 3.86e+00 5.32e-03 4.56e-03 0.119
  4   -9.292806528605e-02 -4.513484517527e+00 4.09e-01 5.69e-04 6.47e-04 0.121
  5   -5.630149891425e-02 -7.111030453692e-01 4.09e-02 5.69e-05 8.81e-05 0.124
  6   -5.679295664232e-02 -2.026138898550e-01 9.02e-03 1.26e-05 1.79e-05 0.127
  7   -6.890568688407e-02 -1.403837532692e-01 3.98e-03 5.54e-06 7.60e-06 0.129
  8   -7.267098938801e-02 -1.388420160440e-01 3.40e-03 4.74e-06 1.77e-05 0.132
  9   -7.530641245719e-02 -1.369556539629e-01 2.92e-03 4.10e-06 3.96e-05 0.135
 10   -8.048776703543e-02 -1.308022804153e-01 2.11e-03 2.97e-06 6.63e-05 0.137
 11   -8.161367887282e-02 -1.295478592935e-01 1.75e-03 2.49e-06 6.54e-05 0.140
 12   -8.609453554701e-02 -1.222928597326e-01 1.12e-03 1.60e-06 5.72e-05 0.143
 13   -8.679773551146e-02 -1.198263829566e-01 8.61e-04 1.24e-06 1.40e-04 0.145
 14   -9.167819122018e-02 -1.109604679852e-01 4.01e-04 5.85e-07 1.07e-04 0.148
 15   -9.491963548550e-02 -1.049771970107e-01 1.82e-04 2.68e-07 5.95e-05 0.151
 16   -9.708844796774e-02 -1.012768921498e-01 6.71e-05 9.39e-08 1.57e-05 0.153
 17   -9.787206063840e-02 -9.977292205756e-02 2.05e-05 3.10e-08 8.80e-06 0.156
 18   -9.838671121417e-02 -9.897086925529e-02 4.47e-06 7.08e-09 2.04e-06 0.159
 19   -9.857541792919e-02 -9.871146813940e-02 9.99e-07 1.86e-09 4.01e-07 0.161
 20   -9.862199172475e-02 -9.864808104140e-02 1.84e-07 1.95e-09 6.09e-08 0.164
 21   -9.863132063687e-02 -9.863557652443e-02 2.96e-08 1.08e-09 8.71e-09 0.167
 22   -9.863289900941e-02 -9.863347059930e-02 3.97e-09 5.42e-09 1.08e-09 0.170
 23   -9.863311498688e-02 -9.863318238650e-02 4.69e-10 9.13e-08 1.19e-10 0.172
 24   -9.863314056560e-02 -9.863314817673e-02 5.30e-11 2.26e-06 1.26e-11 0.175
 25   -9.863314347826e-02 -9.863314426647e-02 5.51e-12 2.15e-06 1.30e-12 0.178
 26   -9.863314377991e-02 -9.863314385904e-02 5.54e-13 2.90e-05 1.32e-13 0.180
 27   -9.863314380970e-02 -9.863314381862e-02 6.20e-14 1.26e-04 1.47e-14 0.183
 28   -9.863314381311e-02 -9.863314381402e-02 6.22e-15 9.66e-04 2.94e-15 0.186
 29   -9.863314381329e-02 -9.863314381378e-02 3.11e-15 3.36e-03 1.44e-15 0.188
Numerical error in objective
Restoring previous solution


Suboptimal solution found in 30 iterations and 0.19 seconds
Objective -9.86328990e-02
Primal infeasibility (abs/rel): 7.94e-09/3.97e-09
Dual infeasibility   (abs/rel): 5.97e-09/5.42e-09
Complementarity gap  (abs/rel): 1.18e-09/1.08e-09


Barrier finished in 0.19 seconds
Dual variables for problems with quadratic constraints not returned.


======================================================================================================================
=== [50/101] defaults_and_tuned_step_ir_cudssdet/step0.9_ir0-off_det0/default/cold/t16.log
----------------------------------------------------------------------------------------------------------------------
=== 30 iterations, 0.2s, restored objective -9.85957626e-02, series cold
=== peak dual infeasibility over the last 6 iterations 7.03e-03
=== SETTINGS
===   config     defaults_and_tuned_step_ir_cudssdet/step0.9_ir0-off_det0
===   [command]  python socp_resolve_benchmark/cuopt_socp_resolve_cache.py --configs default --cold-only --K 20 --step-scale 0.9 --ir 0 --bound-free-vars 0 --cudss-deterministic 0 --save-logs socp_resolve_benchmark/logs/defaults_and_tuned_step_ir_cudssdet/step0.9_ir0-off_det0
===   [family]   cold solves only; step scale, refinement mode and cuDSS determinism are the swept axes; bound_free_vars=0, initial point Automatic (SedumiMu on cones), everything else default
===   [log]      barrier_presolve_bound_free_variables = 0 (free variables handled directly)
===   [log]      cudss_deterministic = false (no deterministic solve mode printed)
===   [log]      augmented system
===   [log]      barrier_adaptive_regularization = on
===   [log]      full setup ran (reordering + symbolic factorization), so no cache reuse
======================================================================================================================
cuOpt version: 26.10.0, git hash: 648f805d, host arch: x86_64, device archs: 80-real
CPU: AMD EPYC 7642 48-Core Processor, threads: 5C/5T
CPU SIMD target: AVX2
CUDA 12.9, device: NVIDIA A100 80GB PCIe (ID 0), VRAM: 79.44 GiB
Problem has 1 quadratic constraints. Converting to second-order cones and solving with barrier.
Handling 50 free variables directly in augmented system
Presolved problem: 5103 constraints 10102 variables 265152 nonzeros
Skipping Ruiz equilibration (row norm ratio 1.4, column norm ratio 1.4 < 5e4, Q coeff ratio 1.0 < 100)
Barrier solver started at 0.027 seconds
Barrier solver: 5103 constraints, 10102 variables, 265152 nonzeros


Second-order cones          : 1
Free variables              : 50
Upper bounds                : 5000
Linear system               : augmented
cuDSS Version               : 0.7.1
cuDSS Threading layer       : libcudss_mtlayer_gomp.so.0
Reordering time             : 0.065s
Symbolic factorization time : 0.023s
Symbolic nonzeros in factor : 2.79e+05
Elapsed time for augmented  : 0.122 seconds
Elapsed time           : 0.122 seconds
Barrier setup complete at 0.122 seconds
Adaptive regularization enabled


                  Objective                         Infeasibility        Time
Iter   Primal              Dual                Primal   Dual    Compl.   Elapsed
  0   -3.705152443471e+02 -3.711033693861e+02 3.71e+03 1.91e+00 1.19e-02 0.122
  1   -3.744593021659e+01 -3.496684576181e+02 3.74e+02 7.84e-02 1.66e-02 0.125
  2   -3.891507457228e+00 -2.097876982036e+02 3.80e+01 4.70e-02 1.33e-02 0.128
  3   -4.433598734375e-01 -3.239205143390e+01 3.86e+00 5.32e-03 4.56e-03 0.130
  4   -9.295418044593e-02 -4.513112193658e+00 4.09e-01 5.69e-04 6.47e-04 0.133
  5   -5.631920787357e-02 -7.110530572404e-01 4.09e-02 5.69e-05 8.81e-05 0.136
  6   -5.681228397457e-02 -2.029575753816e-01 9.04e-03 1.26e-05 1.79e-05 0.138
  7   -6.884369740622e-02 -1.408422056455e-01 4.01e-03 5.58e-06 7.65e-06 0.141
  8   -7.336408883291e-02 -1.390158422690e-01 3.29e-03 4.58e-06 2.40e-05 0.144
  9   -7.493816050434e-02 -1.380497865576e-01 2.96e-03 4.15e-06 4.18e-05 0.146
 10   -7.994408876501e-02 -1.314911895895e-01 2.24e-03 3.14e-06 7.17e-05 0.149
 11   -8.185150764395e-02 -1.294872996897e-01 1.68e-03 2.39e-06 8.30e-05 0.152
 12   -8.592289617321e-02 -1.227211061780e-01 1.11e-03 1.59e-06 8.11e-05 0.154
 13   -8.642156454345e-02 -1.206850087079e-01 8.62e-04 1.25e-06 1.34e-04 0.157
 14   -9.097322308410e-02 -1.124595657799e-01 4.87e-04 7.10e-07 1.14e-04 0.160
 15   -9.449661388130e-02 -1.056847590336e-01 2.15e-04 3.16e-07 5.70e-05 0.162
 16   -9.660996660246e-02 -1.019821054280e-01 8.63e-05 1.24e-07 1.76e-05 0.165
 17   -9.754897322527e-02 -1.001928482119e-01 3.01e-05 4.82e-08 1.11e-05 0.168
 18   -9.822218410670e-02 -9.913789682680e-02 8.02e-06 1.05e-08 3.00e-06 0.170
 19   -9.849584159412e-02 -9.873478544772e-02 1.79e-06 2.50e-09 7.08e-07 0.173
 20   -9.857637747964e-02 -9.862339598191e-02 3.46e-07 2.40e-09 1.28e-07 0.176
 21   -9.859309094714e-02 -9.860039964723e-02 5.34e-08 3.48e-09 1.71e-08 0.178
 22   -9.859576262807e-02 -9.859673182673e-02 7.08e-09 7.42e-09 2.00e-09 0.181
 23   -9.859612116194e-02 -9.859623935436e-02 8.64e-10 8.49e-09 2.25e-10 0.184
 24   -9.859616528770e-02 -9.859617857060e-02 9.72e-11 3.09e-06 2.50e-11 0.187
 25   -9.859617028294e-02 -9.859617166125e-02 1.01e-11 8.72e-06 2.60e-12 0.189
 26   -9.859617080140e-02 -9.859617094040e-02 1.02e-12 1.07e-05 2.63e-13 0.192
 27   -9.859617085336e-02 -9.859617086768e-02 1.06e-13 1.50e-04 2.72e-14 0.195
 28   -9.859617085859e-02 -9.859617086030e-02 1.27e-14 8.82e-04 3.56e-15 0.197
 29   -9.859617085922e-02 -9.859617085939e-02 1.11e-15 7.03e-03 3.28e-16 0.200
Numerical error in objective
Restoring previous solution


Suboptimal solution found in 30 iterations and 0.20 seconds
Objective -9.85957626e-02
Primal infeasibility (abs/rel): 1.42e-08/7.08e-09
Dual infeasibility   (abs/rel): 8.17e-09/7.42e-09
Complementarity gap  (abs/rel): 2.20e-09/2.00e-09


Barrier finished in 0.20 seconds
Dual variables for problems with quadratic constraints not returned.


======================================================================================================================
=== [51/101] defaults_and_tuned_step_ir_cudssdet/step0.9_ir0-off_det0/default/cold/t17.log
----------------------------------------------------------------------------------------------------------------------
=== 30 iterations, 0.19s, restored objective -9.85236943e-02, series cold
=== peak dual infeasibility over the last 6 iterations 3.05e-03
=== SETTINGS
===   config     defaults_and_tuned_step_ir_cudssdet/step0.9_ir0-off_det0
===   [command]  python socp_resolve_benchmark/cuopt_socp_resolve_cache.py --configs default --cold-only --K 20 --step-scale 0.9 --ir 0 --bound-free-vars 0 --cudss-deterministic 0 --save-logs socp_resolve_benchmark/logs/defaults_and_tuned_step_ir_cudssdet/step0.9_ir0-off_det0
===   [family]   cold solves only; step scale, refinement mode and cuDSS determinism are the swept axes; bound_free_vars=0, initial point Automatic (SedumiMu on cones), everything else default
===   [log]      barrier_presolve_bound_free_variables = 0 (free variables handled directly)
===   [log]      cudss_deterministic = false (no deterministic solve mode printed)
===   [log]      augmented system
===   [log]      barrier_adaptive_regularization = on
===   [log]      full setup ran (reordering + symbolic factorization), so no cache reuse
======================================================================================================================
cuOpt version: 26.10.0, git hash: 648f805d, host arch: x86_64, device archs: 80-real
CPU: AMD EPYC 7642 48-Core Processor, threads: 5C/5T
CPU SIMD target: AVX2
CUDA 12.9, device: NVIDIA A100 80GB PCIe (ID 0), VRAM: 79.44 GiB
Problem has 1 quadratic constraints. Converting to second-order cones and solving with barrier.
Handling 50 free variables directly in augmented system
Presolved problem: 5103 constraints 10102 variables 265152 nonzeros
Skipping Ruiz equilibration (row norm ratio 1.4, column norm ratio 1.4 < 5e4, Q coeff ratio 1.0 < 100)
Barrier solver started at 0.027 seconds
Barrier solver: 5103 constraints, 10102 variables, 265152 nonzeros


Second-order cones          : 1
Free variables              : 50
Upper bounds                : 5000
Linear system               : augmented
cuDSS Version               : 0.7.1
cuDSS Threading layer       : libcudss_mtlayer_gomp.so.0
Reordering time             : 0.052s
Symbolic factorization time : 0.024s
Symbolic nonzeros in factor : 2.79e+05
Elapsed time for augmented  : 0.109 seconds
Elapsed time           : 0.109 seconds
Barrier setup complete at 0.109 seconds
Adaptive regularization enabled


                  Objective                         Infeasibility        Time
Iter   Primal              Dual                Primal   Dual    Compl.   Elapsed
  0   -3.703446513950e+02 -3.711178663113e+02 3.71e+03 1.91e+00 1.19e-02 0.109
  1   -3.742798803763e+01 -3.496828429283e+02 3.74e+02 7.84e-02 1.66e-02 0.112
  2   -3.889436224053e+00 -2.097977704894e+02 3.80e+01 4.70e-02 1.33e-02 0.115
  3   -4.431251929918e-01 -3.239348597956e+01 3.86e+00 5.32e-03 4.56e-03 0.118
  4   -9.290831088667e-02 -4.513559748699e+00 4.09e-01 5.69e-04 6.47e-04 0.120
  5   -5.628862913437e-02 -7.110982039126e-01 4.09e-02 5.69e-05 8.81e-05 0.123
  6   -5.677593061815e-02 -2.027006819264e-01 9.03e-03 1.26e-05 1.79e-05 0.126
  7   -6.883606943544e-02 -1.404869338434e-01 3.99e-03 5.55e-06 7.62e-06 0.128
  8   -7.309225829809e-02 -1.386905060937e-01 3.34e-03 4.66e-06 1.94e-05 0.131
  9   -7.543736446105e-02 -1.370373102775e-01 2.91e-03 4.08e-06 3.21e-05 0.134
 10   -8.007027644606e-02 -1.315233821505e-01 2.21e-03 3.11e-06 5.64e-05 0.136
 11   -8.088736868912e-02 -1.307434208620e-01 1.91e-03 2.72e-06 6.16e-05 0.139
 12   -8.499377980131e-02 -1.243281730363e-01 1.30e-03 1.85e-06 6.43e-05 0.142
 13   -8.550614425965e-02 -1.222314813198e-01 1.05e-03 1.51e-06 1.50e-04 0.144
 14   -9.068570381010e-02 -1.125646307926e-01 5.02e-04 7.29e-07 1.34e-04 0.147
 15   -9.443581161588e-02 -1.056514475815e-01 2.25e-04 3.28e-07 6.93e-05 0.150
 16   -9.680390496672e-02 -1.015416661948e-01 8.34e-05 1.17e-07 1.77e-05 0.152
 17   -9.759689188666e-02 -9.996251354962e-02 2.94e-05 4.38e-08 1.09e-05 0.155
 18   -9.820618589923e-02 -9.898407516263e-02 7.67e-06 1.20e-08 2.62e-06 0.158
 19   -9.844193277514e-02 -9.864062184419e-02 1.83e-06 1.75e-09 5.64e-07 0.160
 20   -9.850644755372e-02 -9.854850177736e-02 3.63e-07 1.09e-09 1.02e-07 0.163
 21   -9.852126546413e-02 -9.852790501177e-02 5.65e-08 2.90e-09 1.43e-08 0.166
 22   -9.852369426990e-02 -9.852454409833e-02 7.22e-09 4.46e-09 1.68e-09 0.169
 23   -9.852401188091e-02 -9.852410428999e-02 7.86e-10 2.87e-08 1.80e-10 0.171
 24   -9.852404666152e-02 -9.852405598391e-02 7.94e-11 2.75e-06 1.83e-11 0.174
 25   -9.852405016540e-02 -9.852405109797e-02 7.96e-12 6.10e-06 1.83e-12 0.177
 26   -9.852405051511e-02 -9.852405060819e-02 7.98e-13 5.97e-07 1.84e-13 0.179
 27   -9.852405054984e-02 -9.852405055930e-02 8.15e-14 1.30e-04 1.82e-14 0.182
 28   -9.852405055322e-02 -9.852405055450e-02 1.05e-14 6.37e-04 2.76e-15 0.185
 29   -9.852405055370e-02 -9.852405055382e-02 8.88e-16 3.05e-03 6.24e-16 0.187
Numerical error in objective
Restoring previous solution


Suboptimal solution found in 30 iterations and 0.19 seconds
Objective -9.85236943e-02
Primal infeasibility (abs/rel): 1.44e-08/7.22e-09
Dual infeasibility   (abs/rel): 4.91e-09/4.46e-09
Complementarity gap  (abs/rel): 1.85e-09/1.68e-09


Barrier finished in 0.19 seconds
Dual variables for problems with quadratic constraints not returned.


======================================================================================================================
=== [52/101] defaults_and_tuned_step_ir_cudssdet/step0.9_ir0-off_det0/default/cold/t19.log
----------------------------------------------------------------------------------------------------------------------
=== 32 iterations, 0.2s, restored objective -9.86621395e-02, series cold
=== peak dual infeasibility over the last 6 iterations 2.67e-02
=== SETTINGS
===   config     defaults_and_tuned_step_ir_cudssdet/step0.9_ir0-off_det0
===   [command]  python socp_resolve_benchmark/cuopt_socp_resolve_cache.py --configs default --cold-only --K 20 --step-scale 0.9 --ir 0 --bound-free-vars 0 --cudss-deterministic 0 --save-logs socp_resolve_benchmark/logs/defaults_and_tuned_step_ir_cudssdet/step0.9_ir0-off_det0
===   [family]   cold solves only; step scale, refinement mode and cuDSS determinism are the swept axes; bound_free_vars=0, initial point Automatic (SedumiMu on cones), everything else default
===   [log]      barrier_presolve_bound_free_variables = 0 (free variables handled directly)
===   [log]      cudss_deterministic = false (no deterministic solve mode printed)
===   [log]      augmented system
===   [log]      barrier_adaptive_regularization = on
===   [log]      full setup ran (reordering + symbolic factorization), so no cache reuse
======================================================================================================================
cuOpt version: 26.10.0, git hash: 648f805d, host arch: x86_64, device archs: 80-real
CPU: AMD EPYC 7642 48-Core Processor, threads: 5C/5T
CPU SIMD target: AVX2
CUDA 12.9, device: NVIDIA A100 80GB PCIe (ID 0), VRAM: 79.44 GiB
Problem has 1 quadratic constraints. Converting to second-order cones and solving with barrier.
Handling 50 free variables directly in augmented system
Presolved problem: 5103 constraints 10102 variables 265152 nonzeros
Skipping Ruiz equilibration (row norm ratio 1.4, column norm ratio 1.4 < 5e4, Q coeff ratio 1.0 < 100)
Barrier solver started at 0.026 seconds
Barrier solver: 5103 constraints, 10102 variables, 265152 nonzeros


Second-order cones          : 1
Free variables              : 50
Upper bounds                : 5000
Linear system               : augmented
cuDSS Version               : 0.7.1
cuDSS Threading layer       : libcudss_mtlayer_gomp.so.0
Reordering time             : 0.055s
Symbolic factorization time : 0.023s
Symbolic nonzeros in factor : 2.79e+05
Elapsed time for augmented  : 0.110 seconds
Elapsed time           : 0.110 seconds
Barrier setup complete at 0.110 seconds
Adaptive regularization enabled


                  Objective                         Infeasibility        Time
Iter   Primal              Dual                Primal   Dual    Compl.   Elapsed
  0   -3.704438282728e+02 -3.711104708303e+02 3.71e+03 1.91e+00 1.19e-02 0.110
  1   -3.743973226149e+01 -3.496755885985e+02 3.74e+02 7.84e-02 1.66e-02 0.113
  2   -3.891182000795e+00 -2.097977465924e+02 3.81e+01 4.70e-02 1.33e-02 0.116
  3   -4.432881726789e-01 -3.239429834909e+01 3.86e+00 5.32e-03 4.56e-03 0.119
  4   -9.292346428789e-02 -4.512392434946e+00 4.09e-01 5.68e-04 6.47e-04 0.121
  5   -5.630487738074e-02 -7.109222020261e-01 4.09e-02 5.69e-05 8.80e-05 0.124
  6   -5.679745245193e-02 -2.028991980078e-01 9.04e-03 1.26e-05 1.79e-05 0.127
  7   -6.886011092866e-02 -1.406635096952e-01 3.99e-03 5.56e-06 7.63e-06 0.129
  8   -7.302564754696e-02 -1.389553921027e-01 3.34e-03 4.66e-06 2.15e-05 0.132
  9   -7.589145494752e-02 -1.365802852594e-01 2.84e-03 3.98e-06 4.34e-05 0.135
 10   -8.022711968946e-02 -1.314573374372e-01 2.14e-03 3.01e-06 6.93e-05 0.137
 11   -8.112605497967e-02 -1.304993137130e-01 1.84e-03 2.62e-06 7.44e-05 0.140
 12   -8.603384907055e-02 -1.225928512312e-01 1.17e-03 1.68e-06 6.83e-05 0.143
 13   -8.666374141721e-02 -1.203005754537e-01 8.93e-04 1.29e-06 1.49e-04 0.145
 14   -9.121966708248e-02 -1.121327368125e-01 4.73e-04 6.89e-07 1.14e-04 0.148
 15   -9.463183450778e-02 -1.056003356347e-01 2.19e-04 3.21e-07 6.84e-05 0.151
 16   -9.672641911122e-02 -1.019318657157e-01 7.86e-05 1.11e-07 1.88e-05 0.153
 17   -9.747944080757e-02 -1.004952493161e-01 3.54e-05 5.37e-08 1.70e-05 0.156
 18   -9.828891136398e-02 -9.919168783045e-02 6.90e-06 8.75e-09 3.28e-06 0.159
 19   -9.855291324154e-02 -9.881369507002e-02 1.78e-06 1.95e-09 9.08e-07 0.161
 20   -9.863958138275e-02 -9.869394565519e-02 3.60e-07 2.31e-09 1.78e-07 0.164
 21   -9.865933912928e-02 -9.866692665306e-02 5.01e-08 3.10e-09 2.22e-08 0.167
 22   -9.866213952480e-02 -9.866310394645e-02 6.37e-09 6.41e-09 2.58e-09 0.170
 23   -9.866249807692e-02 -9.866261385665e-02 7.65e-10 4.05e-08 2.87e-10 0.172
 24   -9.866254114230e-02 -9.866255481142e-02 9.05e-11 2.49e-06 3.12e-11 0.175
 25   -9.866254627817e-02 -9.866254774159e-02 9.70e-12 4.19e-06 3.26e-12 0.178
 26   -9.866254683094e-02 -9.866254697798e-02 9.74e-13 2.81e-06 3.30e-13 0.180
 27   -9.866254688640e-02 -9.866254690141e-02 9.90e-14 3.58e-05 3.36e-14 0.183
 28   -9.866254689205e-02 -9.866254689372e-02 1.07e-14 4.18e-05 3.25e-15 0.186
 29   -9.866254689257e-02 -9.866254689305e-02 2.89e-15 3.83e-03 1.47e-15 0.188
 30   -9.866254689264e-02 -9.866254689297e-02 2.00e-15 6.45e-04 5.34e-16 0.191
 31   -9.866254689274e-02 -9.866254689285e-02 6.66e-16 2.67e-02 1.66e-16 0.194
Numerical error in objective
Restoring previous solution


Suboptimal solution found in 32 iterations and 0.20 seconds
Objective -9.86621395e-02
Primal infeasibility (abs/rel): 1.27e-08/6.37e-09
Dual infeasibility   (abs/rel): 7.07e-09/6.41e-09
Complementarity gap  (abs/rel): 2.84e-09/2.58e-09


Barrier finished in 0.20 seconds
Dual variables for problems with quadratic constraints not returned.


======================================================================================================================
=== [53/101] defaults_and_tuned_step_ir_cudssdet/step0.9_ir0-off_det1/default/cold/t00.log
----------------------------------------------------------------------------------------------------------------------
=== 30 iterations, 1.47s, restored objective -9.85632600e-02, series cold
=== peak dual infeasibility over the last 6 iterations 2.32e-03
=== SETTINGS
===   config     defaults_and_tuned_step_ir_cudssdet/step0.9_ir0-off_det1
===   [command]  python socp_resolve_benchmark/cuopt_socp_resolve_cache.py --configs default --cold-only --K 20 --step-scale 0.9 --ir 0 --bound-free-vars 0 --cudss-deterministic 1 --save-logs socp_resolve_benchmark/logs/defaults_and_tuned_step_ir_cudssdet/step0.9_ir0-off_det1
===   [family]   cold solves only; step scale, refinement mode and cuDSS determinism are the swept axes; bound_free_vars=0, initial point Automatic (SedumiMu on cones), everything else default
===   [log]      barrier_presolve_bound_free_variables = 0 (free variables handled directly)
===   [log]      cudss_deterministic = true
===   [log]      augmented system
===   [log]      barrier_adaptive_regularization = on
===   [log]      full setup ran (reordering + symbolic factorization), so no cache reuse
======================================================================================================================
cuOpt version: 26.10.0, git hash: 648f805d, host arch: x86_64, device archs: 80-real
CPU: AMD EPYC 7642 48-Core Processor, threads: 5C/5T
CPU SIMD target: AVX2
CUDA 12.9, device: NVIDIA A100 80GB PCIe (ID 0), VRAM: 79.44 GiB
Problem has 1 quadratic constraints. Converting to second-order cones and solving with barrier.
Handling 50 free variables directly in augmented system
Presolved problem: 5103 constraints 10102 variables 265152 nonzeros
Skipping Ruiz equilibration (row norm ratio 1.4, column norm ratio 1.4 < 5e4, Q coeff ratio 1.0 < 100)
Barrier solver started at 0.035 seconds
Barrier solver: 5103 constraints, 10102 variables, 265152 nonzeros


Second-order cones          : 1
Free variables              : 50
Upper bounds                : 5000
Linear system               : augmented
cuDSS Version               : 0.7.1
cuDSS Threading layer       : libcudss_mtlayer_gomp.so.0
cuDSS solve mode            : deterministic
Reordering time             : 0.129s
Symbolic factorization time : 0.025s
Symbolic nonzeros in factor : 2.79e+05
Elapsed time for augmented  : 0.198 seconds
Elapsed time           : 0.198 seconds
Barrier setup complete at 0.198 seconds
Adaptive regularization enabled


                  Objective                         Infeasibility        Time
Iter   Primal              Dual                Primal   Dual    Compl.   Elapsed
  0   -3.703274138474e+02 -3.710708058040e+02 3.71e+03 1.91e+00 1.19e-02 0.198
  1   -3.742708496745e+01 -3.496357995050e+02 3.74e+02 7.84e-02 1.66e-02 0.241
  2   -3.889594816690e+00 -2.097606983933e+02 3.80e+01 4.70e-02 1.33e-02 0.283
  3   -4.431139956294e-01 -3.238533029997e+01 3.86e+00 5.32e-03 4.56e-03 0.326
  4   -9.289582737909e-02 -4.511250826476e+00 4.09e-01 5.68e-04 6.47e-04 0.368
  5   -5.629298389838e-02 -7.107154340906e-01 4.09e-02 5.69e-05 8.80e-05 0.411
  6   -5.678727200286e-02 -2.028275302720e-01 9.03e-03 1.26e-05 1.79e-05 0.453
  7   -6.884619856509e-02 -1.404952482778e-01 3.99e-03 5.55e-06 7.62e-06 0.495
  8   -7.267796583742e-02 -1.389769700641e-01 3.39e-03 4.73e-06 1.92e-05 0.538
  9   -7.595771919932e-02 -1.361987324361e-01 2.85e-03 3.99e-06 4.91e-05 0.581
 10   -7.855729597246e-02 -1.337716272902e-01 2.33e-03 3.29e-06 7.72e-05 0.623
 11   -8.243799465231e-02 -1.285172846883e-01 1.67e-03 2.37e-06 9.32e-05 0.666
 12   -8.282870248881e-02 -1.276117539004e-01 1.46e-03 2.10e-06 9.20e-05 0.708
 13   -8.683101235203e-02 -1.203241392711e-01 9.47e-04 1.36e-06 7.45e-05 0.751
 14   -8.957770219278e-02 -1.142880024604e-01 5.43e-04 7.93e-07 1.55e-04 0.794
 15   -9.497200408163e-02 -1.048279279166e-01 1.69e-04 2.50e-07 4.47e-05 0.836
 16   -9.688069275738e-02 -1.014701560424e-01 7.23e-05 1.08e-07 1.49e-05 0.879
 17   -9.772428557601e-02 -9.998852884964e-02 3.23e-05 4.81e-08 6.53e-06 0.921
 18   -9.817199864183e-02 -9.913626136126e-02 9.52e-06 2.00e-08 5.85e-06 0.964
 19   -9.846857258555e-02 -9.870089495738e-02 2.07e-06 4.53e-09 1.11e-06 1.006
 20   -9.854103104411e-02 -9.859620863004e-02 4.79e-07 4.51e-09 2.58e-07 1.049
 21   -9.856010385322e-02 -9.856885788679e-02 7.51e-08 3.11e-09 3.67e-08 1.091
 22   -9.856326004513e-02 -9.856435545361e-02 9.40e-09 2.17e-09 4.29e-09 1.134
 23   -9.856365760510e-02 -9.856378797100e-02 1.12e-09 2.66e-08 4.97e-10 1.177
 24   -9.856370502819e-02 -9.856372007865e-02 1.30e-10 2.70e-07 5.69e-11 1.220
 25   -9.856371046617e-02 -9.856371226109e-02 1.55e-11 4.82e-07 6.82e-12 1.262
 26   -9.856371112308e-02 -9.856371131419e-02 1.64e-12 1.49e-06 7.23e-13 1.305
 27   -9.856371119310e-02 -9.856371121362e-02 1.74e-13 3.72e-06 7.64e-14 1.347
 28   -9.856371120062e-02 -9.856371120306e-02 2.00e-14 1.27e-04 9.09e-15 1.390
 29   -9.856371120153e-02 -9.856371120188e-02 2.19e-15 2.32e-03 6.25e-16 1.432
Numerical error in objective
Restoring previous solution


Suboptimal solution found in 30 iterations and 1.47 seconds
Objective -9.85632600e-02
Primal infeasibility (abs/rel): 1.88e-08/9.40e-09
Dual infeasibility   (abs/rel): 2.39e-09/2.17e-09
Complementarity gap  (abs/rel): 4.72e-09/4.29e-09


Barrier finished in 1.48 seconds
Dual variables for problems with quadratic constraints not returned.


======================================================================================================================
=== [54/101] defaults_and_tuned_step_ir_cudssdet/step0.9_ir0-off_det1/default/cold/t01.log
----------------------------------------------------------------------------------------------------------------------
=== 30 iterations, 1.46s, restored objective -9.85078710e-02, series cold
=== peak dual infeasibility over the last 6 iterations 1.45e-03
=== SETTINGS
===   config     defaults_and_tuned_step_ir_cudssdet/step0.9_ir0-off_det1
===   [command]  python socp_resolve_benchmark/cuopt_socp_resolve_cache.py --configs default --cold-only --K 20 --step-scale 0.9 --ir 0 --bound-free-vars 0 --cudss-deterministic 1 --save-logs socp_resolve_benchmark/logs/defaults_and_tuned_step_ir_cudssdet/step0.9_ir0-off_det1
===   [family]   cold solves only; step scale, refinement mode and cuDSS determinism are the swept axes; bound_free_vars=0, initial point Automatic (SedumiMu on cones), everything else default
===   [log]      barrier_presolve_bound_free_variables = 0 (free variables handled directly)
===   [log]      cudss_deterministic = true
===   [log]      augmented system
===   [log]      barrier_adaptive_regularization = on
===   [log]      full setup ran (reordering + symbolic factorization), so no cache reuse
======================================================================================================================
cuOpt version: 26.10.0, git hash: 648f805d, host arch: x86_64, device archs: 80-real
CPU: AMD EPYC 7642 48-Core Processor, threads: 5C/5T
CPU SIMD target: AVX2
CUDA 12.9, device: NVIDIA A100 80GB PCIe (ID 0), VRAM: 79.44 GiB
Problem has 1 quadratic constraints. Converting to second-order cones and solving with barrier.
Handling 50 free variables directly in augmented system
Presolved problem: 5103 constraints 10102 variables 265152 nonzeros
Skipping Ruiz equilibration (row norm ratio 1.4, column norm ratio 1.4 < 5e4, Q coeff ratio 1.0 < 100)
Barrier solver started at 0.023 seconds
Barrier solver: 5103 constraints, 10102 variables, 265152 nonzeros


Second-order cones          : 1
Free variables              : 50
Upper bounds                : 5000
Linear system               : augmented
cuDSS Version               : 0.7.1
cuDSS Threading layer       : libcudss_mtlayer_gomp.so.0
cuDSS solve mode            : deterministic
Reordering time             : 0.126s
Symbolic factorization time : 0.023s
Symbolic nonzeros in factor : 2.79e+05
Elapsed time for augmented  : 0.179 seconds
Elapsed time           : 0.179 seconds
Barrier setup complete at 0.179 seconds
Adaptive regularization enabled


                  Objective                         Infeasibility        Time
Iter   Primal              Dual                Primal   Dual    Compl.   Elapsed
  0   -3.701605598740e+02 -3.710234169387e+02 3.71e+03 1.91e+00 1.19e-02 0.180
  1   -3.741054734111e+01 -3.495882843009e+02 3.74e+02 7.84e-02 1.66e-02 0.223
  2   -3.887937424585e+00 -2.097219591202e+02 3.80e+01 4.70e-02 1.33e-02 0.266
  3   -4.429600748864e-01 -3.237980309341e+01 3.86e+00 5.32e-03 4.56e-03 0.308
  4   -9.287886526988e-02 -4.511798488698e+00 4.09e-01 5.69e-04 6.47e-04 0.351
  5   -5.627296266792e-02 -7.108185056453e-01 4.09e-02 5.69e-05 8.81e-05 0.393
  6   -5.675915972586e-02 -2.026243669903e-01 9.03e-03 1.26e-05 1.79e-05 0.436
  7   -6.888229887226e-02 -1.400990317943e-01 3.96e-03 5.52e-06 7.57e-06 0.478
  8   -7.287822764331e-02 -1.383136560752e-01 3.34e-03 4.67e-06 1.84e-05 0.521
  9   -7.610926501670e-02 -1.355459723107e-01 2.79e-03 3.92e-06 3.64e-05 0.564
 10   -8.087317805360e-02 -1.298397395733e-01 2.02e-03 2.84e-06 5.26e-05 0.606
 11   -8.196679374667e-02 -1.284888757603e-01 1.67e-03 2.38e-06 5.28e-05 0.649
 12   -8.703913414670e-02 -1.201270938813e-01 9.97e-04 1.42e-06 5.44e-05 0.691
 13   -8.777571547237e-02 -1.172967537543e-01 7.19e-04 1.04e-06 1.84e-04 0.734
 14   -9.271123076406e-02 -1.085897864276e-01 3.18e-04 4.64e-07 1.14e-04 0.777
 15   -9.553767777249e-02 -1.034395370345e-01 1.33e-04 1.95e-07 5.56e-05 0.819
 16   -9.738505389657e-02 -1.003410253816e-01 4.04e-05 5.48e-08 1.24e-05 0.862
 17   -9.798807160518e-02 -9.931110559710e-02 1.49e-05 1.88e-08 5.31e-06 0.904
 18   -9.829710866407e-02 -9.880448780066e-02 4.38e-06 8.45e-09 2.57e-06 0.947
 19   -9.847163765327e-02 -9.855906430539e-02 7.36e-07 4.22e-09 3.80e-07 0.990
 20   -9.850141214411e-02 -9.851729556352e-02 1.33e-07 4.65e-09 6.11e-08 1.032
 21   -9.850694710505e-02 -9.850952406316e-02 2.15e-08 4.04e-09 8.79e-09 1.075
 22   -9.850787103943e-02 -9.850822721108e-02 2.96e-09 2.58e-09 1.04e-09 1.117
 23   -9.850799867144e-02 -9.850804786393e-02 4.10e-10 5.97e-09 1.30e-10 1.160
 24   -9.850801607298e-02 -9.850802330201e-02 6.05e-11 3.74e-07 1.69e-11 1.202
 25   -9.850801862662e-02 -9.850801967699e-02 8.85e-12 2.24e-06 2.18e-12 1.245
 26   -9.850801899619e-02 -9.850801914659e-02 1.29e-12 2.80e-06 2.57e-13 1.287
 27   -9.850801904663e-02 -9.850801907246e-02 2.36e-13 3.66e-05 4.81e-14 1.330
 28   -9.850801905477e-02 -9.850801905981e-02 5.02e-14 5.34e-04 1.15e-14 1.372
 29   -9.850801905645e-02 -9.850801905671e-02 1.40e-14 1.45e-03 1.39e-15 1.414
Numerical error in objective
Restoring previous solution


Suboptimal solution found in 30 iterations and 1.46 seconds
Objective -9.85078710e-02
Primal infeasibility (abs/rel): 5.93e-09/2.96e-09
Dual infeasibility   (abs/rel): 2.84e-09/2.58e-09
Complementarity gap  (abs/rel): 1.14e-09/1.04e-09


Barrier finished in 1.46 seconds
Dual variables for problems with quadratic constraints not returned.


======================================================================================================================
=== [55/101] defaults_and_tuned_step_ir_cudssdet/step0.9_ir0-off_det1/default/cold/t02.log
----------------------------------------------------------------------------------------------------------------------
=== 30 iterations, 1.45s, restored objective -9.86681345e-02, series cold
=== peak dual infeasibility over the last 6 iterations 1.05e-03
=== SETTINGS
===   config     defaults_and_tuned_step_ir_cudssdet/step0.9_ir0-off_det1
===   [command]  python socp_resolve_benchmark/cuopt_socp_resolve_cache.py --configs default --cold-only --K 20 --step-scale 0.9 --ir 0 --bound-free-vars 0 --cudss-deterministic 1 --save-logs socp_resolve_benchmark/logs/defaults_and_tuned_step_ir_cudssdet/step0.9_ir0-off_det1
===   [family]   cold solves only; step scale, refinement mode and cuDSS determinism are the swept axes; bound_free_vars=0, initial point Automatic (SedumiMu on cones), everything else default
===   [log]      barrier_presolve_bound_free_variables = 0 (free variables handled directly)
===   [log]      cudss_deterministic = true
===   [log]      augmented system
===   [log]      barrier_adaptive_regularization = on
===   [log]      full setup ran (reordering + symbolic factorization), so no cache reuse
======================================================================================================================
cuOpt version: 26.10.0, git hash: 648f805d, host arch: x86_64, device archs: 80-real
CPU: AMD EPYC 7642 48-Core Processor, threads: 5C/5T
CPU SIMD target: AVX2
CUDA 12.9, device: NVIDIA A100 80GB PCIe (ID 0), VRAM: 79.44 GiB
Problem has 1 quadratic constraints. Converting to second-order cones and solving with barrier.
Handling 50 free variables directly in augmented system
Presolved problem: 5103 constraints 10102 variables 265152 nonzeros
Skipping Ruiz equilibration (row norm ratio 1.4, column norm ratio 1.4 < 5e4, Q coeff ratio 1.0 < 100)
Barrier solver started at 0.029 seconds
Barrier solver: 5103 constraints, 10102 variables, 265152 nonzeros


Second-order cones          : 1
Free variables              : 50
Upper bounds                : 5000
Linear system               : augmented
cuDSS Version               : 0.7.1
cuDSS Threading layer       : libcudss_mtlayer_gomp.so.0
cuDSS solve mode            : deterministic
Reordering time             : 0.115s
Symbolic factorization time : 0.024s
Symbolic nonzeros in factor : 2.79e+05
Elapsed time for augmented  : 0.174 seconds
Elapsed time           : 0.174 seconds
Barrier setup complete at 0.174 seconds
Adaptive regularization enabled


                  Objective                         Infeasibility        Time
Iter   Primal              Dual                Primal   Dual    Compl.   Elapsed
  0   -3.702509737108e+02 -3.710937010099e+02 3.71e+03 1.91e+00 1.19e-02 0.175
  1   -3.741942826867e+01 -3.496586650456e+02 3.74e+02 7.84e-02 1.66e-02 0.218
  2   -3.888833825679e+00 -2.097808201879e+02 3.80e+01 4.70e-02 1.33e-02 0.261
  3   -4.430335901938e-01 -3.239045893366e+01 3.86e+00 5.32e-03 4.56e-03 0.304
  4   -9.288170180976e-02 -4.512561644007e+00 4.09e-01 5.69e-04 6.47e-04 0.346
  5   -5.627609628505e-02 -7.109288632149e-01 4.09e-02 5.69e-05 8.81e-05 0.389
  6   -5.676233477995e-02 -2.033124999161e-01 9.07e-03 1.26e-05 1.79e-05 0.431
  7   -6.873002740274e-02 -1.408716390055e-01 4.01e-03 5.58e-06 7.66e-06 0.474
  8   -7.285289933678e-02 -1.391244740402e-01 3.37e-03 4.70e-06 2.03e-05 0.516
  9   -7.477680772650e-02 -1.378568535395e-01 3.00e-03 4.20e-06 3.22e-05 0.559
 10   -7.901092910811e-02 -1.327269270237e-01 2.36e-03 3.32e-06 5.32e-05 0.601
 11   -8.004650175085e-02 -1.317322246598e-01 1.98e-03 2.81e-06 6.58e-05 0.644
 12   -8.661857016976e-02 -1.214058187750e-01 1.05e-03 1.49e-06 7.24e-05 0.687
 13   -8.936169266256e-02 -1.150097564287e-01 5.69e-04 8.13e-07 1.44e-04 0.729
 14   -9.415292681738e-02 -1.065992772187e-01 2.40e-04 3.47e-07 5.41e-05 0.772
 15   -9.632237173072e-02 -1.026847371497e-01 1.11e-04 1.63e-07 2.52e-05 0.814
 16   -9.750480232611e-02 -1.005528730575e-01 4.01e-05 5.72e-08 8.28e-06 0.857
 17   -9.814846042462e-02 -9.941995888301e-02 1.19e-05 2.19e-08 5.92e-06 0.900
 18   -9.847570344092e-02 -9.894412103254e-02 4.13e-06 3.75e-09 2.27e-06 0.942
 19   -9.862071406678e-02 -9.873463248949e-02 8.99e-07 4.06e-09 4.61e-07 0.985
 20   -9.865965756011e-02 -9.868014607784e-02 1.58e-07 2.92e-09 8.05e-08 1.027
 21   -9.866724161766e-02 -9.866965136715e-02 1.85e-08 4.08e-09 9.36e-09 1.070
 22   -9.866813445629e-02 -9.866841466918e-02 2.16e-09 4.06e-09 1.04e-09 1.113
 23   -9.866823895313e-02 -9.866826973840e-02 2.37e-10 1.05e-07 1.15e-10 1.155
 24   -9.866825028971e-02 -9.866825397290e-02 2.84e-11 1.65e-06 1.41e-11 1.198
 25   -9.866825166544e-02 -9.866825206010e-02 3.02e-12 2.96e-07 1.50e-12 1.241
 26   -9.866825181418e-02 -9.866825185542e-02 3.07e-13 1.10e-05 1.54e-13 1.283
 27   -9.866825182998e-02 -9.866825183455e-02 3.12e-14 4.04e-05 1.55e-14 1.326
 28   -9.866825183183e-02 -9.866825183239e-02 5.77e-15 1.05e-03 1.03e-15 1.369
 29   -9.866825183202e-02 -9.866825183223e-02 2.94e-15 5.20e-04 4.61e-16 1.412
Numerical error in objective
Restoring previous solution


Suboptimal solution found in 30 iterations and 1.45 seconds
Objective -9.86681345e-02
Primal infeasibility (abs/rel): 4.32e-09/2.16e-09
Dual infeasibility   (abs/rel): 4.48e-09/4.06e-09
Complementarity gap  (abs/rel): 1.14e-09/1.04e-09


Barrier finished in 1.46 seconds
Dual variables for problems with quadratic constraints not returned.


======================================================================================================================
=== [56/101] defaults_and_tuned_step_ir_cudssdet/step0.9_ir0-off_det1/default/cold/t03.log
----------------------------------------------------------------------------------------------------------------------
=== 30 iterations, 1.45s, restored objective -9.88233885e-02, series cold
=== peak dual infeasibility over the last 6 iterations 1.70e-03
=== SETTINGS
===   config     defaults_and_tuned_step_ir_cudssdet/step0.9_ir0-off_det1
===   [command]  python socp_resolve_benchmark/cuopt_socp_resolve_cache.py --configs default --cold-only --K 20 --step-scale 0.9 --ir 0 --bound-free-vars 0 --cudss-deterministic 1 --save-logs socp_resolve_benchmark/logs/defaults_and_tuned_step_ir_cudssdet/step0.9_ir0-off_det1
===   [family]   cold solves only; step scale, refinement mode and cuDSS determinism are the swept axes; bound_free_vars=0, initial point Automatic (SedumiMu on cones), everything else default
===   [log]      barrier_presolve_bound_free_variables = 0 (free variables handled directly)
===   [log]      cudss_deterministic = true
===   [log]      augmented system
===   [log]      barrier_adaptive_regularization = on
===   [log]      full setup ran (reordering + symbolic factorization), so no cache reuse
======================================================================================================================
cuOpt version: 26.10.0, git hash: 648f805d, host arch: x86_64, device archs: 80-real
CPU: AMD EPYC 7642 48-Core Processor, threads: 5C/5T
CPU SIMD target: AVX2
CUDA 12.9, device: NVIDIA A100 80GB PCIe (ID 0), VRAM: 79.44 GiB
Problem has 1 quadratic constraints. Converting to second-order cones and solving with barrier.
Handling 50 free variables directly in augmented system
Presolved problem: 5103 constraints 10102 variables 265152 nonzeros
Skipping Ruiz equilibration (row norm ratio 1.4, column norm ratio 1.4 < 5e4, Q coeff ratio 1.0 < 100)
Barrier solver started at 0.030 seconds
Barrier solver: 5103 constraints, 10102 variables, 265152 nonzeros


Second-order cones          : 1
Free variables              : 50
Upper bounds                : 5000
Linear system               : augmented
cuDSS Version               : 0.7.1
cuDSS Threading layer       : libcudss_mtlayer_gomp.so.0
cuDSS solve mode            : deterministic
Reordering time             : 0.111s
Symbolic factorization time : 0.023s
Symbolic nonzeros in factor : 2.79e+05
Elapsed time for augmented  : 0.172 seconds
Elapsed time           : 0.172 seconds
Barrier setup complete at 0.172 seconds
Adaptive regularization enabled


                  Objective                         Infeasibility        Time
Iter   Primal              Dual                Primal   Dual    Compl.   Elapsed
  0   -3.704296579021e+02 -3.711143874095e+02 3.71e+03 1.91e+00 1.19e-02 0.172
  1   -3.743805307985e+01 -3.496794821106e+02 3.74e+02 7.84e-02 1.66e-02 0.216
  2   -3.890892603378e+00 -2.098000848634e+02 3.81e+01 4.70e-02 1.33e-02 0.258
  3   -4.432644685344e-01 -3.239481418192e+01 3.86e+00 5.32e-03 4.56e-03 0.301
  4   -9.292787239817e-02 -4.513226364230e+00 4.09e-01 5.69e-04 6.47e-04 0.343
  5   -5.630208086608e-02 -7.110613316177e-01 4.09e-02 5.69e-05 8.81e-05 0.385
  6   -5.679115464956e-02 -2.028173656094e-01 9.03e-03 1.26e-05 1.79e-05 0.428
  7   -6.885150895188e-02 -1.407273412339e-01 4.00e-03 5.57e-06 7.64e-06 0.471
  8   -7.258872309453e-02 -1.393006715947e-01 3.43e-03 4.78e-06 1.78e-05 0.513
  9   -7.504651573694e-02 -1.376439988769e-01 2.99e-03 4.18e-06 3.86e-05 0.555
 10   -7.959334546674e-02 -1.323717210389e-01 2.28e-03 3.21e-06 6.84e-05 0.598
 11   -8.076572150090e-02 -1.311923553087e-01 1.89e-03 2.69e-06 7.26e-05 0.641
 12   -8.623963945234e-02 -1.226284089846e-01 1.10e-03 1.56e-06 6.79e-05 0.683
 13   -8.791722104517e-02 -1.184098044132e-01 7.44e-04 1.07e-06 1.45e-04 0.726
 14   -9.323286531443e-02 -1.086322027707e-01 3.17e-04 4.60e-07 7.57e-05 0.768
 15   -9.543165710494e-02 -1.045150206733e-01 1.39e-04 2.04e-07 3.89e-05 0.811
 16   -9.737225519550e-02 -1.012379981278e-01 5.18e-05 7.31e-08 1.38e-05 0.853
 17   -9.813397090813e-02 -9.988791338350e-02 1.81e-05 2.61e-08 5.79e-06 0.896
 18   -9.850905870766e-02 -9.926539334788e-02 5.95e-06 1.29e-08 3.99e-06 0.938
 19   -9.876128939749e-02 -9.891001795504e-02 1.07e-06 3.67e-09 6.55e-07 0.980
 20   -9.881065284139e-02 -9.884131051430e-02 2.02e-07 4.42e-09 1.12e-07 1.023
 21   -9.882154075915e-02 -9.882650460975e-02 3.24e-08 4.17e-09 1.60e-08 1.065
 22   -9.882338852431e-02 -9.882399876416e-02 3.99e-09 6.19e-09 1.84e-09 1.108
 23   -9.882361782619e-02 -9.882368716456e-02 4.54e-10 1.87e-08 2.07e-10 1.150
 24   -9.882364378752e-02 -9.882365174858e-02 5.22e-11 6.20e-07 2.41e-11 1.193
 25   -9.882364679518e-02 -9.882364763149e-02 5.48e-12 1.11e-06 2.53e-12 1.236
 26   -9.882364711143e-02 -9.882364719810e-02 5.65e-13 1.80e-06 2.59e-13 1.278
 27   -9.882364714425e-02 -9.882364715340e-02 5.95e-14 1.17e-04 2.80e-14 1.321
 28   -9.882364714768e-02 -9.882364714884e-02 6.88e-15 1.02e-05 2.71e-15 1.363
 29   -9.882364714812e-02 -9.882364714830e-02 8.33e-16 1.70e-03 3.75e-16 1.406
Numerical error in objective
Restoring previous solution


Suboptimal solution found in 30 iterations and 1.45 seconds
Objective -9.88233885e-02
Primal infeasibility (abs/rel): 7.98e-09/3.99e-09
Dual infeasibility   (abs/rel): 6.82e-09/6.19e-09
Complementarity gap  (abs/rel): 2.02e-09/1.84e-09


Barrier finished in 1.45 seconds
Dual variables for problems with quadratic constraints not returned.


======================================================================================================================
=== [57/101] defaults_and_tuned_step_ir_cudssdet/step0.9_ir0-off_det1/default/cold/t04.log
----------------------------------------------------------------------------------------------------------------------
=== 30 iterations, 1.47s, restored objective -9.84924437e-02, series cold
=== peak dual infeasibility over the last 6 iterations 5.88e-03
=== SETTINGS
===   config     defaults_and_tuned_step_ir_cudssdet/step0.9_ir0-off_det1
===   [command]  python socp_resolve_benchmark/cuopt_socp_resolve_cache.py --configs default --cold-only --K 20 --step-scale 0.9 --ir 0 --bound-free-vars 0 --cudss-deterministic 1 --save-logs socp_resolve_benchmark/logs/defaults_and_tuned_step_ir_cudssdet/step0.9_ir0-off_det1
===   [family]   cold solves only; step scale, refinement mode and cuDSS determinism are the swept axes; bound_free_vars=0, initial point Automatic (SedumiMu on cones), everything else default
===   [log]      barrier_presolve_bound_free_variables = 0 (free variables handled directly)
===   [log]      cudss_deterministic = true
===   [log]      augmented system
===   [log]      barrier_adaptive_regularization = on
===   [log]      full setup ran (reordering + symbolic factorization), so no cache reuse
======================================================================================================================
cuOpt version: 26.10.0, git hash: 648f805d, host arch: x86_64, device archs: 80-real
CPU: AMD EPYC 7642 48-Core Processor, threads: 5C/5T
CPU SIMD target: AVX2
CUDA 12.9, device: NVIDIA A100 80GB PCIe (ID 0), VRAM: 79.44 GiB
Problem has 1 quadratic constraints. Converting to second-order cones and solving with barrier.
Handling 50 free variables directly in augmented system
Presolved problem: 5103 constraints 10102 variables 265152 nonzeros
Skipping Ruiz equilibration (row norm ratio 1.4, column norm ratio 1.4 < 5e4, Q coeff ratio 1.0 < 100)
Barrier solver started at 0.028 seconds
Barrier solver: 5103 constraints, 10102 variables, 265152 nonzeros


Second-order cones          : 1
Free variables              : 50
Upper bounds                : 5000
Linear system               : augmented
cuDSS Version               : 0.7.1
cuDSS Threading layer       : libcudss_mtlayer_gomp.so.0
cuDSS solve mode            : deterministic
Reordering time             : 0.137s
Symbolic factorization time : 0.024s
Symbolic nonzeros in factor : 2.79e+05
Elapsed time for augmented  : 0.195 seconds
Elapsed time           : 0.195 seconds
Barrier setup complete at 0.195 seconds
Adaptive regularization enabled


                  Objective                         Infeasibility        Time
Iter   Primal              Dual                Primal   Dual    Compl.   Elapsed
  0   -3.702624119443e+02 -3.710387458059e+02 3.71e+03 1.91e+00 1.19e-02 0.196
  1   -3.742079804773e+01 -3.496036719201e+02 3.74e+02 7.84e-02 1.66e-02 0.239
  2   -3.888994022658e+00 -2.097346658157e+02 3.80e+01 4.70e-02 1.33e-02 0.281
  3   -4.430512189107e-01 -3.238077215366e+01 3.86e+00 5.32e-03 4.56e-03 0.323
  4   -9.288389423745e-02 -4.510664335250e+00 4.09e-01 5.68e-04 6.47e-04 0.366
  5   -5.628571692259e-02 -7.106213628550e-01 4.09e-02 5.69e-05 8.80e-05 0.408
  6   -5.677723466270e-02 -2.023843147277e-01 9.01e-03 1.25e-05 1.78e-05 0.451
  7   -6.888703843066e-02 -1.402318576557e-01 3.97e-03 5.53e-06 7.59e-06 0.493
  8   -7.323101576256e-02 -1.384589041649e-01 3.29e-03 4.59e-06 2.13e-05 0.536
  9   -7.617083067336e-02 -1.359066570452e-01 2.79e-03 3.91e-06 4.75e-05 0.579
 10   -8.013365014212e-02 -1.313973899932e-01 2.11e-03 2.98e-06 8.10e-05 0.622
 11   -8.114872817277e-02 -1.302550229335e-01 1.79e-03 2.55e-06 8.57e-05 0.664
 12   -8.613153912176e-02 -1.220822230485e-01 1.13e-03 1.62e-06 8.44e-05 0.707
 13   -8.658084322805e-02 -1.197338085283e-01 8.41e-04 1.22e-06 2.03e-04 0.750
 14   -9.079229602111e-02 -1.122951941435e-01 4.75e-04 6.93e-07 1.64e-04 0.792
 15   -9.473575533387e-02 -1.049139514016e-01 2.00e-04 2.94e-07 7.82e-05 0.835
 16   -9.673566243813e-02 -1.013424678272e-01 5.96e-05 8.34e-08 1.70e-05 0.878
 17   -9.765736945421e-02 -9.976408998059e-02 2.15e-05 3.07e-08 8.53e-06 0.920
 18   -9.807935058730e-02 -9.909375610440e-02 8.94e-06 1.37e-08 5.25e-06 0.962
 19   -9.838783285413e-02 -9.862800605238e-02 1.10e-06 2.35e-09 8.47e-07 1.004
 20   -9.846838476517e-02 -9.852428709929e-02 2.49e-07 3.29e-09 2.04e-07 1.047
 21   -9.848938265873e-02 -9.849739404823e-02 3.55e-08 4.00e-09 2.59e-08 1.089
 22   -9.849244373663e-02 -9.849347832905e-02 4.58e-09 6.84e-10 2.99e-09 1.132
 23   -9.849284646357e-02 -9.849296269102e-02 5.15e-10 1.14e-08 3.20e-10 1.175
 24   -9.849289214140e-02 -9.849290403624e-02 5.28e-11 4.31e-07 3.29e-11 1.217
 25   -9.849289681368e-02 -9.849289800786e-02 5.33e-12 5.78e-07 3.31e-12 1.259
 26   -9.849289728138e-02 -9.849289740045e-02 5.36e-13 6.12e-06 3.31e-13 1.302
 27   -9.849289732777e-02 -9.849289733950e-02 5.38e-14 3.44e-05 3.45e-14 1.344
 28   -9.849289733227e-02 -9.849289733341e-02 4.33e-15 2.57e-04 3.98e-15 1.386
 29   -9.849289733269e-02 -9.849289733279e-02 1.22e-15 5.88e-03 1.36e-16 1.428
Numerical error in objective
Restoring previous solution


Suboptimal solution found in 30 iterations and 1.47 seconds
Objective -9.84924437e-02
Primal infeasibility (abs/rel): 9.16e-09/4.58e-09
Dual infeasibility   (abs/rel): 7.53e-10/6.84e-10
Complementarity gap  (abs/rel): 3.29e-09/2.99e-09


Barrier finished in 1.47 seconds
Dual variables for problems with quadratic constraints not returned.


======================================================================================================================
=== [58/101] defaults_and_tuned_step_ir_cudssdet/step0.9_ir0-off_det1/default/cold/t05.log
----------------------------------------------------------------------------------------------------------------------
=== 32 iterations, 1.56s, restored objective -9.87543423e-02, series cold
=== peak dual infeasibility over the last 6 iterations 1.36e-02
=== SETTINGS
===   config     defaults_and_tuned_step_ir_cudssdet/step0.9_ir0-off_det1
===   [command]  python socp_resolve_benchmark/cuopt_socp_resolve_cache.py --configs default --cold-only --K 20 --step-scale 0.9 --ir 0 --bound-free-vars 0 --cudss-deterministic 1 --save-logs socp_resolve_benchmark/logs/defaults_and_tuned_step_ir_cudssdet/step0.9_ir0-off_det1
===   [family]   cold solves only; step scale, refinement mode and cuDSS determinism are the swept axes; bound_free_vars=0, initial point Automatic (SedumiMu on cones), everything else default
===   [log]      barrier_presolve_bound_free_variables = 0 (free variables handled directly)
===   [log]      cudss_deterministic = true
===   [log]      augmented system
===   [log]      barrier_adaptive_regularization = on
===   [log]      full setup ran (reordering + symbolic factorization), so no cache reuse
======================================================================================================================
cuOpt version: 26.10.0, git hash: 648f805d, host arch: x86_64, device archs: 80-real
CPU: AMD EPYC 7642 48-Core Processor, threads: 5C/5T
CPU SIMD target: AVX2
CUDA 12.9, device: NVIDIA A100 80GB PCIe (ID 0), VRAM: 79.44 GiB
Problem has 1 quadratic constraints. Converting to second-order cones and solving with barrier.
Handling 50 free variables directly in augmented system
Presolved problem: 5103 constraints 10102 variables 265152 nonzeros
Skipping Ruiz equilibration (row norm ratio 1.4, column norm ratio 1.4 < 5e4, Q coeff ratio 1.0 < 100)
Barrier solver started at 0.028 seconds
Barrier solver: 5103 constraints, 10102 variables, 265152 nonzeros


Second-order cones          : 1
Free variables              : 50
Upper bounds                : 5000
Linear system               : augmented
cuDSS Version               : 0.7.1
cuDSS Threading layer       : libcudss_mtlayer_gomp.so.0
cuDSS solve mode            : deterministic
Reordering time             : 0.135s
Symbolic factorization time : 0.023s
Symbolic nonzeros in factor : 2.79e+05
Elapsed time for augmented  : 0.193 seconds
Elapsed time           : 0.193 seconds
Barrier setup complete at 0.193 seconds
Adaptive regularization enabled


                  Objective                         Infeasibility        Time
Iter   Primal              Dual                Primal   Dual    Compl.   Elapsed
  0   -3.704291987375e+02 -3.711395609108e+02 3.71e+03 1.91e+00 1.19e-02 0.194
  1   -3.743741833458e+01 -3.497046453170e+02 3.74e+02 7.84e-02 1.66e-02 0.237
  2   -3.890680466703e+00 -2.098194050830e+02 3.81e+01 4.70e-02 1.33e-02 0.279
  3   -4.432259689615e-01 -3.239729120834e+01 3.86e+00 5.32e-03 4.56e-03 0.322
  4   -9.291614902950e-02 -4.513183564295e+00 4.09e-01 5.69e-04 6.47e-04 0.364
  5   -5.629790137164e-02 -7.110357808581e-01 4.09e-02 5.69e-05 8.80e-05 0.407
  6   -5.678707111507e-02 -2.035525602121e-01 9.08e-03 1.26e-05 1.79e-05 0.449
  7   -6.872850667656e-02 -1.410848213670e-01 4.02e-03 5.60e-06 7.68e-06 0.492
  8   -7.252539016694e-02 -1.393039744791e-01 3.42e-03 4.78e-06 1.87e-05 0.534
  9   -7.579258461868e-02 -1.366866487601e-01 2.85e-03 4.00e-06 3.07e-05 0.577
 10   -8.100918068149e-02 -1.300791438022e-01 2.05e-03 2.89e-06 4.59e-05 0.619
 11   -8.218462935478e-02 -1.286200569971e-01 1.69e-03 2.40e-06 5.10e-05 0.662
 12   -8.767314645485e-02 -1.195230184607e-01 1.00e-03 1.43e-06 5.06e-05 0.704
 13   -8.858593300460e-02 -1.167187217258e-01 7.02e-04 1.01e-06 1.02e-04 0.747
 14   -9.161044242417e-02 -1.112761841220e-01 4.19e-04 6.13e-07 1.01e-04 0.790
 15   -9.478786793131e-02 -1.055161990299e-01 2.05e-04 3.03e-07 6.09e-05 0.833
 16   -9.695508086655e-02 -1.018354585513e-01 7.97e-05 1.14e-07 1.92e-05 0.875
 17   -9.767311796421e-02 -1.003901951898e-01 3.10e-05 4.90e-08 1.79e-05 0.918
 18   -9.823501226893e-02 -9.951410682317e-02 1.27e-05 1.90e-08 9.80e-06 0.960
 19   -9.862094088302e-02 -9.893677606306e-02 2.26e-06 3.23e-09 1.68e-06 1.003
 20   -9.871552381428e-02 -9.880696451886e-02 6.24e-07 2.85e-09 5.01e-07 1.046
 21   -9.874839067063e-02 -9.876249115749e-02 8.91e-08 3.30e-09 6.71e-08 1.088
 22   -9.875365425610e-02 -9.875550522763e-02 1.17e-08 4.93e-09 7.80e-09 1.131
 23   -9.875434225276e-02 -9.875459150107e-02 1.58e-09 3.51e-09 9.19e-10 1.174
 24   -9.875443453599e-02 -9.875446867401e-02 2.17e-10 7.70e-09 1.08e-10 1.216
 25   -9.875444708312e-02 -9.875445190198e-02 3.07e-11 1.23e-06 1.26e-11 1.259
 26   -9.875444884757e-02 -9.875444952329e-02 4.35e-12 2.87e-06 1.50e-12 1.301
 27   -9.875444909705e-02 -9.875444918078e-02 5.49e-13 2.09e-05 1.76e-13 1.344
 28   -9.875444912819e-02 -9.875444913646e-02 5.71e-14 1.81e-04 1.95e-14 1.387
 29   -9.875444913116e-02 -9.875444913198e-02 6.33e-15 3.32e-04 1.82e-15 1.429
 30   -9.875444913144e-02 -9.875444913152e-02 1.11e-15 2.84e-04 1.32e-16 1.472
 31   -9.875444913146e-02 -9.875444913149e-02 1.33e-15 1.36e-02 1.04e-15 1.514
Numerical error in objective
Restoring previous solution


Suboptimal solution found in 32 iterations and 1.56 seconds
Objective -9.87543423e-02
Primal infeasibility (abs/rel): 3.16e-09/1.58e-09
Dual infeasibility   (abs/rel): 3.87e-09/3.51e-09
Complementarity gap  (abs/rel): 1.01e-09/9.19e-10


Barrier finished in 1.56 seconds
Dual variables for problems with quadratic constraints not returned.


======================================================================================================================
=== [59/101] defaults_and_tuned_step_ir_cudssdet/step0.9_ir0-off_det1/default/cold/t06.log
----------------------------------------------------------------------------------------------------------------------
=== 30 iterations, 1.51s, restored objective -9.84738454e-02, series cold
=== peak dual infeasibility over the last 6 iterations 4.22e-04
=== SETTINGS
===   config     defaults_and_tuned_step_ir_cudssdet/step0.9_ir0-off_det1
===   [command]  python socp_resolve_benchmark/cuopt_socp_resolve_cache.py --configs default --cold-only --K 20 --step-scale 0.9 --ir 0 --bound-free-vars 0 --cudss-deterministic 1 --save-logs socp_resolve_benchmark/logs/defaults_and_tuned_step_ir_cudssdet/step0.9_ir0-off_det1
===   [family]   cold solves only; step scale, refinement mode and cuDSS determinism are the swept axes; bound_free_vars=0, initial point Automatic (SedumiMu on cones), everything else default
===   [log]      barrier_presolve_bound_free_variables = 0 (free variables handled directly)
===   [log]      cudss_deterministic = true
===   [log]      augmented system
===   [log]      barrier_adaptive_regularization = on
===   [log]      full setup ran (reordering + symbolic factorization), so no cache reuse
======================================================================================================================
cuOpt version: 26.10.0, git hash: 648f805d, host arch: x86_64, device archs: 80-real
CPU: AMD EPYC 7642 48-Core Processor, threads: 5C/5T
CPU SIMD target: AVX2
CUDA 12.9, device: NVIDIA A100 80GB PCIe (ID 0), VRAM: 79.44 GiB
Problem has 1 quadratic constraints. Converting to second-order cones and solving with barrier.
Handling 50 free variables directly in augmented system
Presolved problem: 5103 constraints 10102 variables 265152 nonzeros
Skipping Ruiz equilibration (row norm ratio 1.4, column norm ratio 1.4 < 5e4, Q coeff ratio 1.0 < 100)
Barrier solver started at 0.028 seconds
Barrier solver: 5103 constraints, 10102 variables, 265152 nonzeros


Second-order cones          : 1
Free variables              : 50
Upper bounds                : 5000
Linear system               : augmented
cuDSS Version               : 0.7.1
cuDSS Threading layer       : libcudss_mtlayer_gomp.so.0
cuDSS solve mode            : deterministic
Reordering time             : 0.163s
Symbolic factorization time : 0.028s
Symbolic nonzeros in factor : 2.79e+05
Elapsed time for augmented  : 0.227 seconds
Elapsed time           : 0.227 seconds
Barrier setup complete at 0.227 seconds
Adaptive regularization enabled


                  Objective                         Infeasibility        Time
Iter   Primal              Dual                Primal   Dual    Compl.   Elapsed
  0   -3.704490508896e+02 -3.710981922775e+02 3.71e+03 1.91e+00 1.19e-02 0.227
  1   -3.743964467662e+01 -3.496632394489e+02 3.74e+02 7.84e-02 1.66e-02 0.271
  2   -3.890973967415e+00 -2.097851600013e+02 3.80e+01 4.70e-02 1.33e-02 0.313
  3   -4.433049750783e-01 -3.239282437793e+01 3.86e+00 5.32e-03 4.56e-03 0.356
  4   -9.294831863484e-02 -4.513914817083e+00 4.09e-01 5.69e-04 6.48e-04 0.398
  5   -5.630835777121e-02 -7.111924218055e-01 4.09e-02 5.69e-05 8.82e-05 0.440
  6   -5.679488036834e-02 -2.026136047618e-01 9.02e-03 1.26e-05 1.79e-05 0.483
  7   -6.896530064608e-02 -1.398856228560e-01 3.95e-03 5.50e-06 7.54e-06 0.526
  8   -7.265414741314e-02 -1.383512903897e-01 3.39e-03 4.74e-06 1.52e-05 0.568
  9   -7.517424254740e-02 -1.367378070628e-01 2.94e-03 4.12e-06 3.18e-05 0.611
 10   -8.010501160105e-02 -1.310526062661e-01 2.18e-03 3.07e-06 5.61e-05 0.653
 11   -8.097108649972e-02 -1.301714378766e-01 1.87e-03 2.66e-06 6.37e-05 0.696
 12   -8.583612693912e-02 -1.223433529864e-01 1.22e-03 1.74e-06 6.63e-05 0.738
 13   -8.644708706743e-02 -1.199860023283e-01 9.35e-04 1.35e-06 1.63e-04 0.781
 14   -9.130502376278e-02 -1.112989210296e-01 4.56e-04 6.64e-07 1.28e-04 0.824
 15   -9.468301075250e-02 -1.049463062289e-01 1.98e-04 2.90e-07 7.18e-05 0.867
 16   -9.695716445705e-02 -1.010556935105e-01 6.64e-05 9.21e-08 1.77e-05 0.910
 17   -9.770227390738e-02 -9.967225385793e-02 2.37e-05 3.29e-08 8.18e-06 0.952
 18   -9.815207663557e-02 -9.892737466539e-02 6.96e-06 1.32e-08 4.43e-06 0.995
 19   -9.841130640597e-02 -9.856112208591e-02 1.20e-06 4.50e-09 6.72e-07 1.038
 20   -9.846151529414e-02 -9.849169097179e-02 2.40e-07 5.09e-09 1.18e-07 1.080
 21   -9.847187957164e-02 -9.847734131022e-02 4.29e-08 3.84e-09 1.83e-08 1.123
 22   -9.847384544292e-02 -9.847463019315e-02 6.13e-09 6.06e-10 2.26e-09 1.165
 23   -9.847412770506e-02 -9.847424165720e-02 8.91e-10 2.14e-08 2.98e-10 1.208
 24   -9.847416898677e-02 -9.847418478552e-02 1.24e-10 9.75e-07 3.84e-11 1.250
 25   -9.847417482663e-02 -9.847417671915e-02 1.48e-11 1.10e-06 4.48e-12 1.293
 26   -9.847417553611e-02 -9.847417573398e-02 1.55e-12 3.54e-06 4.76e-13 1.335
 27   -9.847417561015e-02 -9.847417563089e-02 1.59e-13 2.75e-06 4.90e-14 1.378
 28   -9.847417561791e-02 -9.847417562030e-02 1.69e-14 2.46e-04 5.64e-15 1.420
 29   -9.847417561876e-02 -9.847417561924e-02 3.66e-15 4.22e-04 7.32e-16 1.463
Numerical error in objective
Restoring previous solution


Suboptimal solution found in 30 iterations and 1.51 seconds
Objective -9.84738454e-02
Primal infeasibility (abs/rel): 1.23e-08/6.13e-09
Dual infeasibility   (abs/rel): 6.68e-10/6.06e-10
Complementarity gap  (abs/rel): 2.48e-09/2.26e-09


Barrier finished in 1.51 seconds
Dual variables for problems with quadratic constraints not returned.


======================================================================================================================
=== [60/101] defaults_and_tuned_step_ir_cudssdet/step0.9_ir0-off_det1/default/cold/t07.log
----------------------------------------------------------------------------------------------------------------------
=== 30 iterations, 1.4s, restored objective -9.85532565e-02, series cold
=== peak dual infeasibility over the last 6 iterations 4.01e-03
=== SETTINGS
===   config     defaults_and_tuned_step_ir_cudssdet/step0.9_ir0-off_det1
===   [command]  python socp_resolve_benchmark/cuopt_socp_resolve_cache.py --configs default --cold-only --K 20 --step-scale 0.9 --ir 0 --bound-free-vars 0 --cudss-deterministic 1 --save-logs socp_resolve_benchmark/logs/defaults_and_tuned_step_ir_cudssdet/step0.9_ir0-off_det1
===   [family]   cold solves only; step scale, refinement mode and cuDSS determinism are the swept axes; bound_free_vars=0, initial point Automatic (SedumiMu on cones), everything else default
===   [log]      barrier_presolve_bound_free_variables = 0 (free variables handled directly)
===   [log]      cudss_deterministic = true
===   [log]      augmented system
===   [log]      barrier_adaptive_regularization = on
===   [log]      full setup ran (reordering + symbolic factorization), so no cache reuse
======================================================================================================================
cuOpt version: 26.10.0, git hash: 648f805d, host arch: x86_64, device archs: 80-real
CPU: AMD EPYC 7642 48-Core Processor, threads: 5C/5T
CPU SIMD target: AVX2
CUDA 12.9, device: NVIDIA A100 80GB PCIe (ID 0), VRAM: 79.44 GiB
Problem has 1 quadratic constraints. Converting to second-order cones and solving with barrier.
Handling 50 free variables directly in augmented system
Presolved problem: 5103 constraints 10102 variables 265152 nonzeros
Skipping Ruiz equilibration (row norm ratio 1.4, column norm ratio 1.4 < 5e4, Q coeff ratio 1.0 < 100)
Barrier solver started at 0.031 seconds
Barrier solver: 5103 constraints, 10102 variables, 265152 nonzeros


Second-order cones          : 1
Free variables              : 50
Upper bounds                : 5000
Linear system               : augmented
cuDSS Version               : 0.7.1
cuDSS Threading layer       : libcudss_mtlayer_gomp.so.0
cuDSS solve mode            : deterministic
Reordering time             : 0.063s
Symbolic factorization time : 0.024s
Symbolic nonzeros in factor : 2.79e+05
Elapsed time for augmented  : 0.125 seconds
Elapsed time           : 0.125 seconds
Barrier setup complete at 0.125 seconds
Adaptive regularization enabled


                  Objective                         Infeasibility        Time
Iter   Primal              Dual                Primal   Dual    Compl.   Elapsed
  0   -3.704340093575e+02 -3.710959393425e+02 3.71e+03 1.91e+00 1.19e-02 0.126
  1   -3.743763586561e+01 -3.496609895273e+02 3.74e+02 7.84e-02 1.66e-02 0.169
  2   -3.890628866777e+00 -2.097811374321e+02 3.80e+01 4.70e-02 1.33e-02 0.211
  3   -4.432462275373e-01 -3.238991852921e+01 3.86e+00 5.32e-03 4.56e-03 0.254
  4   -9.292768330846e-02 -4.512426035549e+00 4.09e-01 5.69e-04 6.47e-04 0.296
  5   -5.630707213778e-02 -7.109235014627e-01 4.09e-02 5.69e-05 8.81e-05 0.339
  6   -5.680194934771e-02 -2.023098107874e-01 9.00e-03 1.25e-05 1.78e-05 0.381
  7   -6.898517615454e-02 -1.400411214336e-01 3.96e-03 5.51e-06 7.56e-06 0.423
  8   -7.329875073956e-02 -1.381748608937e-01 3.30e-03 4.60e-06 1.91e-05 0.466
  9   -7.581247283697e-02 -1.362790131810e-01 2.85e-03 3.99e-06 3.78e-05 0.509
 10   -8.015305887104e-02 -1.311148105479e-01 2.17e-03 3.05e-06 7.10e-05 0.552
 11   -8.113158996638e-02 -1.301326422678e-01 1.83e-03 2.60e-06 8.07e-05 0.594
 12   -8.444881700843e-02 -1.250428653858e-01 1.26e-03 1.80e-06 8.07e-05 0.636
 13   -8.640651889383e-02 -1.208270714532e-01 9.05e-04 1.30e-06 1.14e-04 0.679
 14   -9.203113388324e-02 -1.101677919657e-01 4.10e-04 5.95e-07 6.80e-05 0.722
 15   -9.482980619309e-02 -1.051563054281e-01 2.02e-04 2.95e-07 2.86e-05 0.764
 16   -9.648807662690e-02 -1.022013988372e-01 1.01e-04 1.48e-07 1.31e-05 0.807
 17   -9.718060258841e-02 -1.006707315642e-01 4.36e-05 7.42e-08 1.98e-05 0.850
 18   -9.812728673831e-02 -9.919332241854e-02 1.08e-05 1.23e-08 4.52e-06 0.892
 19   -9.841174901180e-02 -9.876005785497e-02 3.19e-06 3.45e-09 1.44e-06 0.935
 20   -9.852524112621e-02 -9.859321393999e-02 5.78e-07 2.01e-09 2.27e-07 0.977
 21   -9.854922743267e-02 -9.855913311721e-02 8.39e-08 2.75e-09 3.09e-08 1.020
 22   -9.855277685237e-02 -9.855410656072e-02 1.13e-08 4.16e-09 3.78e-09 1.062
 23   -9.855325654444e-02 -9.855342715778e-02 1.44e-09 5.08e-09 4.33e-10 1.105
 24   -9.855331806722e-02 -9.855333992749e-02 1.85e-10 7.60e-07 4.80e-11 1.147
 25   -9.855332595076e-02 -9.855332873647e-02 2.36e-11 8.03e-07 5.50e-12 1.190
 26   -9.855332697041e-02 -9.855332728454e-02 2.67e-12 6.00e-06 6.03e-13 1.232
 27   -9.855332708597e-02 -9.855332711897e-02 2.79e-13 3.09e-05 6.31e-14 1.274
 28   -9.855332709805e-02 -9.855332710170e-02 3.13e-14 3.42e-04 7.55e-15 1.317
 29   -9.855332709932e-02 -9.855332709995e-02 5.44e-15 4.01e-03 1.39e-15 1.359
Numerical error in objective
Restoring previous solution


Suboptimal solution found in 30 iterations and 1.40 seconds
Objective -9.85532565e-02
Primal infeasibility (abs/rel): 2.89e-09/1.44e-09
Dual infeasibility   (abs/rel): 5.59e-09/5.08e-09
Complementarity gap  (abs/rel): 4.76e-10/4.33e-10


Barrier finished in 1.40 seconds
Dual variables for problems with quadratic constraints not returned.


======================================================================================================================
=== [61/101] defaults_and_tuned_step_ir_cudssdet/step0.9_ir0-off_det1/default/cold/t08.log
----------------------------------------------------------------------------------------------------------------------
=== 31 iterations, 1.43s, restored objective -9.87074098e-02, series cold
=== peak dual infeasibility over the last 6 iterations 1.12e-03
=== SETTINGS
===   config     defaults_and_tuned_step_ir_cudssdet/step0.9_ir0-off_det1
===   [command]  python socp_resolve_benchmark/cuopt_socp_resolve_cache.py --configs default --cold-only --K 20 --step-scale 0.9 --ir 0 --bound-free-vars 0 --cudss-deterministic 1 --save-logs socp_resolve_benchmark/logs/defaults_and_tuned_step_ir_cudssdet/step0.9_ir0-off_det1
===   [family]   cold solves only; step scale, refinement mode and cuDSS determinism are the swept axes; bound_free_vars=0, initial point Automatic (SedumiMu on cones), everything else default
===   [log]      barrier_presolve_bound_free_variables = 0 (free variables handled directly)
===   [log]      cudss_deterministic = true
===   [log]      augmented system
===   [log]      barrier_adaptive_regularization = on
===   [log]      full setup ran (reordering + symbolic factorization), so no cache reuse
======================================================================================================================
cuOpt version: 26.10.0, git hash: 648f805d, host arch: x86_64, device archs: 80-real
CPU: AMD EPYC 7642 48-Core Processor, threads: 5C/5T
CPU SIMD target: AVX2
CUDA 12.9, device: NVIDIA A100 80GB PCIe (ID 0), VRAM: 79.44 GiB
Problem has 1 quadratic constraints. Converting to second-order cones and solving with barrier.
Handling 50 free variables directly in augmented system
Presolved problem: 5103 constraints 10102 variables 265152 nonzeros
Skipping Ruiz equilibration (row norm ratio 1.4, column norm ratio 1.4 < 5e4, Q coeff ratio 1.0 < 100)
Barrier solver started at 0.027 seconds
Barrier solver: 5103 constraints, 10102 variables, 265152 nonzeros


Second-order cones          : 1
Free variables              : 50
Upper bounds                : 5000
Linear system               : augmented
cuDSS Version               : 0.7.1
cuDSS Threading layer       : libcudss_mtlayer_gomp.so.0
cuDSS solve mode            : deterministic
Reordering time             : 0.054s
Symbolic factorization time : 0.024s
Symbolic nonzeros in factor : 2.79e+05
Elapsed time for augmented  : 0.111 seconds
Elapsed time           : 0.111 seconds
Barrier setup complete at 0.111 seconds
Adaptive regularization enabled


                  Objective                         Infeasibility        Time
Iter   Primal              Dual                Primal   Dual    Compl.   Elapsed
  0   -3.704472534989e+02 -3.711214143411e+02 3.71e+03 1.91e+00 1.19e-02 0.112
  1   -3.743997028147e+01 -3.496865432605e+02 3.74e+02 7.84e-02 1.66e-02 0.155
  2   -3.891133613789e+00 -2.098064524969e+02 3.81e+01 4.70e-02 1.33e-02 0.198
  3   -4.433011181134e-01 -3.239671033250e+01 3.86e+00 5.32e-03 4.56e-03 0.240
  4   -9.293283182890e-02 -4.513403509013e+00 4.09e-01 5.69e-04 6.47e-04 0.283
  5   -5.630477136948e-02 -7.110955292464e-01 4.09e-02 5.69e-05 8.81e-05 0.326
  6   -5.679523444085e-02 -2.032839854765e-01 9.06e-03 1.26e-05 1.79e-05 0.368
  7   -6.871418656807e-02 -1.414513387786e-01 4.05e-03 5.63e-06 7.73e-06 0.411
  8   -7.377611033404e-02 -1.394729702845e-01 3.22e-03 4.50e-06 3.02e-05 0.453
  9   -7.665737492804e-02 -1.368575846718e-01 2.70e-03 3.78e-06 6.72e-05 0.496
 10   -8.148245276124e-02 -1.304695023950e-01 1.94e-03 2.73e-06 1.02e-04 0.538
 11   -8.291265577651e-02 -1.284853162464e-01 1.54e-03 2.19e-06 1.04e-04 0.580
 12   -8.626720568567e-02 -1.226809553612e-01 1.06e-03 1.51e-06 9.58e-05 0.623
 13   -8.645951894172e-02 -1.210434807234e-01 8.77e-04 1.27e-06 1.56e-04 0.666
 14   -9.101313634765e-02 -1.126435576018e-01 4.23e-04 6.24e-07 1.42e-04 0.709
 15   -9.490341921639e-02 -1.052733868605e-01 1.84e-04 2.73e-07 8.03e-05 0.751
 16   -9.715472902785e-02 -1.014316319129e-01 6.74e-05 9.45e-08 2.10e-05 0.794
 17   -9.773791104790e-02 -1.002758234309e-01 3.26e-05 4.73e-08 1.55e-05 0.837
 18   -9.832286358013e-02 -9.927577692564e-02 9.19e-06 1.29e-08 5.81e-06 0.880
 19   -9.862396349481e-02 -9.882770420837e-02 1.77e-06 2.49e-09 9.41e-07 0.922
 20   -9.869309576756e-02 -9.872847149004e-02 3.00e-07 2.72e-09 1.37e-07 0.965
 21   -9.870555161433e-02 -9.871075465861e-02 4.40e-08 3.55e-09 1.73e-08 1.008
 22   -9.870740982031e-02 -9.870811684578e-02 5.97e-09 7.23e-09 2.08e-09 1.050
 23   -9.870766535066e-02 -9.870775363058e-02 7.47e-10 4.21e-08 2.36e-10 1.092
 24   -9.870769701814e-02 -9.870770848357e-02 9.71e-11 1.23e-06 2.63e-11 1.135
 25   -9.870770103157e-02 -9.870770274458e-02 1.45e-11 2.48e-06 3.06e-12 1.178
 26   -9.870770160686e-02 -9.870770191968e-02 2.65e-12 2.91e-08 6.57e-13 1.220
 27   -9.870770170740e-02 -9.870770177514e-02 5.66e-13 7.79e-05 1.69e-13 1.263
 28   -9.870770172833e-02 -9.870770174502e-02 1.35e-13 8.95e-05 4.51e-14 1.306
 29   -9.870770173321e-02 -9.870770173795e-02 3.64e-14 3.87e-04 1.19e-14 1.349
 30   -9.870770173423e-02 -9.870770173647e-02 1.64e-14 1.12e-03 4.95e-15 1.392
Numerical error in objective
Restoring previous solution


Suboptimal solution found in 31 iterations and 1.43 seconds
Objective -9.87074098e-02
Primal infeasibility (abs/rel): 1.19e-08/5.97e-09
Dual infeasibility   (abs/rel): 7.97e-09/7.23e-09
Complementarity gap  (abs/rel): 2.29e-09/2.08e-09


Barrier finished in 1.44 seconds
Dual variables for problems with quadratic constraints not returned.


======================================================================================================================
=== [62/101] defaults_and_tuned_step_ir_cudssdet/step0.9_ir0-off_det1/default/cold/t09.log
----------------------------------------------------------------------------------------------------------------------
=== 31 iterations, 1.44s, restored objective -9.83887941e-02, series cold
=== peak dual infeasibility over the last 6 iterations 1.52e-03
=== SETTINGS
===   config     defaults_and_tuned_step_ir_cudssdet/step0.9_ir0-off_det1
===   [command]  python socp_resolve_benchmark/cuopt_socp_resolve_cache.py --configs default --cold-only --K 20 --step-scale 0.9 --ir 0 --bound-free-vars 0 --cudss-deterministic 1 --save-logs socp_resolve_benchmark/logs/defaults_and_tuned_step_ir_cudssdet/step0.9_ir0-off_det1
===   [family]   cold solves only; step scale, refinement mode and cuDSS determinism are the swept axes; bound_free_vars=0, initial point Automatic (SedumiMu on cones), everything else default
===   [log]      barrier_presolve_bound_free_variables = 0 (free variables handled directly)
===   [log]      cudss_deterministic = true
===   [log]      augmented system
===   [log]      barrier_adaptive_regularization = on
===   [log]      full setup ran (reordering + symbolic factorization), so no cache reuse
======================================================================================================================
cuOpt version: 26.10.0, git hash: 648f805d, host arch: x86_64, device archs: 80-real
CPU: AMD EPYC 7642 48-Core Processor, threads: 5C/5T
CPU SIMD target: AVX2
CUDA 12.9, device: NVIDIA A100 80GB PCIe (ID 0), VRAM: 79.44 GiB
Problem has 1 quadratic constraints. Converting to second-order cones and solving with barrier.
Handling 50 free variables directly in augmented system
Presolved problem: 5103 constraints 10102 variables 265152 nonzeros
Skipping Ruiz equilibration (row norm ratio 1.4, column norm ratio 1.4 < 5e4, Q coeff ratio 1.0 < 100)
Barrier solver started at 0.030 seconds
Barrier solver: 5103 constraints, 10102 variables, 265152 nonzeros


Second-order cones          : 1
Free variables              : 50
Upper bounds                : 5000
Linear system               : augmented
cuDSS Version               : 0.7.1
cuDSS Threading layer       : libcudss_mtlayer_gomp.so.0
cuDSS solve mode            : deterministic
Reordering time             : 0.057s
Symbolic factorization time : 0.023s
Symbolic nonzeros in factor : 2.79e+05
Elapsed time for augmented  : 0.117 seconds
Elapsed time           : 0.117 seconds
Barrier setup complete at 0.117 seconds
Adaptive regularization enabled


                  Objective                         Infeasibility        Time
Iter   Primal              Dual                Primal   Dual    Compl.   Elapsed
  0   -3.702779911923e+02 -3.710340990992e+02 3.71e+03 1.91e+00 1.19e-02 0.118
  1   -3.742292114330e+01 -3.495990552831e+02 3.74e+02 7.84e-02 1.66e-02 0.160
  2   -3.889384317130e+00 -2.097327989241e+02 3.80e+01 4.70e-02 1.33e-02 0.203
  3   -4.430960186580e-01 -3.238133790437e+01 3.86e+00 5.32e-03 4.56e-03 0.246
  4   -9.289011799097e-02 -4.510661914771e+00 4.09e-01 5.68e-04 6.47e-04 0.288
  5   -5.628863679768e-02 -7.106311784731e-01 4.09e-02 5.69e-05 8.80e-05 0.331
  6   -5.677850740138e-02 -2.029428540976e-01 9.04e-03 1.26e-05 1.79e-05 0.373
  7   -6.877281523287e-02 -1.406256985588e-01 4.00e-03 5.57e-06 7.64e-06 0.415
  8   -7.302451714220e-02 -1.387466979156e-01 3.31e-03 4.61e-06 2.33e-05 0.458
  9   -7.655454606677e-02 -1.353543050396e-01 2.71e-03 3.80e-06 5.34e-05 0.500
 10   -8.076391441895e-02 -1.302517005530e-01 2.00e-03 2.81e-06 7.65e-05 0.543
 11   -8.202071115634e-02 -1.286292128695e-01 1.65e-03 2.34e-06 7.72e-05 0.586
 12   -8.588662352271e-02 -1.221373694221e-01 1.12e-03 1.60e-06 7.21e-05 0.628
 13   -8.618592043291e-02 -1.205838170739e-01 9.23e-04 1.34e-06 1.19e-04 0.671
 14   -9.029767594726e-02 -1.130146435772e-01 4.98e-04 7.31e-07 1.12e-04 0.713
 15   -9.408563772404e-02 -1.058294098616e-01 2.31e-04 3.42e-07 7.25e-05 0.756
 16   -9.644060366147e-02 -1.017414352416e-01 8.51e-05 1.20e-07 2.08e-05 0.799
 17   -9.738363178958e-02 -9.984895178148e-02 2.27e-05 3.69e-08 1.33e-05 0.842
 18   -9.794097926176e-02 -9.902805009998e-02 9.28e-06 1.39e-08 7.00e-06 0.884
 19   -9.822795152709e-02 -9.860314561586e-02 2.30e-06 2.42e-09 2.19e-06 0.926
 20   -9.835886378416e-02 -9.842827952144e-02 4.02e-07 3.05e-09 3.65e-07 0.969
 21   -9.838495010221e-02 -9.839397449494e-02 5.22e-08 3.34e-09 4.28e-08 1.011
 22   -9.838837642799e-02 -9.838947271101e-02 6.35e-09 4.79e-09 4.79e-09 1.054
 23   -9.838879414061e-02 -9.838892333317e-02 7.49e-10 3.56e-09 5.27e-10 1.096
 24   -9.838884337921e-02 -9.838885845390e-02 8.75e-11 3.83e-08 5.74e-11 1.139
 25   -9.838884908267e-02 -9.838885090981e-02 1.07e-11 5.97e-08 6.26e-12 1.181
 26   -9.838884977369e-02 -9.838884998821e-02 1.27e-12 1.13e-06 6.77e-13 1.224
 27   -9.838884985540e-02 -9.838884987676e-02 1.32e-13 1.39e-05 7.05e-14 1.267
 28   -9.838884986332e-02 -9.838884986543e-02 1.20e-14 3.93e-04 9.00e-15 1.309
 29   -9.838884986408e-02 -9.838884986429e-02 1.55e-15 1.52e-03 1.06e-15 1.352
 30   -9.838884986415e-02 -9.838884986418e-02 6.72e-15 1.11e-03 2.11e-16 1.395
Numerical error in objective
Restoring previous solution


Suboptimal solution found in 31 iterations and 1.44 seconds
Objective -9.83887941e-02
Primal infeasibility (abs/rel): 1.50e-09/7.49e-10
Dual infeasibility   (abs/rel): 3.92e-09/3.56e-09
Complementarity gap  (abs/rel): 5.79e-10/5.27e-10


Barrier finished in 1.44 seconds
Dual variables for problems with quadratic constraints not returned.


======================================================================================================================
=== [63/101] defaults_and_tuned_step_ir_cudssdet/step0.9_ir0-off_det1/default/cold/t10.log
----------------------------------------------------------------------------------------------------------------------
=== 31 iterations, 1.5s, restored objective -9.85668043e-02, series cold
=== peak dual infeasibility over the last 6 iterations 2.75e-03
=== SETTINGS
===   config     defaults_and_tuned_step_ir_cudssdet/step0.9_ir0-off_det1
===   [command]  python socp_resolve_benchmark/cuopt_socp_resolve_cache.py --configs default --cold-only --K 20 --step-scale 0.9 --ir 0 --bound-free-vars 0 --cudss-deterministic 1 --save-logs socp_resolve_benchmark/logs/defaults_and_tuned_step_ir_cudssdet/step0.9_ir0-off_det1
===   [family]   cold solves only; step scale, refinement mode and cuDSS determinism are the swept axes; bound_free_vars=0, initial point Automatic (SedumiMu on cones), everything else default
===   [log]      barrier_presolve_bound_free_variables = 0 (free variables handled directly)
===   [log]      cudss_deterministic = true
===   [log]      augmented system
===   [log]      barrier_adaptive_regularization = on
===   [log]      full setup ran (reordering + symbolic factorization), so no cache reuse
======================================================================================================================
cuOpt version: 26.10.0, git hash: 648f805d, host arch: x86_64, device archs: 80-real
CPU: AMD EPYC 7642 48-Core Processor, threads: 5C/5T
CPU SIMD target: AVX2
CUDA 12.9, device: NVIDIA A100 80GB PCIe (ID 0), VRAM: 79.44 GiB
Problem has 1 quadratic constraints. Converting to second-order cones and solving with barrier.
Handling 50 free variables directly in augmented system
Presolved problem: 5103 constraints 10102 variables 265152 nonzeros
Skipping Ruiz equilibration (row norm ratio 1.4, column norm ratio 1.4 < 5e4, Q coeff ratio 1.0 < 100)
Barrier solver started at 0.026 seconds
Barrier solver: 5103 constraints, 10102 variables, 265152 nonzeros


Second-order cones          : 1
Free variables              : 50
Upper bounds                : 5000
Linear system               : augmented
cuDSS Version               : 0.7.1
cuDSS Threading layer       : libcudss_mtlayer_gomp.so.0
cuDSS solve mode            : deterministic
Reordering time             : 0.125s
Symbolic factorization time : 0.023s
Symbolic nonzeros in factor : 2.79e+05
Elapsed time for augmented  : 0.182 seconds
Elapsed time           : 0.182 seconds
Barrier setup complete at 0.182 seconds
Adaptive regularization enabled


                  Objective                         Infeasibility        Time
Iter   Primal              Dual                Primal   Dual    Compl.   Elapsed
  0   -3.704562062107e+02 -3.710714720587e+02 3.71e+03 1.91e+00 1.19e-02 0.182
  1   -3.744059807510e+01 -3.496365224492e+02 3.74e+02 7.84e-02 1.66e-02 0.225
  2   -3.891132534117e+00 -2.097631414311e+02 3.80e+01 4.70e-02 1.33e-02 0.268
  3   -4.433137565632e-01 -3.238797488608e+01 3.86e+00 5.32e-03 4.56e-03 0.311
  4   -9.294120364025e-02 -4.512297702409e+00 4.09e-01 5.69e-04 6.47e-04 0.354
  5   -5.631271520063e-02 -7.109228781151e-01 4.09e-02 5.69e-05 8.82e-05 0.396
  6   -5.680269455470e-02 -2.025392015592e-01 9.02e-03 1.25e-05 1.79e-05 0.439
  7   -6.898842481884e-02 -1.397398182529e-01 3.94e-03 5.48e-06 7.52e-06 0.481
  8   -7.285439799031e-02 -1.380109969964e-01 3.36e-03 4.68e-06 1.55e-05 0.524
  9   -7.453550932255e-02 -1.371981237514e-01 3.01e-03 4.22e-06 2.76e-05 0.567
 10   -8.146626090142e-02 -1.281501491317e-01 2.07e-03 2.91e-06 5.59e-05 0.610
 11   -8.329285015096e-02 -1.260599055797e-01 1.48e-03 2.11e-06 6.80e-05 0.652
 12   -8.493425000507e-02 -1.233267676711e-01 1.16e-03 1.66e-06 6.97e-05 0.695
 13   -8.887895650430e-02 -1.158457525791e-01 6.84e-04 9.85e-07 7.46e-05 0.738
 14   -9.340740298556e-02 -1.073741583427e-01 2.96e-04 4.33e-07 6.77e-05 0.780
 15   -9.550798911818e-02 -1.038907419943e-01 1.57e-04 2.27e-07 3.16e-05 0.822
 16   -9.635970096676e-02 -1.019084755176e-01 7.31e-05 1.15e-07 4.76e-05 0.865
 17   -9.784142661828e-02 -9.966147256296e-02 2.04e-05 2.59e-08 1.21e-05 0.908
 18   -9.824103712046e-02 -9.905325433853e-02 8.62e-06 7.80e-09 5.73e-06 0.950
 19   -9.844424978942e-02 -9.874523048298e-02 2.96e-06 3.88e-09 2.25e-06 0.993
 20   -9.853397230491e-02 -9.861389541456e-02 7.44e-07 3.20e-09 6.01e-07 1.036
 21   -9.856270922130e-02 -9.857277972308e-02 9.29e-08 3.35e-09 7.06e-08 1.078
 22   -9.856637342635e-02 -9.856756152958e-02 1.10e-08 4.98e-09 7.88e-09 1.121
 23   -9.856680429676e-02 -9.856694747076e-02 1.32e-09 3.75e-09 8.85e-10 1.163
 24   -9.856685605317e-02 -9.856687356297e-02 1.62e-10 4.15e-08 1.00e-10 1.206
 25   -9.856686237825e-02 -9.856686449452e-02 1.97e-11 3.22e-08 1.11e-11 1.248
 26   -9.856686314532e-02 -9.856686338509e-02 2.26e-12 1.40e-06 1.19e-12 1.290
 27   -9.856686323226e-02 -9.856686325622e-02 2.31e-13 6.57e-06 1.23e-13 1.333
 28   -9.856686324068e-02 -9.856686324310e-02 2.58e-14 2.09e-04 1.20e-14 1.375
 29   -9.856686324146e-02 -9.856686324183e-02 2.44e-15 4.66e-04 2.14e-15 1.418
 30   -9.856686324159e-02 -9.856686324164e-02 3.11e-15 2.75e-03 1.20e-15 1.461
Numerical error in objective
Restoring previous solution


Suboptimal solution found in 31 iterations and 1.50 seconds
Objective -9.85668043e-02
Primal infeasibility (abs/rel): 2.65e-09/1.32e-09
Dual infeasibility   (abs/rel): 4.13e-09/3.75e-09
Complementarity gap  (abs/rel): 9.72e-10/8.85e-10


Barrier finished in 1.50 seconds
Dual variables for problems with quadratic constraints not returned.


======================================================================================================================
=== [64/101] defaults_and_tuned_step_ir_cudssdet/step0.9_ir0-off_det1/default/cold/t11.log
----------------------------------------------------------------------------------------------------------------------
=== 31 iterations, 1.44s, restored objective -9.84882364e-02, series cold
=== peak dual infeasibility over the last 6 iterations 3.48e-03
=== SETTINGS
===   config     defaults_and_tuned_step_ir_cudssdet/step0.9_ir0-off_det1
===   [command]  python socp_resolve_benchmark/cuopt_socp_resolve_cache.py --configs default --cold-only --K 20 --step-scale 0.9 --ir 0 --bound-free-vars 0 --cudss-deterministic 1 --save-logs socp_resolve_benchmark/logs/defaults_and_tuned_step_ir_cudssdet/step0.9_ir0-off_det1
===   [family]   cold solves only; step scale, refinement mode and cuDSS determinism are the swept axes; bound_free_vars=0, initial point Automatic (SedumiMu on cones), everything else default
===   [log]      barrier_presolve_bound_free_variables = 0 (free variables handled directly)
===   [log]      cudss_deterministic = true
===   [log]      augmented system
===   [log]      barrier_adaptive_regularization = on
===   [log]      full setup ran (reordering + symbolic factorization), so no cache reuse
======================================================================================================================
cuOpt version: 26.10.0, git hash: 648f805d, host arch: x86_64, device archs: 80-real
CPU: AMD EPYC 7642 48-Core Processor, threads: 5C/5T
CPU SIMD target: AVX2
CUDA 12.9, device: NVIDIA A100 80GB PCIe (ID 0), VRAM: 79.44 GiB
Problem has 1 quadratic constraints. Converting to second-order cones and solving with barrier.
Handling 50 free variables directly in augmented system
Presolved problem: 5103 constraints 10102 variables 265152 nonzeros
Skipping Ruiz equilibration (row norm ratio 1.4, column norm ratio 1.4 < 5e4, Q coeff ratio 1.0 < 100)
Barrier solver started at 0.026 seconds
Barrier solver: 5103 constraints, 10102 variables, 265152 nonzeros


Second-order cones          : 1
Free variables              : 50
Upper bounds                : 5000
Linear system               : augmented
cuDSS Version               : 0.7.1
cuDSS Threading layer       : libcudss_mtlayer_gomp.so.0
cuDSS solve mode            : deterministic
Reordering time             : 0.059s
Symbolic factorization time : 0.023s
Symbolic nonzeros in factor : 2.79e+05
Elapsed time for augmented  : 0.115 seconds
Elapsed time           : 0.115 seconds
Barrier setup complete at 0.115 seconds
Adaptive regularization enabled


                  Objective                         Infeasibility        Time
Iter   Primal              Dual                Primal   Dual    Compl.   Elapsed
  0   -3.703336272695e+02 -3.710584120459e+02 3.71e+03 1.91e+00 1.19e-02 0.115
  1   -3.742835984520e+01 -3.496234222364e+02 3.74e+02 7.84e-02 1.66e-02 0.158
  2   -3.889891364495e+00 -2.097525630394e+02 3.80e+01 4.70e-02 1.33e-02 0.201
  3   -4.431513638011e-01 -3.238487897572e+01 3.86e+00 5.32e-03 4.56e-03 0.244
  4   -9.290142339806e-02 -4.511186198766e+00 4.09e-01 5.68e-04 6.47e-04 0.287
  5   -5.629485292603e-02 -7.107169624733e-01 4.09e-02 5.69e-05 8.80e-05 0.330
  6   -5.678749162810e-02 -2.022550423610e-01 9.00e-03 1.25e-05 1.78e-05 0.372
  7   -6.897687236852e-02 -1.397790134296e-01 3.95e-03 5.49e-06 7.54e-06 0.416
  8   -7.282185790806e-02 -1.381517465360e-01 3.36e-03 4.69e-06 1.62e-05 0.458
  9   -7.616767989410e-02 -1.355760321580e-01 2.78e-03 3.89e-06 4.07e-05 0.501
 10   -8.140870853470e-02 -1.291288191190e-01 1.96e-03 2.77e-06 7.18e-05 0.543
 11   -8.230153337680e-02 -1.279816136118e-01 1.67e-03 2.38e-06 7.59e-05 0.586
 12   -8.637425434254e-02 -1.212614545344e-01 1.12e-03 1.60e-06 7.34e-05 0.629
 13   -8.677949510882e-02 -1.193366693687e-01 8.97e-04 1.30e-06 1.51e-04 0.671
 14   -9.118542077635e-02 -1.114998929319e-01 4.43e-04 6.48e-07 1.29e-04 0.713
 15   -9.484234880135e-02 -1.046230771325e-01 1.91e-04 2.81e-07 7.71e-05 0.755
 16   -9.681936454672e-02 -1.011953244716e-01 5.89e-05 8.12e-08 1.88e-05 0.798
 17   -9.766636720303e-02 -9.971237114550e-02 2.06e-05 2.97e-08 1.15e-05 0.840
 18   -9.819811265648e-02 -9.890742113903e-02 6.41e-06 8.11e-09 3.96e-06 0.883
 19   -9.842627367975e-02 -9.857431084934e-02 1.13e-06 2.60e-09 6.65e-07 0.925
 20   -9.847894544558e-02 -9.850150769651e-02 1.71e-07 3.00e-09 8.55e-08 0.967
 21   -9.848704657928e-02 -9.849036517921e-02 2.51e-08 2.59e-09 1.06e-08 1.010
 22   -9.848823641073e-02 -9.848873038910e-02 3.73e-09 8.71e-09 1.30e-09 1.053
 23   -9.848841362402e-02 -9.848848674968e-02 5.53e-10 6.58e-08 1.63e-10 1.095
 24   -9.848844001398e-02 -9.848845033882e-02 7.82e-11 9.75e-07 2.31e-11 1.137
 25   -9.848844381152e-02 -9.848844505137e-02 9.47e-12 6.30e-07 2.79e-12 1.180
 26   -9.848844427347e-02 -9.848844439775e-02 9.63e-13 2.06e-06 2.82e-13 1.223
 27   -9.848844431907e-02 -9.848844433171e-02 9.81e-14 2.62e-05 2.91e-14 1.265
 28   -9.848844432365e-02 -9.848844432490e-02 9.33e-15 2.76e-04 3.20e-15 1.308
 29   -9.848844432398e-02 -9.848844432439e-02 2.44e-15 3.48e-03 9.43e-16 1.350
 30   -9.848844432403e-02 -9.848844432431e-02 6.66e-16 1.39e-03 6.11e-16 1.393
Numerical error in objective
Restoring previous solution


Suboptimal solution found in 31 iterations and 1.44 seconds
Objective -9.84882364e-02
Primal infeasibility (abs/rel): 7.46e-09/3.73e-09
Dual infeasibility   (abs/rel): 9.59e-09/8.71e-09
Complementarity gap  (abs/rel): 1.43e-09/1.30e-09


Barrier finished in 1.44 seconds
Dual variables for problems with quadratic constraints not returned.


======================================================================================================================
=== [65/101] defaults_and_tuned_step_ir_cudssdet/step0.9_ir0-off_det1/default/cold/t12.log
----------------------------------------------------------------------------------------------------------------------
=== 31 iterations, 1.44s, restored objective -9.85053235e-02, series cold
=== peak dual infeasibility over the last 6 iterations 8.37e-03
=== SETTINGS
===   config     defaults_and_tuned_step_ir_cudssdet/step0.9_ir0-off_det1
===   [command]  python socp_resolve_benchmark/cuopt_socp_resolve_cache.py --configs default --cold-only --K 20 --step-scale 0.9 --ir 0 --bound-free-vars 0 --cudss-deterministic 1 --save-logs socp_resolve_benchmark/logs/defaults_and_tuned_step_ir_cudssdet/step0.9_ir0-off_det1
===   [family]   cold solves only; step scale, refinement mode and cuDSS determinism are the swept axes; bound_free_vars=0, initial point Automatic (SedumiMu on cones), everything else default
===   [log]      barrier_presolve_bound_free_variables = 0 (free variables handled directly)
===   [log]      cudss_deterministic = true
===   [log]      augmented system
===   [log]      barrier_adaptive_regularization = on
===   [log]      full setup ran (reordering + symbolic factorization), so no cache reuse
======================================================================================================================
cuOpt version: 26.10.0, git hash: 648f805d, host arch: x86_64, device archs: 80-real
CPU: AMD EPYC 7642 48-Core Processor, threads: 5C/5T
CPU SIMD target: AVX2
CUDA 12.9, device: NVIDIA A100 80GB PCIe (ID 0), VRAM: 79.44 GiB
Problem has 1 quadratic constraints. Converting to second-order cones and solving with barrier.
Handling 50 free variables directly in augmented system
Presolved problem: 5103 constraints 10102 variables 265152 nonzeros
Skipping Ruiz equilibration (row norm ratio 1.4, column norm ratio 1.4 < 5e4, Q coeff ratio 1.0 < 100)
Barrier solver started at 0.030 seconds
Barrier solver: 5103 constraints, 10102 variables, 265152 nonzeros


Second-order cones          : 1
Free variables              : 50
Upper bounds                : 5000
Linear system               : augmented
cuDSS Version               : 0.7.1
cuDSS Threading layer       : libcudss_mtlayer_gomp.so.0
cuDSS solve mode            : deterministic
Reordering time             : 0.057s
Symbolic factorization time : 0.023s
Symbolic nonzeros in factor : 2.79e+05
Elapsed time for augmented  : 0.117 seconds
Elapsed time           : 0.117 seconds
Barrier setup complete at 0.117 seconds
Adaptive regularization enabled


                  Objective                         Infeasibility        Time
Iter   Primal              Dual                Primal   Dual    Compl.   Elapsed
  0   -3.703361174615e+02 -3.711052443117e+02 3.71e+03 1.91e+00 1.19e-02 0.118
  1   -3.742795214249e+01 -3.496702503206e+02 3.74e+02 7.84e-02 1.66e-02 0.161
  2   -3.889668026406e+00 -2.097901231339e+02 3.80e+01 4.70e-02 1.33e-02 0.204
  3   -4.431096114385e-01 -3.239116107034e+01 3.86e+00 5.32e-03 4.56e-03 0.246
  4   -9.288825604795e-02 -4.511806466544e+00 4.09e-01 5.68e-04 6.47e-04 0.289
  5   -5.628648421367e-02 -7.107975886072e-01 4.09e-02 5.69e-05 8.80e-05 0.331
  6   -5.677571222666e-02 -2.030857822271e-01 9.05e-03 1.26e-05 1.79e-05 0.373
  7   -6.872914282786e-02 -1.411028043254e-01 4.03e-03 5.61e-06 7.69e-06 0.416
  8   -7.250384410542e-02 -1.395583873161e-01 3.42e-03 4.78e-06 1.99e-05 0.459
  9   -7.554563625552e-02 -1.369860979907e-01 2.91e-03 4.07e-06 4.64e-05 0.501
 10   -7.906156504811e-02 -1.334434848623e-01 2.24e-03 3.17e-06 7.42e-05 0.544
 11   -8.340863381881e-02 -1.273453706938e-01 1.50e-03 2.13e-06 8.08e-05 0.586
 12   -8.386846704358e-02 -1.262583634191e-01 1.30e-03 1.86e-06 7.68e-05 0.629
 13   -8.680335685610e-02 -1.206731255991e-01 9.17e-04 1.32e-06 6.54e-05 0.671
 14   -8.889519837038e-02 -1.155763281990e-01 5.81e-04 8.53e-07 1.87e-04 0.714
 15   -9.465128412570e-02 -1.053460137315e-01 1.87e-04 2.78e-07 6.33e-05 0.757
 16   -9.673195563457e-02 -1.015802498441e-01 7.71e-05 1.15e-07 2.21e-05 0.799
 17   -9.766316813579e-02 -9.987750282051e-02 2.74e-05 3.88e-08 6.96e-06 0.842
 18   -9.818063991639e-02 -9.898267796893e-02 7.44e-06 1.36e-08 3.34e-06 0.884
 19   -9.842128199542e-02 -9.862917337536e-02 1.86e-06 2.86e-09 7.54e-07 0.927
 20   -9.848812237444e-02 -9.853098788377e-02 3.65e-07 2.58e-09 1.37e-07 0.970
 21   -9.850297302356e-02 -9.850962104578e-02 5.60e-08 2.65e-09 1.86e-08 1.012
 22   -9.850532352623e-02 -9.850625873022e-02 7.87e-09 1.38e-09 2.39e-09 1.054
 23   -9.850565713534e-02 -9.850578105289e-02 1.04e-09 3.14e-08 2.89e-10 1.097
 24   -9.850570155544e-02 -9.850571734130e-02 1.33e-10 6.87e-07 3.30e-11 1.140
 25   -9.850570726712e-02 -9.850570913270e-02 1.57e-11 2.96e-07 3.56e-12 1.182
 26   -9.850570794841e-02 -9.850570815033e-02 1.70e-12 1.27e-06 3.79e-13 1.224
 27   -9.850570802224e-02 -9.850570804350e-02 1.80e-13 1.87e-05 3.91e-14 1.267
 28   -9.850570803003e-02 -9.850570803234e-02 1.82e-14 2.48e-04 4.00e-15 1.309
 29   -9.850570803088e-02 -9.850570803119e-02 2.11e-15 7.41e-03 4.67e-16 1.352
 30   -9.850570803093e-02 -9.850570803113e-02 2.00e-15 8.37e-03 1.14e-15 1.395
Numerical error in objective
Restoring previous solution


Suboptimal solution found in 31 iterations and 1.44 seconds
Objective -9.85053235e-02
Primal infeasibility (abs/rel): 1.57e-08/7.87e-09
Dual infeasibility   (abs/rel): 1.52e-09/1.38e-09
Complementarity gap  (abs/rel): 2.62e-09/2.39e-09


Barrier finished in 1.44 seconds
Dual variables for problems with quadratic constraints not returned.


======================================================================================================================
=== [66/101] defaults_and_tuned_step_ir_cudssdet/step0.9_ir0-off_det1/default/cold/t14.log
----------------------------------------------------------------------------------------------------------------------
=== 31 iterations, 1.44s, restored objective -9.85975001e-02, series cold
=== peak dual infeasibility over the last 6 iterations 1.91e-02
=== SETTINGS
===   config     defaults_and_tuned_step_ir_cudssdet/step0.9_ir0-off_det1
===   [command]  python socp_resolve_benchmark/cuopt_socp_resolve_cache.py --configs default --cold-only --K 20 --step-scale 0.9 --ir 0 --bound-free-vars 0 --cudss-deterministic 1 --save-logs socp_resolve_benchmark/logs/defaults_and_tuned_step_ir_cudssdet/step0.9_ir0-off_det1
===   [family]   cold solves only; step scale, refinement mode and cuDSS determinism are the swept axes; bound_free_vars=0, initial point Automatic (SedumiMu on cones), everything else default
===   [log]      barrier_presolve_bound_free_variables = 0 (free variables handled directly)
===   [log]      cudss_deterministic = true
===   [log]      augmented system
===   [log]      barrier_adaptive_regularization = on
===   [log]      full setup ran (reordering + symbolic factorization), so no cache reuse
======================================================================================================================
cuOpt version: 26.10.0, git hash: 648f805d, host arch: x86_64, device archs: 80-real
CPU: AMD EPYC 7642 48-Core Processor, threads: 5C/5T
CPU SIMD target: AVX2
CUDA 12.9, device: NVIDIA A100 80GB PCIe (ID 0), VRAM: 79.44 GiB
Problem has 1 quadratic constraints. Converting to second-order cones and solving with barrier.
Handling 50 free variables directly in augmented system
Presolved problem: 5103 constraints 10102 variables 265152 nonzeros
Skipping Ruiz equilibration (row norm ratio 1.4, column norm ratio 1.4 < 5e4, Q coeff ratio 1.0 < 100)
Barrier solver started at 0.029 seconds
Barrier solver: 5103 constraints, 10102 variables, 265152 nonzeros


Second-order cones          : 1
Free variables              : 50
Upper bounds                : 5000
Linear system               : augmented
cuDSS Version               : 0.7.1
cuDSS Threading layer       : libcudss_mtlayer_gomp.so.0
cuDSS solve mode            : deterministic
Reordering time             : 0.058s
Symbolic factorization time : 0.023s
Symbolic nonzeros in factor : 2.79e+05
Elapsed time for augmented  : 0.117 seconds
Elapsed time           : 0.117 seconds
Barrier setup complete at 0.117 seconds
Adaptive regularization enabled


                  Objective                         Infeasibility        Time
Iter   Primal              Dual                Primal   Dual    Compl.   Elapsed
  0   -3.703993037120e+02 -3.711301956175e+02 3.71e+03 1.91e+00 1.19e-02 0.117
  1   -3.743476594167e+01 -3.496952827003e+02 3.74e+02 7.84e-02 1.66e-02 0.161
  2   -3.890536618497e+00 -2.098129356255e+02 3.81e+01 4.70e-02 1.33e-02 0.204
  3   -4.432231732872e-01 -3.239735339243e+01 3.86e+00 5.32e-03 4.56e-03 0.246
  4   -9.291562066520e-02 -4.513380661247e+00 4.09e-01 5.69e-04 6.47e-04 0.289
  5   -5.629490737856e-02 -7.110782485301e-01 4.09e-02 5.69e-05 8.81e-05 0.331
  6   -5.678368799966e-02 -2.029105121761e-01 9.04e-03 1.26e-05 1.79e-05 0.374
  7   -6.879664017656e-02 -1.408537651748e-01 4.01e-03 5.58e-06 7.66e-06 0.417
  8   -7.225663928367e-02 -1.396077097936e-01 3.47e-03 4.85e-06 1.83e-05 0.459
  9   -7.532519071194e-02 -1.372344718355e-01 2.97e-03 4.16e-06 4.38e-05 0.501
 10   -7.794391655874e-02 -1.350657364936e-01 2.44e-03 3.44e-06 6.31e-05 0.544
 11   -8.204030313357e-02 -1.295533631607e-01 1.77e-03 2.51e-06 7.95e-05 0.587
 12   -8.266187916340e-02 -1.282900954713e-01 1.50e-03 2.15e-06 7.70e-05 0.629
 13   -8.640447648357e-02 -1.215098333177e-01 9.99e-04 1.44e-06 9.13e-05 0.672
 14   -8.989451851797e-02 -1.138539604532e-01 5.32e-04 7.74e-07 1.88e-04 0.714
 15   -9.397405197419e-02 -1.064349468971e-01 1.45e-04 2.13e-07 6.18e-05 0.757
 16   -9.669538922039e-02 -1.017372878449e-01 5.32e-05 7.55e-08 3.14e-05 0.800
 17   -9.760615708678e-02 -1.002290833144e-01 2.54e-05 3.24e-08 1.45e-05 0.842
 18   -9.807225349849e-02 -9.936594854312e-02 9.39e-06 1.52e-08 1.02e-05 0.885
 19   -9.849340049729e-02 -9.874469518976e-02 1.56e-06 3.51e-09 1.44e-06 0.927
 20   -9.857729368574e-02 -9.862617229240e-02 3.01e-07 4.28e-09 2.37e-07 0.970
 21   -9.859404270743e-02 -9.860252343932e-02 5.16e-08 3.50e-09 3.49e-08 1.012
 22   -9.859708396932e-02 -9.859824462022e-02 7.05e-09 4.47e-09 4.19e-09 1.055
 23   -9.859750012367e-02 -9.859765902184e-02 9.66e-10 2.14e-09 5.12e-10 1.097
 24   -9.859755685482e-02 -9.859757902181e-02 1.35e-10 4.52e-07 6.39e-11 1.140
 25   -9.859756477054e-02 -9.859756783837e-02 1.87e-11 7.10e-07 7.76e-12 1.182
 26   -9.859756588312e-02 -9.859756626502e-02 2.32e-12 4.66e-06 9.50e-13 1.225
 27   -9.859756602379e-02 -9.859756606603e-02 2.58e-13 1.30e-05 1.05e-13 1.267
 28   -9.859756603944e-02 -9.859756604392e-02 2.74e-14 9.93e-05 1.10e-14 1.310
 29   -9.859756604096e-02 -9.859756604179e-02 6.33e-15 5.83e-04 2.02e-15 1.352
 30   -9.859756604127e-02 -9.859756604136e-02 9.99e-16 1.91e-02 2.02e-16 1.395
Numerical error in objective
Restoring previous solution


Suboptimal solution found in 31 iterations and 1.44 seconds
Objective -9.85975001e-02
Primal infeasibility (abs/rel): 1.93e-09/9.66e-10
Dual infeasibility   (abs/rel): 2.36e-09/2.14e-09
Complementarity gap  (abs/rel): 5.62e-10/5.12e-10


Barrier finished in 1.44 seconds
Dual variables for problems with quadratic constraints not returned.


======================================================================================================================
=== [67/101] defaults_and_tuned_step_ir_cudssdet/step0.9_ir0-off_det1/default/cold/t15.log
----------------------------------------------------------------------------------------------------------------------
=== 30 iterations, 1.48s, restored objective -9.86328990e-02, series cold
=== peak dual infeasibility over the last 6 iterations 7.66e-04
=== SETTINGS
===   config     defaults_and_tuned_step_ir_cudssdet/step0.9_ir0-off_det1
===   [command]  python socp_resolve_benchmark/cuopt_socp_resolve_cache.py --configs default --cold-only --K 20 --step-scale 0.9 --ir 0 --bound-free-vars 0 --cudss-deterministic 1 --save-logs socp_resolve_benchmark/logs/defaults_and_tuned_step_ir_cudssdet/step0.9_ir0-off_det1
===   [family]   cold solves only; step scale, refinement mode and cuDSS determinism are the swept axes; bound_free_vars=0, initial point Automatic (SedumiMu on cones), everything else default
===   [log]      barrier_presolve_bound_free_variables = 0 (free variables handled directly)
===   [log]      cudss_deterministic = true
===   [log]      augmented system
===   [log]      barrier_adaptive_regularization = on
===   [log]      full setup ran (reordering + symbolic factorization), so no cache reuse
======================================================================================================================
cuOpt version: 26.10.0, git hash: 648f805d, host arch: x86_64, device archs: 80-real
CPU: AMD EPYC 7642 48-Core Processor, threads: 5C/5T
CPU SIMD target: AVX2
CUDA 12.9, device: NVIDIA A100 80GB PCIe (ID 0), VRAM: 79.44 GiB
Problem has 1 quadratic constraints. Converting to second-order cones and solving with barrier.
Handling 50 free variables directly in augmented system
Presolved problem: 5103 constraints 10102 variables 265152 nonzeros
Skipping Ruiz equilibration (row norm ratio 1.4, column norm ratio 1.4 < 5e4, Q coeff ratio 1.0 < 100)
Barrier solver started at 0.025 seconds
Barrier solver: 5103 constraints, 10102 variables, 265152 nonzeros


Second-order cones          : 1
Free variables              : 50
Upper bounds                : 5000
Linear system               : augmented
cuDSS Version               : 0.7.1
cuDSS Threading layer       : libcudss_mtlayer_gomp.so.0
cuDSS solve mode            : deterministic
Reordering time             : 0.150s
Symbolic factorization time : 0.023s
Symbolic nonzeros in factor : 2.79e+05
Elapsed time for augmented  : 0.205 seconds
Elapsed time           : 0.205 seconds
Barrier setup complete at 0.205 seconds
Adaptive regularization enabled


                  Objective                         Infeasibility        Time
Iter   Primal              Dual                Primal   Dual    Compl.   Elapsed
  0   -3.704184917206e+02 -3.711180220135e+02 3.71e+03 1.91e+00 1.19e-02 0.205
  1   -3.743667648182e+01 -3.496831248488e+02 3.74e+02 7.84e-02 1.66e-02 0.249
  2   -3.890721369984e+00 -2.098022579241e+02 3.81e+01 4.70e-02 1.33e-02 0.291
  3   -4.432496140749e-01 -3.239510581486e+01 3.86e+00 5.32e-03 4.56e-03 0.334
  4   -9.292806406912e-02 -4.513484421312e+00 4.09e-01 5.69e-04 6.47e-04 0.377
  5   -5.630149880291e-02 -7.111030288835e-01 4.09e-02 5.69e-05 8.81e-05 0.419
  6   -5.679295671216e-02 -2.026138900582e-01 9.02e-03 1.26e-05 1.79e-05 0.461
  7   -6.890568679369e-02 -1.403837537690e-01 3.98e-03 5.54e-06 7.60e-06 0.504
  8   -7.267099399587e-02 -1.388420141524e-01 3.40e-03 4.74e-06 1.77e-05 0.546
  9   -7.530642209302e-02 -1.369556457396e-01 2.92e-03 4.10e-06 3.96e-05 0.589
 10   -8.048777818122e-02 -1.308022647550e-01 2.11e-03 2.97e-06 6.63e-05 0.631
 11   -8.161368993894e-02 -1.295478409564e-01 1.75e-03 2.49e-06 6.54e-05 0.674
 12   -8.609454110505e-02 -1.222928475578e-01 1.12e-03 1.60e-06 5.72e-05 0.716
 13   -8.679774011816e-02 -1.198263719658e-01 8.61e-04 1.24e-06 1.40e-04 0.759
 14   -9.167819778650e-02 -1.109604552732e-01 4.01e-04 5.85e-07 1.07e-04 0.801
 15   -9.491963948204e-02 -1.049771895027e-01 1.82e-04 2.68e-07 5.95e-05 0.843
 16   -9.708845037587e-02 -1.012768877063e-01 6.71e-05 9.39e-08 1.57e-05 0.887
 17   -9.787206178984e-02 -9.977292056111e-02 2.05e-05 3.10e-08 8.80e-06 0.929
 18   -9.838671146576e-02 -9.897086898881e-02 4.47e-06 7.09e-09 2.04e-06 0.972
 19   -9.857541802057e-02 -9.871146803960e-02 9.99e-07 1.84e-09 4.01e-07 1.014
 20   -9.862199174023e-02 -9.864808102579e-02 1.84e-07 2.17e-09 6.09e-08 1.057
 21   -9.863132063964e-02 -9.863557652152e-02 2.96e-08 2.58e-09 8.71e-09 1.100
 22   -9.863289900994e-02 -9.863347059870e-02 3.97e-09 5.39e-09 1.08e-09 1.142
 23   -9.863311498695e-02 -9.863318238642e-02 4.69e-10 9.29e-08 1.19e-10 1.184
 24   -9.863314056536e-02 -9.863314817705e-02 5.30e-11 1.03e-06 1.26e-11 1.227
 25   -9.863314347843e-02 -9.863314426623e-02 5.51e-12 3.42e-07 1.30e-12 1.269
 26   -9.863314378001e-02 -9.863314385889e-02 5.52e-13 1.53e-05 1.32e-13 1.311
 27   -9.863314381007e-02 -9.863314381812e-02 5.68e-14 9.17e-05 1.35e-14 1.354
 28   -9.863314381315e-02 -9.863314381397e-02 5.22e-15 7.66e-04 1.75e-15 1.396
 29   -9.863314381335e-02 -9.863314381371e-02 3.66e-15 3.67e-05 1.02e-15 1.439
Numerical error in objective
Restoring previous solution


Suboptimal solution found in 30 iterations and 1.48 seconds
Objective -9.86328990e-02
Primal infeasibility (abs/rel): 7.94e-09/3.97e-09
Dual infeasibility   (abs/rel): 5.94e-09/5.39e-09
Complementarity gap  (abs/rel): 1.18e-09/1.08e-09


Barrier finished in 1.48 seconds
Dual variables for problems with quadratic constraints not returned.


======================================================================================================================
=== [68/101] defaults_and_tuned_step_ir_cudssdet/step0.9_ir0-off_det1/default/cold/t16.log
----------------------------------------------------------------------------------------------------------------------
=== 31 iterations, 1.47s, restored objective -9.85957626e-02, series cold
=== peak dual infeasibility over the last 6 iterations 1.07e-02
=== SETTINGS
===   config     defaults_and_tuned_step_ir_cudssdet/step0.9_ir0-off_det1
===   [command]  python socp_resolve_benchmark/cuopt_socp_resolve_cache.py --configs default --cold-only --K 20 --step-scale 0.9 --ir 0 --bound-free-vars 0 --cudss-deterministic 1 --save-logs socp_resolve_benchmark/logs/defaults_and_tuned_step_ir_cudssdet/step0.9_ir0-off_det1
===   [family]   cold solves only; step scale, refinement mode and cuDSS determinism are the swept axes; bound_free_vars=0, initial point Automatic (SedumiMu on cones), everything else default
===   [log]      barrier_presolve_bound_free_variables = 0 (free variables handled directly)
===   [log]      cudss_deterministic = true
===   [log]      augmented system
===   [log]      barrier_adaptive_regularization = on
===   [log]      full setup ran (reordering + symbolic factorization), so no cache reuse
======================================================================================================================
cuOpt version: 26.10.0, git hash: 648f805d, host arch: x86_64, device archs: 80-real
CPU: AMD EPYC 7642 48-Core Processor, threads: 5C/5T
CPU SIMD target: AVX2
CUDA 12.9, device: NVIDIA A100 80GB PCIe (ID 0), VRAM: 79.44 GiB
Problem has 1 quadratic constraints. Converting to second-order cones and solving with barrier.
Handling 50 free variables directly in augmented system
Presolved problem: 5103 constraints 10102 variables 265152 nonzeros
Skipping Ruiz equilibration (row norm ratio 1.4, column norm ratio 1.4 < 5e4, Q coeff ratio 1.0 < 100)
Barrier solver started at 0.028 seconds
Barrier solver: 5103 constraints, 10102 variables, 265152 nonzeros


Second-order cones          : 1
Free variables              : 50
Upper bounds                : 5000
Linear system               : augmented
cuDSS Version               : 0.7.1
cuDSS Threading layer       : libcudss_mtlayer_gomp.so.0
cuDSS solve mode            : deterministic
Reordering time             : 0.089s
Symbolic factorization time : 0.023s
Symbolic nonzeros in factor : 2.79e+05
Elapsed time for augmented  : 0.147 seconds
Elapsed time           : 0.147 seconds
Barrier setup complete at 0.147 seconds
Adaptive regularization enabled


                  Objective                         Infeasibility        Time
Iter   Primal              Dual                Primal   Dual    Compl.   Elapsed
  0   -3.705152443471e+02 -3.711033693861e+02 3.71e+03 1.91e+00 1.19e-02 0.148
  1   -3.744593021695e+01 -3.496684576181e+02 3.74e+02 7.84e-02 1.66e-02 0.191
  2   -3.891507457321e+00 -2.097876982043e+02 3.80e+01 4.70e-02 1.33e-02 0.234
  3   -4.433598729926e-01 -3.239205141129e+01 3.86e+00 5.32e-03 4.56e-03 0.277
  4   -9.295417950561e-02 -4.513112119876e+00 4.09e-01 5.69e-04 6.47e-04 0.320
  5   -5.631920778775e-02 -7.110530445539e-01 4.09e-02 5.69e-05 8.81e-05 0.362
  6   -5.681228402961e-02 -2.029575755790e-01 9.04e-03 1.26e-05 1.79e-05 0.404
  7   -6.884369737754e-02 -1.408422058954e-01 4.01e-03 5.58e-06 7.65e-06 0.447
  8   -7.336409252969e-02 -1.390158406852e-01 3.29e-03 4.58e-06 2.40e-05 0.490
  9   -7.493816862378e-02 -1.380497801348e-01 2.96e-03 4.15e-06 4.18e-05 0.532
 10   -7.994410670382e-02 -1.314911643963e-01 2.24e-03 3.14e-06 7.17e-05 0.575
 11   -8.185150225587e-02 -1.294872995801e-01 1.68e-03 2.39e-06 8.30e-05 0.617
 12   -8.592290160094e-02 -1.227210881852e-01 1.11e-03 1.59e-06 8.11e-05 0.660
 13   -8.642157601198e-02 -1.206849702722e-01 8.62e-04 1.25e-06 1.34e-04 0.702
 14   -9.097322783333e-02 -1.124595505114e-01 4.87e-04 7.10e-07 1.14e-04 0.745
 15   -9.449663373179e-02 -1.056847220073e-01 2.15e-04 3.16e-07 5.70e-05 0.787
 16   -9.660998101986e-02 -1.019820788133e-01 8.63e-05 1.24e-07 1.76e-05 0.830
 17   -9.754898810031e-02 -1.001928241555e-01 3.01e-05 4.82e-08 1.11e-05 0.873
 18   -9.822218750532e-02 -9.913788977674e-02 8.02e-06 1.05e-08 3.00e-06 0.915
 19   -9.849584275386e-02 -9.873478339841e-02 1.79e-06 2.42e-09 7.08e-07 0.957
 20   -9.857637792564e-02 -9.862339528971e-02 3.46e-07 2.70e-09 1.28e-07 1.000
 21   -9.859309101928e-02 -9.860039953653e-02 5.34e-08 4.08e-09 1.71e-08 1.042
 22   -9.859576263736e-02 -9.859673181243e-02 7.08e-09 2.20e-09 2.00e-09 1.085
 23   -9.859612116302e-02 -9.859623935269e-02 8.64e-10 1.32e-08 2.25e-10 1.127
 24   -9.859616528769e-02 -9.859617857060e-02 9.73e-11 7.47e-07 2.50e-11 1.169
 25   -9.859617028290e-02 -9.859617166130e-02 1.01e-11 4.05e-06 2.60e-12 1.212
 26   -9.859617080116e-02 -9.859617094074e-02 1.03e-12 2.58e-06 2.64e-13 1.254
 27   -9.859617085351e-02 -9.859617086748e-02 1.03e-13 4.73e-05 2.66e-14 1.297
 28   -9.859617085863e-02 -9.859617086024e-02 1.30e-14 1.72e-04 3.10e-15 1.340
 29   -9.859617085902e-02 -9.859617085967e-02 5.00e-15 2.89e-03 1.35e-15 1.382
 30   -9.859617085918e-02 -9.859617085945e-02 3.89e-16 1.07e-02 5.10e-16 1.424
Numerical error in objective
Restoring previous solution


Suboptimal solution found in 31 iterations and 1.47 seconds
Objective -9.85957626e-02
Primal infeasibility (abs/rel): 1.42e-08/7.08e-09
Dual infeasibility   (abs/rel): 2.43e-09/2.20e-09
Complementarity gap  (abs/rel): 2.20e-09/2.00e-09


Barrier finished in 1.47 seconds
Dual variables for problems with quadratic constraints not returned.


======================================================================================================================
=== [69/101] defaults_and_tuned_step_ir_cudssdet/step0.9_ir0-off_det1/default/cold/t18.log
----------------------------------------------------------------------------------------------------------------------
=== 32 iterations, 1.47s, restored objective -9.83788794e-02, series cold
=== peak dual infeasibility over the last 6 iterations 6.56e-03
=== SETTINGS
===   config     defaults_and_tuned_step_ir_cudssdet/step0.9_ir0-off_det1
===   [command]  python socp_resolve_benchmark/cuopt_socp_resolve_cache.py --configs default --cold-only --K 20 --step-scale 0.9 --ir 0 --bound-free-vars 0 --cudss-deterministic 1 --save-logs socp_resolve_benchmark/logs/defaults_and_tuned_step_ir_cudssdet/step0.9_ir0-off_det1
===   [family]   cold solves only; step scale, refinement mode and cuDSS determinism are the swept axes; bound_free_vars=0, initial point Automatic (SedumiMu on cones), everything else default
===   [log]      barrier_presolve_bound_free_variables = 0 (free variables handled directly)
===   [log]      cudss_deterministic = true
===   [log]      augmented system
===   [log]      barrier_adaptive_regularization = on
===   [log]      full setup ran (reordering + symbolic factorization), so no cache reuse
======================================================================================================================
cuOpt version: 26.10.0, git hash: 648f805d, host arch: x86_64, device archs: 80-real
CPU: AMD EPYC 7642 48-Core Processor, threads: 5C/5T
CPU SIMD target: AVX2
CUDA 12.9, device: NVIDIA A100 80GB PCIe (ID 0), VRAM: 79.44 GiB
Problem has 1 quadratic constraints. Converting to second-order cones and solving with barrier.
Handling 50 free variables directly in augmented system
Presolved problem: 5103 constraints 10102 variables 265152 nonzeros
Skipping Ruiz equilibration (row norm ratio 1.4, column norm ratio 1.4 < 5e4, Q coeff ratio 1.0 < 100)
Barrier solver started at 0.027 seconds
Barrier solver: 5103 constraints, 10102 variables, 265152 nonzeros


Second-order cones          : 1
Free variables              : 50
Upper bounds                : 5000
Linear system               : augmented
cuDSS Version               : 0.7.1
cuDSS Threading layer       : libcudss_mtlayer_gomp.so.0
cuDSS solve mode            : deterministic
Reordering time             : 0.054s
Symbolic factorization time : 0.024s
Symbolic nonzeros in factor : 2.79e+05
Elapsed time for augmented  : 0.112 seconds
Elapsed time           : 0.112 seconds
Barrier setup complete at 0.112 seconds
Adaptive regularization enabled


                  Objective                         Infeasibility        Time
Iter   Primal              Dual                Primal   Dual    Compl.   Elapsed
  0   -3.702964190560e+02 -3.711235215740e+02 3.71e+03 1.91e+00 1.19e-02 0.112
  1   -3.742349300575e+01 -3.496884758359e+02 3.74e+02 7.84e-02 1.66e-02 0.156
  2   -3.889054535799e+00 -2.098042040220e+02 3.80e+01 4.70e-02 1.33e-02 0.198
  3   -4.430325559648e-01 -3.239324782489e+01 3.86e+00 5.32e-03 4.56e-03 0.240
  4   -9.287131753997e-02 -4.512039252923e+00 4.09e-01 5.68e-04 6.47e-04 0.282
  5   -5.627559439580e-02 -7.108196953383e-01 4.09e-02 5.69e-05 8.80e-05 0.325
  6   -5.676127117984e-02 -2.028283534584e-01 9.03e-03 1.26e-05 1.79e-05 0.367
  7   -6.872055441540e-02 -1.408420568701e-01 4.01e-03 5.59e-06 7.67e-06 0.410
  8   -7.259020700460e-02 -1.392586911560e-01 3.40e-03 4.74e-06 2.05e-05 0.452
  9   -7.571315890925e-02 -1.366608624891e-01 2.87e-03 4.02e-06 4.96e-05 0.495
 10   -7.917050464488e-02 -1.330912052464e-01 2.23e-03 3.15e-06 8.05e-05 0.537
 11   -8.266995460622e-02 -1.284130926735e-01 1.57e-03 2.24e-06 8.79e-05 0.579
 12   -8.365645439988e-02 -1.266279649305e-01 1.28e-03 1.84e-06 8.45e-05 0.622
 13   -8.597865441108e-02 -1.221399687571e-01 9.32e-04 1.35e-06 7.35e-05 0.664
 14   -8.797482260679e-02 -1.173908768518e-01 6.31e-04 9.30e-07 1.66e-04 0.706
 15   -9.395520526991e-02 -1.062147623897e-01 2.12e-04 3.17e-07 6.86e-05 0.749
 16   -9.601674224860e-02 -1.024255891616e-01 8.72e-05 1.31e-07 2.31e-05 0.792
 17   -9.729813547708e-02 -1.002281492132e-01 3.73e-05 5.45e-08 7.97e-06 0.834
 18   -9.782907451184e-02 -9.921417709001e-02 1.31e-05 2.37e-08 6.47e-06 0.877
 19   -9.819970882946e-02 -9.862574743535e-02 2.56e-06 2.83e-09 1.40e-06 0.919
 20   -9.833918166051e-02 -9.843270494734e-02 5.21e-07 1.92e-09 2.66e-07 0.962
 21   -9.837236282560e-02 -9.838791730321e-02 8.49e-08 2.46e-09 3.81e-08 1.005
 22   -9.837804369897e-02 -9.838030148303e-02 1.23e-08 2.36e-09 4.88e-09 1.048
 23   -9.837887941411e-02 -9.837918038833e-02 1.64e-09 3.74e-09 5.77e-10 1.091
 24   -9.837899243015e-02 -9.837902836880e-02 1.96e-10 6.36e-07 6.36e-11 1.133
 25   -9.837900615270e-02 -9.837900984553e-02 2.02e-11 2.84e-06 6.57e-12 1.176
 26   -9.837900756337e-02 -9.837900793453e-02 2.03e-12 8.15e-07 6.65e-13 1.219
 27   -9.837900770498e-02 -9.837900774228e-02 2.03e-13 9.90e-06 6.66e-14 1.261
 28   -9.837900771908e-02 -9.837900772320e-02 2.10e-14 1.05e-04 7.00e-15 1.303
 29   -9.837900772049e-02 -9.837900772134e-02 3.33e-15 3.27e-03 1.24e-15 1.346
 30   -9.837900772082e-02 -9.837900772091e-02 6.66e-16 6.56e-03 1.17e-15 1.388
 31   -9.837900772085e-02 -9.837900772088e-02 2.22e-15 6.46e-03 1.26e-16 1.431
Numerical error in objective
Restoring previous solution


Suboptimal solution found in 32 iterations and 1.47 seconds
Objective -9.83788794e-02
Primal infeasibility (abs/rel): 3.28e-09/1.64e-09
Dual infeasibility   (abs/rel): 4.12e-09/3.74e-09
Complementarity gap  (abs/rel): 6.33e-10/5.77e-10


Barrier finished in 1.48 seconds
Dual variables for problems with quadratic constraints not returned.


======================================================================================================================
=== [70/101] defaults_and_tuned_step_ir_cudssdet/step0.9_ir0-off_det1/default/cold/t19.log
----------------------------------------------------------------------------------------------------------------------
=== 31 iterations, 1.46s, restored objective -9.86621395e-02, series cold
=== peak dual infeasibility over the last 6 iterations 5.92e-03
=== SETTINGS
===   config     defaults_and_tuned_step_ir_cudssdet/step0.9_ir0-off_det1
===   [command]  python socp_resolve_benchmark/cuopt_socp_resolve_cache.py --configs default --cold-only --K 20 --step-scale 0.9 --ir 0 --bound-free-vars 0 --cudss-deterministic 1 --save-logs socp_resolve_benchmark/logs/defaults_and_tuned_step_ir_cudssdet/step0.9_ir0-off_det1
===   [family]   cold solves only; step scale, refinement mode and cuDSS determinism are the swept axes; bound_free_vars=0, initial point Automatic (SedumiMu on cones), everything else default
===   [log]      barrier_presolve_bound_free_variables = 0 (free variables handled directly)
===   [log]      cudss_deterministic = true
===   [log]      augmented system
===   [log]      barrier_adaptive_regularization = on
===   [log]      full setup ran (reordering + symbolic factorization), so no cache reuse
======================================================================================================================
cuOpt version: 26.10.0, git hash: 648f805d, host arch: x86_64, device archs: 80-real
CPU: AMD EPYC 7642 48-Core Processor, threads: 5C/5T
CPU SIMD target: AVX2
CUDA 12.9, device: NVIDIA A100 80GB PCIe (ID 0), VRAM: 79.44 GiB
Problem has 1 quadratic constraints. Converting to second-order cones and solving with barrier.
Handling 50 free variables directly in augmented system
Presolved problem: 5103 constraints 10102 variables 265152 nonzeros
Skipping Ruiz equilibration (row norm ratio 1.4, column norm ratio 1.4 < 5e4, Q coeff ratio 1.0 < 100)
Barrier solver started at 0.028 seconds
Barrier solver: 5103 constraints, 10102 variables, 265152 nonzeros


Second-order cones          : 1
Free variables              : 50
Upper bounds                : 5000
Linear system               : augmented
cuDSS Version               : 0.7.1
cuDSS Threading layer       : libcudss_mtlayer_gomp.so.0
cuDSS solve mode            : deterministic
Reordering time             : 0.066s
Symbolic factorization time : 0.023s
Symbolic nonzeros in factor : 2.79e+05
Elapsed time for augmented  : 0.125 seconds
Elapsed time           : 0.125 seconds
Barrier setup complete at 0.125 seconds
Adaptive regularization enabled


                  Objective                         Infeasibility        Time
Iter   Primal              Dual                Primal   Dual    Compl.   Elapsed
  0   -3.704438282728e+02 -3.711104708303e+02 3.71e+03 1.91e+00 1.19e-02 0.125
  1   -3.743973226192e+01 -3.496755885985e+02 3.74e+02 7.84e-02 1.66e-02 0.171
  2   -3.891182000872e+00 -2.097977465931e+02 3.81e+01 4.70e-02 1.33e-02 0.214
  3   -4.432881723152e-01 -3.239429833064e+01 3.86e+00 5.32e-03 4.56e-03 0.257
  4   -9.292346315749e-02 -4.512392345830e+00 4.09e-01 5.68e-04 6.47e-04 0.299
  5   -5.630487727745e-02 -7.109221867320e-01 4.09e-02 5.69e-05 8.80e-05 0.342
  6   -5.679745251706e-02 -2.028991981722e-01 9.04e-03 1.26e-05 1.79e-05 0.384
  7   -6.886011090716e-02 -1.406635098979e-01 3.99e-03 5.56e-06 7.63e-06 0.427
  8   -7.302565224737e-02 -1.389553900145e-01 3.34e-03 4.66e-06 2.15e-05 0.470
  9   -7.589146399558e-02 -1.365802769469e-01 2.84e-03 3.98e-06 4.34e-05 0.513
 10   -8.022713094254e-02 -1.314573225192e-01 2.14e-03 3.01e-06 6.93e-05 0.555
 11   -8.112606277354e-02 -1.304993011850e-01 1.84e-03 2.62e-06 7.44e-05 0.598
 12   -8.603385539639e-02 -1.225928397242e-01 1.17e-03 1.68e-06 6.83e-05 0.641
 13   -8.666374845280e-02 -1.203005608973e-01 8.93e-04 1.29e-06 1.49e-04 0.689
 14   -9.121968266337e-02 -1.121327073329e-01 4.73e-04 6.89e-07 1.14e-04 0.732
 15   -9.463184234665e-02 -1.056003205468e-01 2.19e-04 3.21e-07 6.84e-05 0.775
 16   -9.672642686424e-02 -1.019318541036e-01 7.86e-05 1.11e-07 1.88e-05 0.818
 17   -9.747944584218e-02 -1.004952420019e-01 3.54e-05 5.37e-08 1.70e-05 0.861
 18   -9.828891269132e-02 -9.919168586951e-02 6.90e-06 8.75e-09 3.28e-06 0.903
 19   -9.855291483340e-02 -9.881369282675e-02 1.78e-06 1.92e-09 9.08e-07 0.945
 20   -9.863958202522e-02 -9.869394476159e-02 3.60e-07 2.15e-09 1.78e-07 0.988
 21   -9.865933920877e-02 -9.866692654245e-02 5.01e-08 3.07e-09 2.22e-08 1.030
 22   -9.866213953388e-02 -9.866310393378e-02 6.37e-09 8.55e-10 2.58e-09 1.073
 23   -9.866249807787e-02 -9.866261385531e-02 7.65e-10 2.00e-08 2.87e-10 1.116
 24   -9.866254114255e-02 -9.866255481107e-02 9.05e-11 5.02e-07 3.12e-11 1.158
 25   -9.866254627837e-02 -9.866254774131e-02 9.70e-12 2.57e-06 3.26e-12 1.200
 26   -9.866254683096e-02 -9.866254697795e-02 9.73e-13 4.59e-06 3.29e-13 1.243
 27   -9.866254688646e-02 -9.866254690132e-02 9.60e-14 3.32e-05 3.38e-14 1.286
 28   -9.866254689183e-02 -9.866254689402e-02 1.30e-14 1.44e-04 3.90e-15 1.328
 29   -9.866254689252e-02 -9.866254689312e-02 3.22e-15 1.02e-03 1.02e-15 1.370
 30   -9.866254689260e-02 -9.866254689302e-02 3.00e-15 5.92e-03 8.61e-16 1.413
Numerical error in objective
Restoring previous solution


Suboptimal solution found in 31 iterations and 1.46 seconds
Objective -9.86621395e-02
Primal infeasibility (abs/rel): 1.27e-08/6.37e-09
Dual infeasibility   (abs/rel): 9.42e-10/8.55e-10
Complementarity gap  (abs/rel): 2.84e-09/2.58e-09


Barrier finished in 1.46 seconds
Dual variables for problems with quadratic constraints not returned.


======================================================================================================================
=== [71/101] defaults_and_tuned_step_ir_cudssdet/step0.9_ir1-gmres_det0/default/cold/t02.log
----------------------------------------------------------------------------------------------------------------------
=== 30 iterations, 0.34s, restored objective -9.86681334e-02, series cold
=== peak dual infeasibility over the last 6 iterations 7.14e-06
=== SETTINGS
===   config     defaults_and_tuned_step_ir_cudssdet/step0.9_ir1-gmres_det0
===   [command]  python socp_resolve_benchmark/cuopt_socp_resolve_cache.py --configs default --cold-only --K 20 --step-scale 0.9 --ir 1 --bound-free-vars 0 --cudss-deterministic 0 --save-logs socp_resolve_benchmark/logs/defaults_and_tuned_step_ir_cudssdet/step0.9_ir1-gmres_det0
===   [family]   cold solves only; step scale, refinement mode and cuDSS determinism are the swept axes; bound_free_vars=0, initial point Automatic (SedumiMu on cones), everything else default
===   [log]      barrier_presolve_bound_free_variables = 0 (free variables handled directly)
===   [log]      cudss_deterministic = false (no deterministic solve mode printed)
===   [log]      augmented system
===   [log]      barrier_adaptive_regularization = on
===   [log]      full setup ran (reordering + symbolic factorization), so no cache reuse
======================================================================================================================
cuOpt version: 26.10.0, git hash: 648f805d, host arch: x86_64, device archs: 80-real
CPU: AMD EPYC 7642 48-Core Processor, threads: 5C/5T
CPU SIMD target: AVX2
CUDA 12.9, device: NVIDIA A100 80GB PCIe (ID 0), VRAM: 79.44 GiB
Problem has 1 quadratic constraints. Converting to second-order cones and solving with barrier.
Handling 50 free variables directly in augmented system
Presolved problem: 5103 constraints 10102 variables 265152 nonzeros
Skipping Ruiz equilibration (row norm ratio 1.4, column norm ratio 1.4 < 5e4, Q coeff ratio 1.0 < 100)
Barrier solver started at 0.028 seconds
Barrier solver: 5103 constraints, 10102 variables, 265152 nonzeros


Second-order cones          : 1
Free variables              : 50
Upper bounds                : 5000
Linear system               : augmented
cuDSS Version               : 0.7.1
cuDSS Threading layer       : libcudss_mtlayer_gomp.so.0
Reordering time             : 0.148s
Symbolic factorization time : 0.025s
Symbolic nonzeros in factor : 2.79e+05
Elapsed time for augmented  : 0.208 seconds
Elapsed time           : 0.208 seconds
Barrier setup complete at 0.208 seconds
Adaptive regularization enabled


                  Objective                         Infeasibility        Time
Iter   Primal              Dual                Primal   Dual    Compl.   Elapsed
  0   -3.702509737108e+02 -3.710937010099e+02 3.71e+03 1.91e+00 1.19e-02 0.208
  1   -3.741942811123e+01 -3.496586650393e+02 3.74e+02 7.84e-02 1.66e-02 0.213
  2   -3.888833787341e+00 -2.097808197354e+02 3.80e+01 4.70e-02 1.33e-02 0.218
  3   -4.430335847848e-01 -3.239045866058e+01 3.86e+00 5.32e-03 4.56e-03 0.223
  4   -9.288170526105e-02 -4.512561924569e+00 4.09e-01 5.69e-04 6.47e-04 0.228
  5   -5.627609700496e-02 -7.109289050753e-01 4.09e-02 5.69e-05 8.81e-05 0.233
  6   -5.676233512514e-02 -2.033121092672e-01 9.07e-03 1.26e-05 1.79e-05 0.237
  7   -6.873008101397e-02 -1.408714699241e-01 4.01e-03 5.58e-06 7.66e-06 0.242
  8   -7.285246524354e-02 -1.391245908593e-01 3.37e-03 4.69e-06 2.03e-05 0.247
  9   -7.477570712922e-02 -1.378576077157e-01 3.00e-03 4.18e-06 3.21e-05 0.252
 10   -7.900971824452e-02 -1.327284130842e-01 2.36e-03 3.29e-06 5.32e-05 0.257
 11   -8.004509488919e-02 -1.317342319962e-01 1.98e-03 2.76e-06 6.58e-05 0.261
 12   -8.661783071926e-02 -1.214072798767e-01 1.05e-03 1.46e-06 7.24e-05 0.266
 13   -8.935930984483e-02 -1.150142608798e-01 5.70e-04 7.93e-07 1.44e-04 0.271
 14   -9.415098873892e-02 -1.066025415900e-01 2.40e-04 3.35e-07 5.41e-05 0.276
 15   -9.632069426439e-02 -1.026873483178e-01 1.11e-04 1.55e-07 2.52e-05 0.281
 16   -9.750424151573e-02 -1.005537734016e-01 4.02e-05 5.59e-08 8.28e-06 0.285
 17   -9.814789796221e-02 -9.942061157310e-02 1.20e-05 1.66e-08 5.92e-06 0.290
 18   -9.847553508189e-02 -9.894425607705e-02 4.13e-06 5.75e-09 2.27e-06 0.295
 19   -9.862064949911e-02 -9.873466897086e-02 9.00e-07 1.26e-09 4.61e-07 0.300
 20   -9.865963451201e-02 -9.868015142183e-02 1.58e-07 2.23e-10 8.05e-08 0.304
 21   -9.866723570240e-02 -9.866965282722e-02 1.86e-08 3.03e-11 9.35e-09 0.309
 22   -9.866813338456e-02 -9.866841491160e-02 2.16e-09 5.23e-10 1.04e-09 0.313
 23   -9.866823878403e-02 -9.866826977572e-02 2.38e-10 1.21e-08 1.15e-10 0.317
 24   -9.866825026708e-02 -9.866825398006e-02 2.85e-11 9.87e-08 1.41e-11 0.321
 25   -9.866825166438e-02 -9.866825206095e-02 3.03e-12 1.81e-08 1.51e-12 0.325
 26   -9.866825181469e-02 -9.866825185551e-02 3.09e-13 1.06e-07 1.54e-13 0.329
 27   -9.866825183029e-02 -9.866825183450e-02 3.11e-14 1.44e-06 1.70e-14 0.333
 28   -9.866825183185e-02 -9.866825183250e-02 4.55e-15 4.93e-06 2.50e-15 0.337
 29   -9.866825183198e-02 -9.866825183234e-02 2.44e-15 7.14e-06 4.74e-16 0.341
Numerical error in objective
Restoring previous solution


Suboptimal solution found in 30 iterations and 0.34 seconds
Objective -9.86681334e-02
Primal infeasibility (abs/rel): 4.33e-09/2.16e-09
Dual infeasibility   (abs/rel): 5.76e-10/5.23e-10
Complementarity gap  (abs/rel): 1.14e-09/1.04e-09


Barrier finished in 0.35 seconds
Dual variables for problems with quadratic constraints not returned.


======================================================================================================================
=== [72/101] defaults_and_tuned_step_ir_cudssdet/step0.9_ir1-gmres_det0/default/cold/t04.log
----------------------------------------------------------------------------------------------------------------------
=== 31 iterations, 0.26s, restored objective -9.84928463e-02, series cold
=== peak dual infeasibility over the last 6 iterations 1.64e-05
=== SETTINGS
===   config     defaults_and_tuned_step_ir_cudssdet/step0.9_ir1-gmres_det0
===   [command]  python socp_resolve_benchmark/cuopt_socp_resolve_cache.py --configs default --cold-only --K 20 --step-scale 0.9 --ir 1 --bound-free-vars 0 --cudss-deterministic 0 --save-logs socp_resolve_benchmark/logs/defaults_and_tuned_step_ir_cudssdet/step0.9_ir1-gmres_det0
===   [family]   cold solves only; step scale, refinement mode and cuDSS determinism are the swept axes; bound_free_vars=0, initial point Automatic (SedumiMu on cones), everything else default
===   [log]      barrier_presolve_bound_free_variables = 0 (free variables handled directly)
===   [log]      cudss_deterministic = false (no deterministic solve mode printed)
===   [log]      augmented system
===   [log]      barrier_adaptive_regularization = on
===   [log]      full setup ran (reordering + symbolic factorization), so no cache reuse
======================================================================================================================
cuOpt version: 26.10.0, git hash: 648f805d, host arch: x86_64, device archs: 80-real
CPU: AMD EPYC 7642 48-Core Processor, threads: 5C/5T
CPU SIMD target: AVX2
CUDA 12.9, device: NVIDIA A100 80GB PCIe (ID 0), VRAM: 79.44 GiB
Problem has 1 quadratic constraints. Converting to second-order cones and solving with barrier.
Handling 50 free variables directly in augmented system
Presolved problem: 5103 constraints 10102 variables 265152 nonzeros
Skipping Ruiz equilibration (row norm ratio 1.4, column norm ratio 1.4 < 5e4, Q coeff ratio 1.0 < 100)
Barrier solver started at 0.027 seconds
Barrier solver: 5103 constraints, 10102 variables, 265152 nonzeros


Second-order cones          : 1
Free variables              : 50
Upper bounds                : 5000
Linear system               : augmented
cuDSS Version               : 0.7.1
cuDSS Threading layer       : libcudss_mtlayer_gomp.so.0
Reordering time             : 0.061s
Symbolic factorization time : 0.024s
Symbolic nonzeros in factor : 2.79e+05
Elapsed time for augmented  : 0.118 seconds
Elapsed time           : 0.118 seconds
Barrier setup complete at 0.118 seconds
Adaptive regularization enabled


                  Objective                         Infeasibility        Time
Iter   Primal              Dual                Primal   Dual    Compl.   Elapsed
  0   -3.702624119443e+02 -3.710387458059e+02 3.71e+03 1.91e+00 1.19e-02 0.118
  1   -3.742079789023e+01 -3.496036719064e+02 3.74e+02 7.84e-02 1.66e-02 0.123
  2   -3.888993984283e+00 -2.097346653642e+02 3.80e+01 4.70e-02 1.33e-02 0.128
  3   -4.430512134758e-01 -3.238077187940e+01 3.86e+00 5.32e-03 4.56e-03 0.133
  4   -9.288389751437e-02 -4.510664601825e+00 4.09e-01 5.68e-04 6.47e-04 0.138
  5   -5.628571763013e-02 -7.106214023161e-01 4.09e-02 5.69e-05 8.80e-05 0.143
  6   -5.677723484909e-02 -2.023841423786e-01 9.01e-03 1.25e-05 1.78e-05 0.147
  7   -6.888706418173e-02 -1.402317627575e-01 3.97e-03 5.53e-06 7.59e-06 0.152
  8   -7.323051310490e-02 -1.384590469870e-01 3.29e-03 4.58e-06 2.13e-05 0.157
  9   -7.616943839099e-02 -1.359080178183e-01 2.79e-03 3.89e-06 4.75e-05 0.162
 10   -8.013258407976e-02 -1.313987026786e-01 2.11e-03 2.94e-06 8.10e-05 0.166
 11   -8.114638514121e-02 -1.302582697558e-01 1.80e-03 2.50e-06 8.57e-05 0.171
 12   -8.613106503742e-02 -1.220830158221e-01 1.13e-03 1.58e-06 8.44e-05 0.176
 13   -8.658053171161e-02 -1.197342100069e-01 8.41e-04 1.17e-06 2.03e-04 0.181
 14   -9.079265491863e-02 -1.122942942362e-01 4.75e-04 6.61e-07 1.64e-04 0.186
 15   -9.473431328734e-02 -1.049161462083e-01 2.00e-04 2.79e-07 7.82e-05 0.190
 16   -9.673600515172e-02 -1.013421524951e-01 5.96e-05 8.30e-08 1.70e-05 0.195
 17   -9.765764281124e-02 -9.976368990468e-02 2.15e-05 3.00e-08 8.52e-06 0.200
 18   -9.807907030829e-02 -9.909408968356e-02 8.95e-06 1.25e-08 5.26e-06 0.205
 19   -9.838802056877e-02 -9.862770130090e-02 1.09e-06 1.53e-09 8.44e-07 0.210
 20   -9.846849594263e-02 -9.852411347080e-02 2.48e-07 3.48e-10 2.03e-07 0.214
 21   -9.848939198770e-02 -9.849737261186e-02 3.53e-08 5.27e-11 2.57e-08 0.219
 22   -9.849244372896e-02 -9.849347599390e-02 4.56e-09 6.41e-12 2.97e-09 0.224
 23   -9.849284627390e-02 -9.849296245177e-02 5.14e-10 3.84e-12 3.18e-10 0.229
 24   -9.849289209777e-02 -9.849290401241e-02 5.27e-11 6.42e-09 3.26e-11 0.233
 25   -9.849289680617e-02 -9.849289800530e-02 5.31e-12 1.97e-08 3.29e-12 0.237
 26   -9.849289728000e-02 -9.849289740028e-02 5.33e-13 2.35e-07 3.30e-13 0.241
 27   -9.849289732729e-02 -9.849289733975e-02 5.56e-14 5.94e-07 3.38e-14 0.245
 28   -9.849289733215e-02 -9.849289733349e-02 6.11e-15 1.16e-06 2.63e-15 0.249
 29   -9.849289733262e-02 -9.849289733287e-02 1.11e-15 6.37e-07 1.38e-15 0.252
 30   -9.849289733271e-02 -9.849289733275e-02 2.22e-16 1.64e-05 5.80e-17 0.256
Numerical error in objective
Restoring previous solution


Suboptimal solution found in 31 iterations and 0.26 seconds
Objective -9.84928463e-02
Primal infeasibility (abs/rel): 1.03e-09/5.14e-10
Dual infeasibility   (abs/rel): 4.23e-12/3.84e-12
Complementarity gap  (abs/rel): 3.49e-10/3.18e-10


Barrier finished in 0.26 seconds
Dual variables for problems with quadratic constraints not returned.


======================================================================================================================
=== [73/101] defaults_and_tuned_step_ir_cudssdet/step0.9_ir1-gmres_det0/default/cold/t06.log
----------------------------------------------------------------------------------------------------------------------
=== 31 iterations, 0.26s, restored objective -9.84738430e-02, series cold
=== peak dual infeasibility over the last 6 iterations 4.03e-06
=== SETTINGS
===   config     defaults_and_tuned_step_ir_cudssdet/step0.9_ir1-gmres_det0
===   [command]  python socp_resolve_benchmark/cuopt_socp_resolve_cache.py --configs default --cold-only --K 20 --step-scale 0.9 --ir 1 --bound-free-vars 0 --cudss-deterministic 0 --save-logs socp_resolve_benchmark/logs/defaults_and_tuned_step_ir_cudssdet/step0.9_ir1-gmres_det0
===   [family]   cold solves only; step scale, refinement mode and cuDSS determinism are the swept axes; bound_free_vars=0, initial point Automatic (SedumiMu on cones), everything else default
===   [log]      barrier_presolve_bound_free_variables = 0 (free variables handled directly)
===   [log]      cudss_deterministic = false (no deterministic solve mode printed)
===   [log]      augmented system
===   [log]      barrier_adaptive_regularization = on
===   [log]      full setup ran (reordering + symbolic factorization), so no cache reuse
======================================================================================================================
cuOpt version: 26.10.0, git hash: 648f805d, host arch: x86_64, device archs: 80-real
CPU: AMD EPYC 7642 48-Core Processor, threads: 5C/5T
CPU SIMD target: AVX2
CUDA 12.9, device: NVIDIA A100 80GB PCIe (ID 0), VRAM: 79.44 GiB
Problem has 1 quadratic constraints. Converting to second-order cones and solving with barrier.
Handling 50 free variables directly in augmented system
Presolved problem: 5103 constraints 10102 variables 265152 nonzeros
Skipping Ruiz equilibration (row norm ratio 1.4, column norm ratio 1.4 < 5e4, Q coeff ratio 1.0 < 100)
Barrier solver started at 0.026 seconds
Barrier solver: 5103 constraints, 10102 variables, 265152 nonzeros


Second-order cones          : 1
Free variables              : 50
Upper bounds                : 5000
Linear system               : augmented
cuDSS Version               : 0.7.1
cuDSS Threading layer       : libcudss_mtlayer_gomp.so.0
Reordering time             : 0.057s
Symbolic factorization time : 0.023s
Symbolic nonzeros in factor : 2.79e+05
Elapsed time for augmented  : 0.113 seconds
Elapsed time           : 0.113 seconds
Barrier setup complete at 0.113 seconds
Adaptive regularization enabled


                  Objective                         Infeasibility        Time
Iter   Primal              Dual                Primal   Dual    Compl.   Elapsed
  0   -3.704490508896e+02 -3.710981922775e+02 3.71e+03 1.91e+00 1.19e-02 0.114
  1   -3.743964451907e+01 -3.496632394434e+02 3.74e+02 7.84e-02 1.66e-02 0.118
  2   -3.890973928972e+00 -2.097851595510e+02 3.80e+01 4.70e-02 1.33e-02 0.123
  3   -4.433049697335e-01 -3.239282410850e+01 3.86e+00 5.32e-03 4.56e-03 0.128
  4   -9.294832202454e-02 -4.513915092445e+00 4.09e-01 5.69e-04 6.48e-04 0.133
  5   -5.630835848472e-02 -7.111924627917e-01 4.09e-02 5.69e-05 8.82e-05 0.138
  6   -5.679488068600e-02 -2.026132451336e-01 9.02e-03 1.26e-05 1.79e-05 0.142
  7   -6.896534382549e-02 -1.398855155911e-01 3.95e-03 5.50e-06 7.54e-06 0.147
  8   -7.265357671766e-02 -1.383514988234e-01 3.39e-03 4.72e-06 1.52e-05 0.152
  9   -7.517273073217e-02 -1.367391192112e-01 2.94e-03 4.09e-06 3.18e-05 0.157
 10   -8.010386079284e-02 -1.310540359583e-01 2.18e-03 3.03e-06 5.61e-05 0.162
 11   -8.097001617324e-02 -1.301731174429e-01 1.87e-03 2.60e-06 6.37e-05 0.166
 12   -8.583479040378e-02 -1.223458010626e-01 1.22e-03 1.70e-06 6.63e-05 0.171
 13   -8.644539667382e-02 -1.199893929557e-01 9.35e-04 1.30e-06 1.63e-04 0.176
 14   -9.130243641180e-02 -1.113034297310e-01 4.57e-04 6.36e-07 1.28e-04 0.181
 15   -9.468043130845e-02 -1.049506320133e-01 1.98e-04 2.76e-07 7.18e-05 0.185
 16   -9.695616888633e-02 -1.010573235294e-01 6.65e-05 9.26e-08 1.77e-05 0.190
 17   -9.770125156489e-02 -9.967403427724e-02 2.38e-05 3.31e-08 8.19e-06 0.195
 18   -9.815155418159e-02 -9.892811388176e-02 6.98e-06 9.72e-09 4.45e-06 0.200
 19   -9.841117922984e-02 -9.856125619275e-02 1.21e-06 1.68e-09 6.73e-07 0.205
 20   -9.846148401504e-02 -9.849171550336e-02 2.41e-07 3.38e-10 1.18e-07 0.209
 21   -9.847186894704e-02 -9.847734798262e-02 4.30e-08 6.38e-11 1.83e-08 0.214
 22   -9.847384301003e-02 -9.847463101122e-02 6.15e-09 1.58e-11 2.26e-09 0.219
 23   -9.847412716750e-02 -9.847424179792e-02 8.93e-10 7.53e-09 2.98e-10 0.223
 24   -9.847416888302e-02 -9.847418481001e-02 1.24e-10 1.11e-09 3.85e-11 0.228
 25   -9.847417480940e-02 -9.847417672254e-02 1.49e-11 2.03e-08 4.49e-12 0.232
 26   -9.847417553400e-02 -9.847417573439e-02 1.56e-12 1.14e-07 4.76e-13 0.236
 27   -9.847417561021e-02 -9.847417563076e-02 1.58e-13 5.22e-07 4.84e-14 0.240
 28   -9.847417561782e-02 -9.847417562053e-02 2.05e-14 4.03e-06 6.60e-15 0.244
 29   -9.847417561866e-02 -9.847417561946e-02 6.00e-15 1.18e-06 2.94e-15 0.248
 30   -9.847417561891e-02 -9.847417561914e-02 1.67e-15 3.30e-07 3.95e-16 0.253
Numerical error in objective
Restoring previous solution


Suboptimal solution found in 31 iterations and 0.26 seconds
Objective -9.84738430e-02
Primal infeasibility (abs/rel): 1.23e-08/6.15e-09
Dual infeasibility   (abs/rel): 1.75e-11/1.58e-11
Complementarity gap  (abs/rel): 2.49e-09/2.26e-09


Barrier finished in 0.26 seconds
Dual variables for problems with quadratic constraints not returned.


======================================================================================================================
=== [74/101] defaults_and_tuned_step_ir_cudssdet/step0.9_ir1-gmres_det0/default/cold/t12.log
----------------------------------------------------------------------------------------------------------------------
=== 30 iterations, 0.25s, restored objective -9.85057015e-02, series cold
=== peak dual infeasibility over the last 6 iterations 5.04e-06
=== SETTINGS
===   config     defaults_and_tuned_step_ir_cudssdet/step0.9_ir1-gmres_det0
===   [command]  python socp_resolve_benchmark/cuopt_socp_resolve_cache.py --configs default --cold-only --K 20 --step-scale 0.9 --ir 1 --bound-free-vars 0 --cudss-deterministic 0 --save-logs socp_resolve_benchmark/logs/defaults_and_tuned_step_ir_cudssdet/step0.9_ir1-gmres_det0
===   [family]   cold solves only; step scale, refinement mode and cuDSS determinism are the swept axes; bound_free_vars=0, initial point Automatic (SedumiMu on cones), everything else default
===   [log]      barrier_presolve_bound_free_variables = 0 (free variables handled directly)
===   [log]      cudss_deterministic = false (no deterministic solve mode printed)
===   [log]      augmented system
===   [log]      barrier_adaptive_regularization = on
===   [log]      full setup ran (reordering + symbolic factorization), so no cache reuse
======================================================================================================================
cuOpt version: 26.10.0, git hash: 648f805d, host arch: x86_64, device archs: 80-real
CPU: AMD EPYC 7642 48-Core Processor, threads: 5C/5T
CPU SIMD target: AVX2
CUDA 12.9, device: NVIDIA A100 80GB PCIe (ID 0), VRAM: 79.44 GiB
Problem has 1 quadratic constraints. Converting to second-order cones and solving with barrier.
Handling 50 free variables directly in augmented system
Presolved problem: 5103 constraints 10102 variables 265152 nonzeros
Skipping Ruiz equilibration (row norm ratio 1.4, column norm ratio 1.4 < 5e4, Q coeff ratio 1.0 < 100)
Barrier solver started at 0.027 seconds
Barrier solver: 5103 constraints, 10102 variables, 265152 nonzeros


Second-order cones          : 1
Free variables              : 50
Upper bounds                : 5000
Linear system               : augmented
cuDSS Version               : 0.7.1
cuDSS Threading layer       : libcudss_mtlayer_gomp.so.0
Reordering time             : 0.053s
Symbolic factorization time : 0.023s
Symbolic nonzeros in factor : 2.79e+05
Elapsed time for augmented  : 0.110 seconds
Elapsed time           : 0.110 seconds
Barrier setup complete at 0.110 seconds
Adaptive regularization enabled


                  Objective                         Infeasibility        Time
Iter   Primal              Dual                Primal   Dual    Compl.   Elapsed
  0   -3.703361174615e+02 -3.711052443117e+02 3.71e+03 1.91e+00 1.19e-02 0.110
  1   -3.742795198503e+01 -3.496702503258e+02 3.74e+02 7.84e-02 1.66e-02 0.115
  2   -3.889667988002e+00 -2.097901226828e+02 3.80e+01 4.70e-02 1.33e-02 0.120
  3   -4.431096061050e-01 -3.239116080152e+01 3.86e+00 5.32e-03 4.56e-03 0.125
  4   -9.288825948120e-02 -4.511806745449e+00 4.09e-01 5.68e-04 6.47e-04 0.130
  5   -5.628648493515e-02 -7.107976302091e-01 4.09e-02 5.69e-05 8.80e-05 0.134
  6   -5.677571247186e-02 -2.030855398163e-01 9.05e-03 1.26e-05 1.79e-05 0.139
  7   -6.872918274136e-02 -1.411026631459e-01 4.03e-03 5.61e-06 7.69e-06 0.144
  8   -7.250345322541e-02 -1.395584674555e-01 3.42e-03 4.77e-06 1.99e-05 0.149
  9   -7.554429114035e-02 -1.369873644194e-01 2.91e-03 4.05e-06 4.64e-05 0.154
 10   -7.906083710056e-02 -1.334444062235e-01 2.24e-03 3.12e-06 7.42e-05 0.159
 11   -8.340818423351e-02 -1.273470314219e-01 1.50e-03 2.08e-06 8.08e-05 0.163
 12   -8.386817753372e-02 -1.262597860802e-01 1.30e-03 1.81e-06 7.68e-05 0.168
 13   -8.679977977188e-02 -1.206801822785e-01 9.18e-04 1.28e-06 6.54e-05 0.173
 14   -8.889469180005e-02 -1.155764895020e-01 5.81e-04 8.09e-07 1.87e-04 0.178
 15   -9.465244634612e-02 -1.053442245683e-01 1.87e-04 2.60e-07 6.33e-05 0.183
 16   -9.673239996957e-02 -1.015794086471e-01 7.71e-05 1.07e-07 2.21e-05 0.188
 17   -9.766355505235e-02 -9.987672572626e-02 2.74e-05 3.81e-08 6.95e-06 0.193
 18   -9.818070803135e-02 -9.898247605512e-02 7.44e-06 1.04e-08 3.34e-06 0.197
 19   -9.842129442481e-02 -9.862909024096e-02 1.86e-06 2.59e-09 7.52e-07 0.202
 20   -9.848813965572e-02 -9.853092804113e-02 3.65e-07 5.10e-10 1.36e-07 0.207
 21   -9.850296891765e-02 -9.850961458048e-02 5.59e-08 7.91e-11 1.85e-08 0.212
 22   -9.850532162891e-02 -9.850625851061e-02 7.87e-09 6.59e-10 2.38e-09 0.216
 23   -9.850565668008e-02 -9.850578112211e-02 1.04e-09 1.51e-09 2.88e-10 0.220
 24   -9.850570147263e-02 -9.850571735827e-02 1.33e-10 2.24e-10 3.29e-11 0.225
 25   -9.850570725337e-02 -9.850570913563e-02 1.58e-11 5.22e-08 3.55e-12 0.229
 26   -9.850570794657e-02 -9.850570815066e-02 1.71e-12 2.60e-07 3.76e-13 0.233
 27   -9.850570802219e-02 -9.850570804342e-02 1.77e-13 1.11e-06 3.82e-14 0.237
 28   -9.850570803007e-02 -9.850570803233e-02 1.85e-14 5.04e-06 3.77e-15 0.240
 29   -9.850570803092e-02 -9.850570803116e-02 1.78e-15 3.23e-06 4.59e-16 0.244
Numerical error in objective
Restoring previous solution


Suboptimal solution found in 30 iterations and 0.25 seconds
Objective -9.85057015e-02
Primal infeasibility (abs/rel): 2.67e-10/1.33e-10
Dual infeasibility   (abs/rel): 2.46e-10/2.24e-10
Complementarity gap  (abs/rel): 3.61e-11/3.29e-11


Barrier finished in 0.25 seconds
Dual variables for problems with quadratic constraints not returned.


======================================================================================================================
=== [75/101] defaults_and_tuned_step_ir_cudssdet/step0.9_ir1-gmres_det0/default/cold/t14.log
----------------------------------------------------------------------------------------------------------------------
=== 33 iterations, 0.26s, restored objective -9.85970821e-02, series cold
=== peak dual infeasibility over the last 6 iterations 2.76e-05
=== SETTINGS
===   config     defaults_and_tuned_step_ir_cudssdet/step0.9_ir1-gmres_det0
===   [command]  python socp_resolve_benchmark/cuopt_socp_resolve_cache.py --configs default --cold-only --K 20 --step-scale 0.9 --ir 1 --bound-free-vars 0 --cudss-deterministic 0 --save-logs socp_resolve_benchmark/logs/defaults_and_tuned_step_ir_cudssdet/step0.9_ir1-gmres_det0
===   [family]   cold solves only; step scale, refinement mode and cuDSS determinism are the swept axes; bound_free_vars=0, initial point Automatic (SedumiMu on cones), everything else default
===   [log]      barrier_presolve_bound_free_variables = 0 (free variables handled directly)
===   [log]      cudss_deterministic = false (no deterministic solve mode printed)
===   [log]      augmented system
===   [log]      barrier_adaptive_regularization = on
===   [log]      full setup ran (reordering + symbolic factorization), so no cache reuse
======================================================================================================================
cuOpt version: 26.10.0, git hash: 648f805d, host arch: x86_64, device archs: 80-real
CPU: AMD EPYC 7642 48-Core Processor, threads: 5C/5T
CPU SIMD target: AVX2
CUDA 12.9, device: NVIDIA A100 80GB PCIe (ID 0), VRAM: 79.44 GiB
Problem has 1 quadratic constraints. Converting to second-order cones and solving with barrier.
Handling 50 free variables directly in augmented system
Presolved problem: 5103 constraints 10102 variables 265152 nonzeros
Skipping Ruiz equilibration (row norm ratio 1.4, column norm ratio 1.4 < 5e4, Q coeff ratio 1.0 < 100)
Barrier solver started at 0.028 seconds
Barrier solver: 5103 constraints, 10102 variables, 265152 nonzeros


Second-order cones          : 1
Free variables              : 50
Upper bounds                : 5000
Linear system               : augmented
cuDSS Version               : 0.7.1
cuDSS Threading layer       : libcudss_mtlayer_gomp.so.0
Reordering time             : 0.053s
Symbolic factorization time : 0.024s
Symbolic nonzeros in factor : 2.79e+05
Elapsed time for augmented  : 0.111 seconds
Elapsed time           : 0.111 seconds
Barrier setup complete at 0.111 seconds
Adaptive regularization enabled


                  Objective                         Infeasibility        Time
Iter   Primal              Dual                Primal   Dual    Compl.   Elapsed
  0   -3.703993037120e+02 -3.711301956175e+02 3.71e+03 1.91e+00 1.19e-02 0.112
  1   -3.743476578413e+01 -3.496952827047e+02 3.74e+02 7.84e-02 1.66e-02 0.117
  2   -3.890536580102e+00 -2.098129351748e+02 3.81e+01 4.70e-02 1.33e-02 0.121
  3   -4.432231679532e-01 -3.239735312357e+01 3.86e+00 5.32e-03 4.56e-03 0.126
  4   -9.291562410799e-02 -4.513380940921e+00 4.09e-01 5.69e-04 6.47e-04 0.131
  5   -5.629490810009e-02 -7.110782902603e-01 4.09e-02 5.69e-05 8.81e-05 0.136
  6   -5.678368842885e-02 -2.029100717222e-01 9.04e-03 1.26e-05 1.79e-05 0.141
  7   -6.879671416099e-02 -1.408534899650e-01 4.01e-03 5.58e-06 7.66e-06 0.145
  8   -7.225621400766e-02 -1.396076851859e-01 3.47e-03 4.84e-06 1.83e-05 0.150
  9   -7.532380466793e-02 -1.372356498461e-01 2.97e-03 4.14e-06 4.38e-05 0.155
 10   -7.794340744525e-02 -1.350662828193e-01 2.44e-03 3.40e-06 6.31e-05 0.160
 11   -8.203908459383e-02 -1.295557884182e-01 1.77e-03 2.46e-06 7.95e-05 0.165
 12   -8.266047362863e-02 -1.282929941528e-01 1.50e-03 2.09e-06 7.70e-05 0.169
 13   -8.640370412366e-02 -1.215116076783e-01 9.99e-04 1.39e-06 9.13e-05 0.174
 14   -8.988980899616e-02 -1.138618954151e-01 5.33e-04 7.42e-07 1.89e-04 0.179
 15   -9.397409058024e-02 -1.064349736611e-01 1.45e-04 2.02e-07 6.19e-05 0.184
 16   -9.669435370063e-02 -1.017383269616e-01 5.31e-05 7.40e-08 3.15e-05 0.189
 17   -9.760645391738e-02 -1.002283760802e-01 2.54e-05 3.53e-08 1.45e-05 0.193
 18   -9.807199815272e-02 -9.936639923879e-02 9.39e-06 1.31e-08 1.02e-05 0.198
 19   -9.849332736622e-02 -9.874475709999e-02 1.56e-06 2.18e-09 1.44e-06 0.203
 20   -9.857729462320e-02 -9.862614000737e-02 3.00e-07 4.22e-10 2.36e-07 0.208
 21   -9.859404147453e-02 -9.860251180726e-02 5.15e-08 7.58e-11 3.48e-08 0.213
 22   -9.859708213805e-02 -9.859824318793e-02 7.04e-09 1.65e-11 4.17e-09 0.218
 23   -9.859749960819e-02 -9.859765888152e-02 9.65e-10 2.52e-09 5.09e-10 0.221
 24   -9.859755674991e-02 -9.859757900660e-02 1.35e-10 3.02e-10 6.36e-11 0.226
 25   -9.859756475210e-02 -9.859756783697e-02 1.87e-11 2.26e-07 7.72e-12 0.230
 26   -9.859756588060e-02 -9.859756626495e-02 2.32e-12 2.82e-08 9.51e-13 0.235
 27   -9.859756602367e-02 -9.859756606581e-02 2.55e-13 5.77e-07 1.04e-13 0.239
 28   -9.859756603951e-02 -9.859756604381e-02 2.58e-14 3.68e-06 1.06e-14 0.243
 29   -9.859756604102e-02 -9.859756604172e-02 4.22e-15 5.97e-07 1.88e-15 0.248
 30   -9.859756604129e-02 -9.859756604136e-02 4.44e-16 5.97e-08 5.51e-16 0.253
 31   -9.859756604131e-02 -9.859756604132e-02 2.78e-17 2.76e-05 1.01e-15 0.256
 32   -9.859756604131e-02 -9.859756604132e-02 1.11e-16 1.00e-05 4.04e-16 0.260
Numerical error in objective
Restoring previous solution


Suboptimal solution found in 33 iterations and 0.26 seconds
Objective -9.85970821e-02
Primal infeasibility (abs/rel): 1.41e-08/7.04e-09
Dual infeasibility   (abs/rel): 1.82e-11/1.65e-11
Complementarity gap  (abs/rel): 4.58e-09/4.17e-09


Barrier finished in 0.27 seconds
Dual variables for problems with quadratic constraints not returned.


======================================================================================================================
=== [76/101] defaults_and_tuned_step_ir_cudssdet/step0.9_ir1-gmres_det0/default/cold/t15.log
----------------------------------------------------------------------------------------------------------------------
=== 31 iterations, 0.26s, restored objective -9.86328972e-02, series cold
=== peak dual infeasibility over the last 6 iterations 2.30e-06
=== SETTINGS
===   config     defaults_and_tuned_step_ir_cudssdet/step0.9_ir1-gmres_det0
===   [command]  python socp_resolve_benchmark/cuopt_socp_resolve_cache.py --configs default --cold-only --K 20 --step-scale 0.9 --ir 1 --bound-free-vars 0 --cudss-deterministic 0 --save-logs socp_resolve_benchmark/logs/defaults_and_tuned_step_ir_cudssdet/step0.9_ir1-gmres_det0
===   [family]   cold solves only; step scale, refinement mode and cuDSS determinism are the swept axes; bound_free_vars=0, initial point Automatic (SedumiMu on cones), everything else default
===   [log]      barrier_presolve_bound_free_variables = 0 (free variables handled directly)
===   [log]      cudss_deterministic = false (no deterministic solve mode printed)
===   [log]      augmented system
===   [log]      barrier_adaptive_regularization = on
===   [log]      full setup ran (reordering + symbolic factorization), so no cache reuse
======================================================================================================================
cuOpt version: 26.10.0, git hash: 648f805d, host arch: x86_64, device archs: 80-real
CPU: AMD EPYC 7642 48-Core Processor, threads: 5C/5T
CPU SIMD target: AVX2
CUDA 12.9, device: NVIDIA A100 80GB PCIe (ID 0), VRAM: 79.44 GiB
Problem has 1 quadratic constraints. Converting to second-order cones and solving with barrier.
Handling 50 free variables directly in augmented system
Presolved problem: 5103 constraints 10102 variables 265152 nonzeros
Skipping Ruiz equilibration (row norm ratio 1.4, column norm ratio 1.4 < 5e4, Q coeff ratio 1.0 < 100)
Barrier solver started at 0.025 seconds
Barrier solver: 5103 constraints, 10102 variables, 265152 nonzeros


Second-order cones          : 1
Free variables              : 50
Upper bounds                : 5000
Linear system               : augmented
cuDSS Version               : 0.7.1
cuDSS Threading layer       : libcudss_mtlayer_gomp.so.0
Reordering time             : 0.065s
Symbolic factorization time : 0.024s
Symbolic nonzeros in factor : 2.79e+05
Elapsed time for augmented  : 0.120 seconds
Elapsed time           : 0.120 seconds
Barrier setup complete at 0.120 seconds
Adaptive regularization enabled


                  Objective                         Infeasibility        Time
Iter   Primal              Dual                Primal   Dual    Compl.   Elapsed
  0   -3.704184917206e+02 -3.711180220135e+02 3.71e+03 1.91e+00 1.19e-02 0.121
  1   -3.743667632428e+01 -3.496831248362e+02 3.74e+02 7.84e-02 1.66e-02 0.126
  2   -3.890721331585e+00 -2.098022574723e+02 3.81e+01 4.70e-02 1.33e-02 0.131
  3   -4.432496086709e-01 -3.239510554239e+01 3.86e+00 5.32e-03 4.56e-03 0.136
  4   -9.292806748761e-02 -4.513484699151e+00 4.09e-01 5.69e-04 6.47e-04 0.140
  5   -5.630149952171e-02 -7.111030702774e-01 4.09e-02 5.69e-05 8.81e-05 0.145
  6   -5.679295694725e-02 -2.026136468379e-01 9.02e-03 1.26e-05 1.79e-05 0.150
  7   -6.890572690154e-02 -1.403836167693e-01 3.98e-03 5.54e-06 7.60e-06 0.155
  8   -7.267051701066e-02 -1.388421478890e-01 3.40e-03 4.73e-06 1.77e-05 0.160
  9   -7.530490956570e-02 -1.369570205652e-01 2.93e-03 4.07e-06 3.96e-05 0.164
 10   -8.048624826621e-02 -1.308041889560e-01 2.11e-03 2.94e-06 6.63e-05 0.169
 11   -8.161227252829e-02 -1.295500207906e-01 1.75e-03 2.44e-06 6.54e-05 0.174
 12   -8.609351466194e-02 -1.222948351046e-01 1.12e-03 1.56e-06 5.72e-05 0.179
 13   -8.679652430943e-02 -1.198287076065e-01 8.61e-04 1.20e-06 1.40e-04 0.184
 14   -9.167718182236e-02 -1.109621097314e-01 4.01e-04 5.58e-07 1.07e-04 0.189
 15   -9.491828535335e-02 -1.049794099644e-01 1.82e-04 2.54e-07 5.95e-05 0.193
 16   -9.708817280045e-02 -1.012773050672e-01 6.71e-05 9.34e-08 1.57e-05 0.198
 17   -9.787180999145e-02 -9.977318283276e-02 2.05e-05 2.85e-08 8.80e-06 0.203
 18   -9.838651133043e-02 -9.897106414673e-02 4.47e-06 6.22e-09 2.05e-06 0.208
 19   -9.857534586177e-02 -9.871151991352e-02 1.00e-06 1.39e-09 4.01e-07 0.213
 20   -9.862196056299e-02 -9.864810137280e-02 1.84e-07 2.58e-10 6.09e-08 0.217
 21   -9.863131212760e-02 -9.863558089530e-02 2.97e-08 4.39e-11 8.72e-09 0.222
 22   -9.863289721039e-02 -9.863347136822e-02 3.98e-09 2.57e-11 1.08e-09 0.227
 23   -9.863311468389e-02 -9.863318248432e-02 4.70e-10 6.40e-09 1.19e-10 0.231
 24   -9.863314051795e-02 -9.863314818709e-02 5.32e-11 1.55e-07 1.26e-11 0.235
 25   -9.863314347127e-02 -9.863314426749e-02 5.52e-12 9.10e-08 1.30e-12 0.239
 26   -9.863314377873e-02 -9.863314385975e-02 5.64e-13 4.55e-08 1.33e-13 0.242
 27   -9.863314380986e-02 -9.863314381833e-02 5.86e-14 1.61e-07 1.43e-14 0.246
 28   -9.863314381313e-02 -9.863314381400e-02 6.00e-15 3.38e-07 1.40e-15 0.250
 29   -9.863314381342e-02 -9.863314381362e-02 1.44e-15 1.52e-06 3.31e-16 0.254
 30   -9.863314381348e-02 -9.863314381354e-02 3.33e-16 2.30e-06 9.53e-17 0.258
Numerical error in objective
Restoring previous solution


Suboptimal solution found in 31 iterations and 0.26 seconds
Objective -9.86328972e-02
Primal infeasibility (abs/rel): 7.97e-09/3.98e-09
Dual infeasibility   (abs/rel): 2.84e-11/2.57e-11
Complementarity gap  (abs/rel): 1.19e-09/1.08e-09


Barrier finished in 0.26 seconds
Dual variables for problems with quadratic constraints not returned.


======================================================================================================================
=== [77/101] defaults_and_tuned_step_ir_cudssdet/step0.9_ir1-gmres_det0/default/cold/t16.log
----------------------------------------------------------------------------------------------------------------------
=== 30 iterations, 0.25s, restored objective -9.85957600e-02, series cold
=== peak dual infeasibility over the last 6 iterations 3.35e-06
=== SETTINGS
===   config     defaults_and_tuned_step_ir_cudssdet/step0.9_ir1-gmres_det0
===   [command]  python socp_resolve_benchmark/cuopt_socp_resolve_cache.py --configs default --cold-only --K 20 --step-scale 0.9 --ir 1 --bound-free-vars 0 --cudss-deterministic 0 --save-logs socp_resolve_benchmark/logs/defaults_and_tuned_step_ir_cudssdet/step0.9_ir1-gmres_det0
===   [family]   cold solves only; step scale, refinement mode and cuDSS determinism are the swept axes; bound_free_vars=0, initial point Automatic (SedumiMu on cones), everything else default
===   [log]      barrier_presolve_bound_free_variables = 0 (free variables handled directly)
===   [log]      cudss_deterministic = false (no deterministic solve mode printed)
===   [log]      augmented system
===   [log]      barrier_adaptive_regularization = on
===   [log]      full setup ran (reordering + symbolic factorization), so no cache reuse
======================================================================================================================
cuOpt version: 26.10.0, git hash: 648f805d, host arch: x86_64, device archs: 80-real
CPU: AMD EPYC 7642 48-Core Processor, threads: 5C/5T
CPU SIMD target: AVX2
CUDA 12.9, device: NVIDIA A100 80GB PCIe (ID 0), VRAM: 79.44 GiB
Problem has 1 quadratic constraints. Converting to second-order cones and solving with barrier.
Handling 50 free variables directly in augmented system
Presolved problem: 5103 constraints 10102 variables 265152 nonzeros
Skipping Ruiz equilibration (row norm ratio 1.4, column norm ratio 1.4 < 5e4, Q coeff ratio 1.0 < 100)
Barrier solver started at 0.028 seconds
Barrier solver: 5103 constraints, 10102 variables, 265152 nonzeros


Second-order cones          : 1
Free variables              : 50
Upper bounds                : 5000
Linear system               : augmented
cuDSS Version               : 0.7.1
cuDSS Threading layer       : libcudss_mtlayer_gomp.so.0
Reordering time             : 0.055s
Symbolic factorization time : 0.023s
Symbolic nonzeros in factor : 2.79e+05
Elapsed time for augmented  : 0.112 seconds
Elapsed time           : 0.112 seconds
Barrier setup complete at 0.112 seconds
Adaptive regularization enabled


                  Objective                         Infeasibility        Time
Iter   Primal              Dual                Primal   Dual    Compl.   Elapsed
  0   -3.705152443471e+02 -3.711033693861e+02 3.71e+03 1.91e+00 1.19e-02 0.113
  1   -3.744593005941e+01 -3.496684576153e+02 3.74e+02 7.84e-02 1.66e-02 0.118
  2   -3.891507418859e+00 -2.097876977543e+02 3.80e+01 4.70e-02 1.33e-02 0.123
  3   -4.433598676081e-01 -3.239205113999e+01 3.86e+00 5.32e-03 4.56e-03 0.127
  4   -9.295418275924e-02 -4.513112384465e+00 4.09e-01 5.69e-04 6.47e-04 0.132
  5   -5.631920849001e-02 -7.110530836802e-01 4.09e-02 5.69e-05 8.81e-05 0.137
  6   -5.681228423082e-02 -2.029573522234e-01 9.04e-03 1.26e-05 1.79e-05 0.142
  7   -6.884373143765e-02 -1.408420777363e-01 4.01e-03 5.58e-06 7.65e-06 0.147
  8   -7.336359773537e-02 -1.390159817447e-01 3.29e-03 4.57e-06 2.40e-05 0.151
  9   -7.493708290679e-02 -1.380505841143e-01 2.96e-03 4.12e-06 4.18e-05 0.156
 10   -7.994207491810e-02 -1.314938875391e-01 2.24e-03 3.11e-06 7.16e-05 0.161
 11   -8.185223683177e-02 -1.294870813740e-01 1.68e-03 2.33e-06 8.30e-05 0.166
 12   -8.592210898702e-02 -1.227234167494e-01 1.11e-03 1.54e-06 8.11e-05 0.171
 13   -8.641973252970e-02 -1.206900428930e-01 8.62e-04 1.20e-06 1.33e-04 0.175
 14   -9.097090087589e-02 -1.124642904287e-01 4.88e-04 6.79e-07 1.14e-04 0.180
 15   -9.449274677069e-02 -1.056913919713e-01 2.15e-04 3.00e-07 5.70e-05 0.185
 16   -9.660806851885e-02 -1.019854312355e-01 8.63e-05 1.20e-07 1.76e-05 0.190
 17   -9.754723177234e-02 -1.001954237562e-01 3.02e-05 4.20e-08 1.11e-05 0.195
 18   -9.822167301174e-02 -9.913866609081e-02 8.03e-06 1.12e-08 3.01e-06 0.200
 19   -9.849564671486e-02 -9.873500222799e-02 1.79e-06 2.49e-09 7.08e-07 0.204
 20   -9.857632163886e-02 -9.862344623170e-02 3.47e-07 4.85e-10 1.28e-07 0.209
 21   -9.859307819960e-02 -9.860040833778e-02 5.36e-08 7.79e-11 1.71e-08 0.214
 22   -9.859576003833e-02 -9.859673314941e-02 7.10e-09 1.77e-11 2.00e-09 0.219
 23   -9.859612068264e-02 -9.859623956137e-02 8.67e-10 9.88e-09 2.25e-10 0.223
 24   -9.859616520904e-02 -9.859617859749e-02 9.76e-11 1.16e-09 2.51e-11 0.228
 25   -9.859617027199e-02 -9.859617166386e-02 1.02e-11 3.19e-07 2.61e-12 0.232
 26   -9.859617079959e-02 -9.859617094112e-02 1.03e-12 2.41e-07 2.66e-13 0.236
 27   -9.859617085333e-02 -9.859617086755e-02 1.05e-13 3.35e-06 2.68e-14 0.239
 28   -9.859617085838e-02 -9.859617086056e-02 1.61e-14 1.41e-06 4.12e-15 0.243
 29   -9.859617085917e-02 -9.859617085946e-02 2.22e-15 1.92e-06 5.50e-16 0.246
Numerical error in objective
Restoring previous solution


Suboptimal solution found in 30 iterations and 0.25 seconds
Objective -9.85957600e-02
Primal infeasibility (abs/rel): 1.42e-08/7.10e-09
Dual infeasibility   (abs/rel): 1.96e-11/1.77e-11
Complementarity gap  (abs/rel): 2.20e-09/2.00e-09


Barrier finished in 0.25 seconds
Dual variables for problems with quadratic constraints not returned.


======================================================================================================================
=== [78/101] defaults_and_tuned_step_ir_cudssdet/step0.9_ir1-gmres_det0/default/cold/t18.log
----------------------------------------------------------------------------------------------------------------------
=== 30 iterations, 0.28s, restored objective -9.83789922e-02, series cold
=== peak dual infeasibility over the last 6 iterations 4.82e-07
=== SETTINGS
===   config     defaults_and_tuned_step_ir_cudssdet/step0.9_ir1-gmres_det0
===   [command]  python socp_resolve_benchmark/cuopt_socp_resolve_cache.py --configs default --cold-only --K 20 --step-scale 0.9 --ir 1 --bound-free-vars 0 --cudss-deterministic 0 --save-logs socp_resolve_benchmark/logs/defaults_and_tuned_step_ir_cudssdet/step0.9_ir1-gmres_det0
===   [family]   cold solves only; step scale, refinement mode and cuDSS determinism are the swept axes; bound_free_vars=0, initial point Automatic (SedumiMu on cones), everything else default
===   [log]      barrier_presolve_bound_free_variables = 0 (free variables handled directly)
===   [log]      cudss_deterministic = false (no deterministic solve mode printed)
===   [log]      augmented system
===   [log]      barrier_adaptive_regularization = on
===   [log]      full setup ran (reordering + symbolic factorization), so no cache reuse
======================================================================================================================
cuOpt version: 26.10.0, git hash: 648f805d, host arch: x86_64, device archs: 80-real
CPU: AMD EPYC 7642 48-Core Processor, threads: 5C/5T
CPU SIMD target: AVX2
CUDA 12.9, device: NVIDIA A100 80GB PCIe (ID 0), VRAM: 79.44 GiB
Problem has 1 quadratic constraints. Converting to second-order cones and solving with barrier.
Handling 50 free variables directly in augmented system
Presolved problem: 5103 constraints 10102 variables 265152 nonzeros
Skipping Ruiz equilibration (row norm ratio 1.4, column norm ratio 1.4 < 5e4, Q coeff ratio 1.0 < 100)
Barrier solver started at 0.026 seconds
Barrier solver: 5103 constraints, 10102 variables, 265152 nonzeros


Second-order cones          : 1
Free variables              : 50
Upper bounds                : 5000
Linear system               : augmented
cuDSS Version               : 0.7.1
cuDSS Threading layer       : libcudss_mtlayer_gomp.so.0
Reordering time             : 0.076s
Symbolic factorization time : 0.024s
Symbolic nonzeros in factor : 2.79e+05
Elapsed time for augmented  : 0.133 seconds
Elapsed time           : 0.133 seconds
Barrier setup complete at 0.133 seconds
Adaptive regularization enabled


                  Objective                         Infeasibility        Time
Iter   Primal              Dual                Primal   Dual    Compl.   Elapsed
  0   -3.702964190560e+02 -3.711235215740e+02 3.71e+03 1.91e+00 1.19e-02 0.133
  1   -3.742349284839e+01 -3.496884758244e+02 3.74e+02 7.84e-02 1.66e-02 0.138
  2   -3.889054497322e+00 -2.098042035683e+02 3.80e+01 4.70e-02 1.33e-02 0.143
  3   -4.430325509222e-01 -3.239324757035e+01 3.86e+00 5.32e-03 4.56e-03 0.152
  4   -9.287132087755e-02 -4.512039523600e+00 4.09e-01 5.68e-04 6.47e-04 0.156
  5   -5.627559510859e-02 -7.108197356069e-01 4.09e-02 5.69e-05 8.80e-05 0.161
  6   -5.676127134694e-02 -2.028282062658e-01 9.03e-03 1.26e-05 1.79e-05 0.166
  7   -6.872057598591e-02 -1.408419729903e-01 4.01e-03 5.59e-06 7.67e-06 0.171
  8   -7.258982402984e-02 -1.392588273575e-01 3.40e-03 4.73e-06 2.05e-05 0.176
  9   -7.571181217794e-02 -1.366622378195e-01 2.87e-03 4.00e-06 4.96e-05 0.180
 10   -7.916984554490e-02 -1.330919985015e-01 2.23e-03 3.11e-06 8.05e-05 0.185
 11   -8.266762512686e-02 -1.284169221167e-01 1.57e-03 2.19e-06 8.79e-05 0.190
 12   -8.365782351323e-02 -1.266262267824e-01 1.28e-03 1.78e-06 8.45e-05 0.195
 13   -8.597750977026e-02 -1.221423682079e-01 9.32e-04 1.30e-06 7.35e-05 0.200
 14   -8.796964456815e-02 -1.174009789404e-01 6.31e-04 8.79e-07 1.66e-04 0.204
 15   -9.395185347545e-02 -1.062205067588e-01 2.12e-04 2.95e-07 6.87e-05 0.209
 16   -9.601550455307e-02 -1.024278645018e-01 8.72e-05 1.21e-07 2.31e-05 0.214
 17   -9.729755349036e-02 -1.002292092332e-01 3.73e-05 5.19e-08 7.98e-06 0.219
 18   -9.782857887759e-02 -9.921481210533e-02 1.31e-05 1.83e-08 6.47e-06 0.224
 19   -9.819958732715e-02 -9.862586419057e-02 2.57e-06 3.58e-09 1.40e-06 0.229
 20   -9.833913870464e-02 -9.843271652971e-02 5.22e-07 7.27e-10 2.66e-07 0.233
 21   -9.837234423838e-02 -9.838792377179e-02 8.50e-08 1.20e-10 3.81e-08 0.241
 22   -9.837803855258e-02 -9.838030353427e-02 1.23e-08 1.84e-11 4.88e-09 0.246
 23   -9.837887833483e-02 -9.837918082761e-02 1.64e-09 3.27e-09 5.76e-10 0.250
 24   -9.837899224701e-02 -9.837902843757e-02 1.97e-10 3.23e-10 6.35e-11 0.255
 25   -9.837900612818e-02 -9.837900985288e-02 2.02e-11 1.55e-07 6.57e-12 0.259
 26   -9.837900756052e-02 -9.837900793528e-02 2.03e-12 5.12e-08 6.64e-13 0.263
 27   -9.837900770474e-02 -9.837900774235e-02 2.04e-13 1.07e-07 6.70e-14 0.267
 28   -9.837900771898e-02 -9.837900772336e-02 2.36e-14 4.82e-07 7.67e-15 0.271
 29   -9.837900772060e-02 -9.837900772121e-02 3.33e-15 2.80e-07 7.95e-16 0.275
Numerical error in objective
Restoring previous solution


Suboptimal solution found in 30 iterations and 0.28 seconds
Objective -9.83789922e-02
Primal infeasibility (abs/rel): 3.93e-10/1.97e-10
Dual infeasibility   (abs/rel): 3.55e-10/3.23e-10
Complementarity gap  (abs/rel): 6.98e-11/6.35e-11


Barrier finished in 0.28 seconds
Dual variables for problems with quadratic constraints not returned.


======================================================================================================================
=== [79/101] defaults_and_tuned_step_ir_cudssdet/step0.9_ir1-gmres_det0/default/cold/t19.log
----------------------------------------------------------------------------------------------------------------------
=== 30 iterations, 0.34s, restored objective -9.86621379e-02, series cold
=== peak dual infeasibility over the last 6 iterations 1.61e-06
=== SETTINGS
===   config     defaults_and_tuned_step_ir_cudssdet/step0.9_ir1-gmres_det0
===   [command]  python socp_resolve_benchmark/cuopt_socp_resolve_cache.py --configs default --cold-only --K 20 --step-scale 0.9 --ir 1 --bound-free-vars 0 --cudss-deterministic 0 --save-logs socp_resolve_benchmark/logs/defaults_and_tuned_step_ir_cudssdet/step0.9_ir1-gmres_det0
===   [family]   cold solves only; step scale, refinement mode and cuDSS determinism are the swept axes; bound_free_vars=0, initial point Automatic (SedumiMu on cones), everything else default
===   [log]      barrier_presolve_bound_free_variables = 0 (free variables handled directly)
===   [log]      cudss_deterministic = false (no deterministic solve mode printed)
===   [log]      augmented system
===   [log]      barrier_adaptive_regularization = on
===   [log]      full setup ran (reordering + symbolic factorization), so no cache reuse
======================================================================================================================
cuOpt version: 26.10.0, git hash: 648f805d, host arch: x86_64, device archs: 80-real
CPU: AMD EPYC 7642 48-Core Processor, threads: 5C/5T
CPU SIMD target: AVX2
CUDA 12.9, device: NVIDIA A100 80GB PCIe (ID 0), VRAM: 79.44 GiB
Problem has 1 quadratic constraints. Converting to second-order cones and solving with barrier.
Handling 50 free variables directly in augmented system
Presolved problem: 5103 constraints 10102 variables 265152 nonzeros
Skipping Ruiz equilibration (row norm ratio 1.4, column norm ratio 1.4 < 5e4, Q coeff ratio 1.0 < 100)
Barrier solver started at 0.028 seconds
Barrier solver: 5103 constraints, 10102 variables, 265152 nonzeros


Second-order cones          : 1
Free variables              : 50
Upper bounds                : 5000
Linear system               : augmented
cuDSS Version               : 0.7.1
cuDSS Threading layer       : libcudss_mtlayer_gomp.so.0
Reordering time             : 0.139s
Symbolic factorization time : 0.024s
Symbolic nonzeros in factor : 2.79e+05
Elapsed time for augmented  : 0.198 seconds
Elapsed time           : 0.198 seconds
Barrier setup complete at 0.198 seconds
Adaptive regularization enabled


                  Objective                         Infeasibility        Time
Iter   Primal              Dual                Primal   Dual    Compl.   Elapsed
  0   -3.704438282728e+02 -3.711104708303e+02 3.71e+03 1.91e+00 1.19e-02 0.199
  1   -3.743973210431e+01 -3.496755885972e+02 3.74e+02 7.84e-02 1.66e-02 0.204
  2   -3.891181962431e+00 -2.097977461416e+02 3.81e+01 4.70e-02 1.33e-02 0.209
  3   -4.432881670486e-01 -3.239429806499e+01 3.86e+00 5.32e-03 4.56e-03 0.213
  4   -9.292346658454e-02 -4.512392623967e+00 4.09e-01 5.68e-04 6.47e-04 0.218
  5   -5.630487799843e-02 -7.109222282167e-01 4.09e-02 5.69e-05 8.80e-05 0.223
  6   -5.679745278748e-02 -2.028989262393e-01 9.04e-03 1.26e-05 1.79e-05 0.228
  7   -6.886015040809e-02 -1.406633701016e-01 3.99e-03 5.56e-06 7.63e-06 0.233
  8   -7.302517085920e-02 -1.389555275601e-01 3.34e-03 4.65e-06 2.15e-05 0.237
  9   -7.589008079884e-02 -1.365816328973e-01 2.84e-03 3.96e-06 4.34e-05 0.242
 10   -8.022581489809e-02 -1.314589671283e-01 2.14e-03 2.98e-06 6.93e-05 0.247
 11   -8.112487007753e-02 -1.305010589694e-01 1.84e-03 2.57e-06 7.44e-05 0.252
 12   -8.603294012754e-02 -1.225944549508e-01 1.17e-03 1.64e-06 6.84e-05 0.257
 13   -8.666256166061e-02 -1.203027124895e-01 8.93e-04 1.24e-06 1.49e-04 0.261
 14   -9.121767406115e-02 -1.121362178419e-01 4.73e-04 6.59e-07 1.14e-04 0.266
 15   -9.462951380397e-02 -1.056040026719e-01 2.19e-04 3.05e-07 6.84e-05 0.271
 16   -9.672568325188e-02 -1.019329733206e-01 7.87e-05 1.10e-07 1.88e-05 0.276
 17   -9.747881034443e-02 -1.004959533726e-01 3.54e-05 4.93e-08 1.70e-05 0.281
 18   -9.828865121731e-02 -9.919189894714e-02 6.91e-06 9.61e-09 3.28e-06 0.285
 19   -9.855293308396e-02 -9.881356229541e-02 1.78e-06 2.47e-09 9.06e-07 0.290
 20   -9.863962586539e-02 -9.869383576757e-02 3.59e-07 5.02e-10 1.77e-07 0.295
 21   -9.865933732328e-02 -9.866691470411e-02 5.00e-08 7.36e-11 2.20e-08 0.300
 22   -9.866213791036e-02 -9.866310296806e-02 6.36e-09 1.63e-11 2.56e-09 0.305
 23   -9.866249769114e-02 -9.866261379707e-02 7.65e-10 1.80e-09 2.85e-10 0.309
 24   -9.866254107260e-02 -9.866255481091e-02 9.05e-11 9.82e-08 3.10e-11 0.313
 25   -9.866254626863e-02 -9.866254774153e-02 9.70e-12 3.88e-08 3.24e-12 0.317
 26   -9.866254682997e-02 -9.866254697797e-02 9.73e-13 5.55e-08 3.27e-13 0.321
 27   -9.866254688644e-02 -9.866254690132e-02 9.74e-14 1.32e-07 3.34e-14 0.325
 28   -9.866254689214e-02 -9.866254689365e-02 9.66e-15 4.11e-07 2.88e-15 0.328
 29   -9.866254689272e-02 -9.866254689288e-02 8.88e-16 1.61e-06 4.60e-16 0.332
Numerical error in objective
Restoring previous solution


Suboptimal solution found in 30 iterations and 0.34 seconds
Objective -9.86621379e-02
Primal infeasibility (abs/rel): 1.27e-08/6.36e-09
Dual infeasibility   (abs/rel): 1.80e-11/1.63e-11
Complementarity gap  (abs/rel): 2.82e-09/2.56e-09


Barrier finished in 0.34 seconds
Dual variables for problems with quadratic constraints not returned.


======================================================================================================================
=== [80/101] defaults_and_tuned_step_ir_cudssdet/step0.9_ir1-gmres_det1/default/cold/t04.log
----------------------------------------------------------------------------------------------------------------------
=== 30 iterations, 2.3s, restored objective -9.84924437e-02, series cold
=== peak dual infeasibility over the last 6 iterations 4.12e-06
=== SETTINGS
===   config     defaults_and_tuned_step_ir_cudssdet/step0.9_ir1-gmres_det1
===   [command]  python socp_resolve_benchmark/cuopt_socp_resolve_cache.py --configs default --cold-only --K 20 --step-scale 0.9 --ir 1 --bound-free-vars 0 --cudss-deterministic 1 --save-logs socp_resolve_benchmark/logs/defaults_and_tuned_step_ir_cudssdet/step0.9_ir1-gmres_det1
===   [family]   cold solves only; step scale, refinement mode and cuDSS determinism are the swept axes; bound_free_vars=0, initial point Automatic (SedumiMu on cones), everything else default
===   [log]      barrier_presolve_bound_free_variables = 0 (free variables handled directly)
===   [log]      cudss_deterministic = true
===   [log]      augmented system
===   [log]      barrier_adaptive_regularization = on
===   [log]      full setup ran (reordering + symbolic factorization), so no cache reuse
======================================================================================================================
cuOpt version: 26.10.0, git hash: 648f805d, host arch: x86_64, device archs: 80-real
CPU: AMD EPYC 7642 48-Core Processor, threads: 5C/5T
CPU SIMD target: AVX2
CUDA 12.9, device: NVIDIA A100 80GB PCIe (ID 0), VRAM: 79.44 GiB
Problem has 1 quadratic constraints. Converting to second-order cones and solving with barrier.
Handling 50 free variables directly in augmented system
Presolved problem: 5103 constraints 10102 variables 265152 nonzeros
Skipping Ruiz equilibration (row norm ratio 1.4, column norm ratio 1.4 < 5e4, Q coeff ratio 1.0 < 100)
Barrier solver started at 0.028 seconds
Barrier solver: 5103 constraints, 10102 variables, 265152 nonzeros


Second-order cones          : 1
Free variables              : 50
Upper bounds                : 5000
Linear system               : augmented
cuDSS Version               : 0.7.1
cuDSS Threading layer       : libcudss_mtlayer_gomp.so.0
cuDSS solve mode            : deterministic
Reordering time             : 0.054s
Symbolic factorization time : 0.024s
Symbolic nonzeros in factor : 2.79e+05
Elapsed time for augmented  : 0.112 seconds
Elapsed time           : 0.112 seconds
Barrier setup complete at 0.112 seconds
Adaptive regularization enabled


                  Objective                         Infeasibility        Time
Iter   Primal              Dual                Primal   Dual    Compl.   Elapsed
  0   -3.702624119443e+02 -3.710387458059e+02 3.71e+03 1.91e+00 1.19e-02 0.113
  1   -3.742079789023e+01 -3.496036719064e+02 3.74e+02 7.84e-02 1.66e-02 0.191
  2   -3.888993984283e+00 -2.097346653642e+02 3.80e+01 4.70e-02 1.33e-02 0.268
  3   -4.430512134758e-01 -3.238077187940e+01 3.86e+00 5.32e-03 4.56e-03 0.346
  4   -9.288389751436e-02 -4.510664601825e+00 4.09e-01 5.68e-04 6.47e-04 0.423
  5   -5.628571763013e-02 -7.106214023161e-01 4.09e-02 5.69e-05 8.80e-05 0.500
  6   -5.677723484909e-02 -2.023841423787e-01 9.01e-03 1.25e-05 1.78e-05 0.578
  7   -6.888706418171e-02 -1.402317627575e-01 3.97e-03 5.53e-06 7.59e-06 0.655
  8   -7.323051310513e-02 -1.384590469869e-01 3.29e-03 4.58e-06 2.13e-05 0.736
  9   -7.616943839142e-02 -1.359080178179e-01 2.79e-03 3.89e-06 4.75e-05 0.814
 10   -8.013258408031e-02 -1.313987026778e-01 2.11e-03 2.94e-06 8.10e-05 0.891
 11   -8.114638514175e-02 -1.302582697549e-01 1.80e-03 2.50e-06 8.57e-05 0.968
 12   -8.613106503784e-02 -1.220830158214e-01 1.13e-03 1.58e-06 8.44e-05 1.046
 13   -8.658053171189e-02 -1.197342100064e-01 8.41e-04 1.17e-06 2.03e-04 1.140
 14   -9.079265491913e-02 -1.122942942351e-01 4.75e-04 6.61e-07 1.64e-04 1.217
 15   -9.473431328746e-02 -1.049161462084e-01 2.00e-04 2.79e-07 7.82e-05 1.295
 16   -9.673600515196e-02 -1.013421524951e-01 5.96e-05 8.30e-08 1.70e-05 1.373
 17   -9.765764281199e-02 -9.976368990381e-02 2.15e-05 3.00e-08 8.52e-06 1.451
 18   -9.807907030824e-02 -9.909408968373e-02 8.95e-06 1.25e-08 5.26e-06 1.528
 19   -9.838802056899e-02 -9.862770130059e-02 1.09e-06 1.53e-09 8.44e-07 1.606
 20   -9.846849594270e-02 -9.852411347070e-02 2.48e-07 3.48e-10 2.03e-07 1.683
 21   -9.848939198775e-02 -9.849737261179e-02 3.53e-08 5.23e-11 2.57e-08 1.761
 22   -9.849244372877e-02 -9.849347599414e-02 4.56e-09 7.78e-12 2.97e-09 1.839
 23   -9.849284627390e-02 -9.849296245177e-02 5.14e-10 1.30e-11 3.18e-10 1.917
 24   -9.849289209780e-02 -9.849290401236e-02 5.27e-11 1.11e-09 3.26e-11 1.977
 25   -9.849289680935e-02 -9.849289800530e-02 5.32e-12 3.21e-07 3.29e-12 2.020
 26   -9.849289728027e-02 -9.849289740035e-02 5.35e-13 2.87e-08 3.30e-13 2.080
 27   -9.849289732753e-02 -9.849289733949e-02 5.35e-14 2.19e-08 3.28e-14 2.141
 28   -9.849289733207e-02 -9.849289733360e-02 6.99e-15 1.73e-07 2.58e-15 2.201
 29   -9.849289733266e-02 -9.849289733281e-02 7.77e-16 4.12e-06 1.73e-16 2.261
Numerical error in objective
Restoring previous solution


Suboptimal solution found in 30 iterations and 2.30 seconds
Objective -9.84924437e-02
Primal infeasibility (abs/rel): 9.13e-09/4.56e-09
Dual infeasibility   (abs/rel): 8.57e-12/7.78e-12
Complementarity gap  (abs/rel): 3.26e-09/2.97e-09


Barrier finished in 2.31 seconds
Dual variables for problems with quadratic constraints not returned.


======================================================================================================================
=== [81/101] defaults_and_tuned_step_ir_cudssdet/step0.9_ir1-gmres_det1/default/cold/t05.log
----------------------------------------------------------------------------------------------------------------------
=== 32 iterations, 2.43s, restored objective -9.87543415e-02, series cold
=== peak dual infeasibility over the last 6 iterations 4.70e-06
=== SETTINGS
===   config     defaults_and_tuned_step_ir_cudssdet/step0.9_ir1-gmres_det1
===   [command]  python socp_resolve_benchmark/cuopt_socp_resolve_cache.py --configs default --cold-only --K 20 --step-scale 0.9 --ir 1 --bound-free-vars 0 --cudss-deterministic 1 --save-logs socp_resolve_benchmark/logs/defaults_and_tuned_step_ir_cudssdet/step0.9_ir1-gmres_det1
===   [family]   cold solves only; step scale, refinement mode and cuDSS determinism are the swept axes; bound_free_vars=0, initial point Automatic (SedumiMu on cones), everything else default
===   [log]      barrier_presolve_bound_free_variables = 0 (free variables handled directly)
===   [log]      cudss_deterministic = true
===   [log]      augmented system
===   [log]      barrier_adaptive_regularization = on
===   [log]      full setup ran (reordering + symbolic factorization), so no cache reuse
======================================================================================================================
cuOpt version: 26.10.0, git hash: 648f805d, host arch: x86_64, device archs: 80-real
CPU: AMD EPYC 7642 48-Core Processor, threads: 5C/5T
CPU SIMD target: AVX2
CUDA 12.9, device: NVIDIA A100 80GB PCIe (ID 0), VRAM: 79.44 GiB
Problem has 1 quadratic constraints. Converting to second-order cones and solving with barrier.
Handling 50 free variables directly in augmented system
Presolved problem: 5103 constraints 10102 variables 265152 nonzeros
Skipping Ruiz equilibration (row norm ratio 1.4, column norm ratio 1.4 < 5e4, Q coeff ratio 1.0 < 100)
Barrier solver started at 0.028 seconds
Barrier solver: 5103 constraints, 10102 variables, 265152 nonzeros


Second-order cones          : 1
Free variables              : 50
Upper bounds                : 5000
Linear system               : augmented
cuDSS Version               : 0.7.1
cuDSS Threading layer       : libcudss_mtlayer_gomp.so.0
cuDSS solve mode            : deterministic
Reordering time             : 0.057s
Symbolic factorization time : 0.024s
Symbolic nonzeros in factor : 2.79e+05
Elapsed time for augmented  : 0.116 seconds
Elapsed time           : 0.116 seconds
Barrier setup complete at 0.116 seconds
Adaptive regularization enabled


                  Objective                         Infeasibility        Time
Iter   Primal              Dual                Primal   Dual    Compl.   Elapsed
  0   -3.704291987375e+02 -3.711395609108e+02 3.71e+03 1.91e+00 1.19e-02 0.117
  1   -3.743741817706e+01 -3.497046453054e+02 3.74e+02 7.84e-02 1.66e-02 0.195
  2   -3.890680428367e+00 -2.098194046320e+02 3.81e+01 4.70e-02 1.33e-02 0.272
  3   -4.432259633860e-01 -3.239729092693e+01 3.86e+00 5.32e-03 4.56e-03 0.349
  4   -9.291615235056e-02 -4.513183834740e+00 4.09e-01 5.69e-04 6.47e-04 0.427
  5   -5.629790208488e-02 -7.110358209523e-01 4.09e-02 5.69e-05 8.80e-05 0.504
  6   -5.678707166315e-02 -2.035520415060e-01 9.08e-03 1.26e-05 1.79e-05 0.582
  7   -6.872858008317e-02 -1.410845875312e-01 4.02e-03 5.60e-06 7.68e-06 0.659
  8   -7.252490416821e-02 -1.393041240939e-01 3.42e-03 4.77e-06 1.87e-05 0.737
  9   -7.579096238471e-02 -1.366882915764e-01 2.85e-03 3.97e-06 3.07e-05 0.814
 10   -8.100782466642e-02 -1.300808359861e-01 2.05e-03 2.86e-06 4.59e-05 0.892
 11   -8.218333541124e-02 -1.286220025057e-01 1.69e-03 2.35e-06 5.10e-05 0.970
 12   -8.767240572898e-02 -1.195243904220e-01 1.00e-03 1.39e-06 5.06e-05 1.048
 13   -8.858510041410e-02 -1.167201125098e-01 7.02e-04 9.78e-07 1.02e-04 1.126
 14   -9.160993009471e-02 -1.112770017173e-01 4.19e-04 5.84e-07 1.01e-04 1.203
 15   -9.478652630377e-02 -1.055181765274e-01 2.05e-04 2.86e-07 6.09e-05 1.281
 16   -9.695465309122e-02 -1.018357921283e-01 7.97e-05 1.11e-07 1.92e-05 1.359
 17   -9.767270772763e-02 -1.003905043718e-01 3.10e-05 4.31e-08 1.79e-05 1.436
 18   -9.823477695862e-02 -9.951422158043e-02 1.27e-05 1.77e-08 9.79e-06 1.513
 19   -9.862090374112e-02 -9.893673495968e-02 2.26e-06 3.15e-09 1.68e-06 1.591
 20   -9.871549362817e-02 -9.880694149464e-02 6.25e-07 8.73e-10 5.01e-07 1.669
 21   -9.874841045481e-02 -9.876244030958e-02 8.87e-08 1.28e-10 6.64e-08 1.746
 22   -9.875365344819e-02 -9.875549997356e-02 1.17e-08 2.05e-11 7.72e-09 1.824
 23   -9.875434154026e-02 -9.875459104233e-02 1.58e-09 7.65e-12 9.11e-10 1.902
 24   -9.875443433796e-02 -9.875446864397e-02 2.17e-10 4.07e-10 1.07e-10 1.962
 25   -9.875444703458e-02 -9.875445190164e-02 3.07e-11 1.76e-08 1.25e-11 2.022
 26   -9.875444883523e-02 -9.875444952405e-02 4.35e-12 2.83e-07 1.50e-12 2.082
 27   -9.875444909443e-02 -9.875444918072e-02 5.45e-13 8.76e-07 1.75e-13 2.143
 28   -9.875444912772e-02 -9.875444913646e-02 5.56e-14 2.13e-06 1.79e-14 2.203
 29   -9.875444913102e-02 -9.875444913207e-02 6.66e-15 4.25e-06 2.48e-15 2.263
 30   -9.875444913131e-02 -9.875444913169e-02 2.44e-15 4.70e-06 5.70e-16 2.324
 31   -9.875444913144e-02 -9.875444913151e-02 4.44e-16 1.24e-06 1.35e-16 2.384
Numerical error in objective
Restoring previous solution


Suboptimal solution found in 32 iterations and 2.43 seconds
Objective -9.87543415e-02
Primal infeasibility (abs/rel): 3.15e-09/1.58e-09
Dual infeasibility   (abs/rel): 8.43e-12/7.65e-12
Complementarity gap  (abs/rel): 1.00e-09/9.11e-10


Barrier finished in 2.43 seconds
Dual variables for problems with quadratic constraints not returned.


======================================================================================================================
=== [82/101] defaults_and_tuned_step_ir_cudssdet/step0.9_ir1-gmres_det1/default/cold/t07.log
----------------------------------------------------------------------------------------------------------------------
=== 30 iterations, 2.27s, restored objective -9.85532560e-02, series cold
=== peak dual infeasibility over the last 6 iterations 8.51e-07
=== SETTINGS
===   config     defaults_and_tuned_step_ir_cudssdet/step0.9_ir1-gmres_det1
===   [command]  python socp_resolve_benchmark/cuopt_socp_resolve_cache.py --configs default --cold-only --K 20 --step-scale 0.9 --ir 1 --bound-free-vars 0 --cudss-deterministic 1 --save-logs socp_resolve_benchmark/logs/defaults_and_tuned_step_ir_cudssdet/step0.9_ir1-gmres_det1
===   [family]   cold solves only; step scale, refinement mode and cuDSS determinism are the swept axes; bound_free_vars=0, initial point Automatic (SedumiMu on cones), everything else default
===   [log]      barrier_presolve_bound_free_variables = 0 (free variables handled directly)
===   [log]      cudss_deterministic = true
===   [log]      augmented system
===   [log]      barrier_adaptive_regularization = on
===   [log]      full setup ran (reordering + symbolic factorization), so no cache reuse
======================================================================================================================
cuOpt version: 26.10.0, git hash: 648f805d, host arch: x86_64, device archs: 80-real
CPU: AMD EPYC 7642 48-Core Processor, threads: 5C/5T
CPU SIMD target: AVX2
CUDA 12.9, device: NVIDIA A100 80GB PCIe (ID 0), VRAM: 79.44 GiB
Problem has 1 quadratic constraints. Converting to second-order cones and solving with barrier.
Handling 50 free variables directly in augmented system
Presolved problem: 5103 constraints 10102 variables 265152 nonzeros
Skipping Ruiz equilibration (row norm ratio 1.4, column norm ratio 1.4 < 5e4, Q coeff ratio 1.0 < 100)
Barrier solver started at 0.030 seconds
Barrier solver: 5103 constraints, 10102 variables, 265152 nonzeros


Second-order cones          : 1
Free variables              : 50
Upper bounds                : 5000
Linear system               : augmented
cuDSS Version               : 0.7.1
cuDSS Threading layer       : libcudss_mtlayer_gomp.so.0
cuDSS solve mode            : deterministic
Reordering time             : 0.055s
Symbolic factorization time : 0.023s
Symbolic nonzeros in factor : 2.79e+05
Elapsed time for augmented  : 0.116 seconds
Elapsed time           : 0.116 seconds
Barrier setup complete at 0.116 seconds
Adaptive regularization enabled


                  Objective                         Infeasibility        Time
Iter   Primal              Dual                Primal   Dual    Compl.   Elapsed
  0   -3.704340093575e+02 -3.710959393425e+02 3.71e+03 1.91e+00 1.19e-02 0.116
  1   -3.743763570813e+01 -3.496609895192e+02 3.74e+02 7.84e-02 1.66e-02 0.195
  2   -3.890628828344e+00 -2.097811369819e+02 3.80e+01 4.70e-02 1.33e-02 0.272
  3   -4.432462222108e-01 -3.238991826105e+01 3.86e+00 5.32e-03 4.56e-03 0.350
  4   -9.292768669746e-02 -4.512426310848e+00 4.09e-01 5.69e-04 6.47e-04 0.428
  5   -5.630707285378e-02 -7.109235424395e-01 4.09e-02 5.69e-05 8.81e-05 0.506
  6   -5.680194946651e-02 -2.023096863667e-01 9.00e-03 1.25e-05 1.78e-05 0.583
  7   -6.898520010781e-02 -1.400410509421e-01 3.96e-03 5.51e-06 7.56e-06 0.660
  8   -7.329816257607e-02 -1.381751049968e-01 3.30e-03 4.59e-06 1.91e-05 0.738
  9   -7.581106840707e-02 -1.362803224386e-01 2.85e-03 3.96e-06 3.77e-05 0.815
 10   -8.015149914449e-02 -1.311167221201e-01 2.17e-03 3.02e-06 7.10e-05 0.893
 11   -8.113082932785e-02 -1.301339590570e-01 1.83e-03 2.55e-06 8.07e-05 0.971
 12   -8.445027044067e-02 -1.250407948401e-01 1.26e-03 1.75e-06 8.07e-05 1.048
 13   -8.640435561007e-02 -1.208305691512e-01 9.05e-04 1.26e-06 1.14e-04 1.125
 14   -9.202790215850e-02 -1.101735225245e-01 4.10e-04 5.71e-07 6.81e-05 1.203
 15   -9.482760572047e-02 -1.051599160201e-01 2.02e-04 2.81e-07 2.87e-05 1.280
 16   -9.648762658830e-02 -1.022025509964e-01 1.01e-04 1.41e-07 1.31e-05 1.358
 17   -9.718027877900e-02 -1.006709810380e-01 4.36e-05 6.07e-08 1.99e-05 1.436
 18   -9.812717924999e-02 -9.919332062601e-02 1.08e-05 1.50e-08 4.52e-06 1.513
 19   -9.841168208959e-02 -9.876006010167e-02 3.19e-06 4.45e-09 1.44e-06 1.591
 20   -9.852521532799e-02 -9.859319757132e-02 5.78e-07 8.06e-10 2.27e-07 1.668
 21   -9.854921693158e-02 -9.855913287326e-02 8.39e-08 1.20e-10 3.08e-08 1.746
 22   -9.855277423311e-02 -9.855410710047e-02 1.13e-08 1.60e-11 3.78e-09 1.823
 23   -9.855325602545e-02 -9.855342730306e-02 1.45e-09 4.49e-10 4.33e-10 1.883
 24   -9.855331797944e-02 -9.855333994413e-02 1.86e-10 5.95e-10 4.79e-11 1.944
 25   -9.855332593455e-02 -9.855332873869e-02 2.37e-11 1.83e-08 5.49e-12 2.004
 26   -9.855332696849e-02 -9.855332728490e-02 2.68e-12 7.73e-08 6.02e-13 2.047
 27   -9.855332708545e-02 -9.855332711945e-02 2.87e-13 6.74e-08 6.35e-14 2.107
 28   -9.855332709797e-02 -9.855332710185e-02 3.24e-14 4.29e-07 7.94e-15 2.167
 29   -9.855332709932e-02 -9.855332709999e-02 5.55e-15 8.51e-07 1.23e-15 2.227
Numerical error in objective
Restoring previous solution


Suboptimal solution found in 30 iterations and 2.27 seconds
Objective -9.85532560e-02
Primal infeasibility (abs/rel): 2.89e-09/1.45e-09
Dual infeasibility   (abs/rel): 4.94e-10/4.49e-10
Complementarity gap  (abs/rel): 4.76e-10/4.33e-10


Barrier finished in 2.27 seconds
Dual variables for problems with quadratic constraints not returned.


======================================================================================================================
=== [83/101] defaults_and_tuned_step_ir_cudssdet/step0.9_ir1-gmres_det1/default/cold/t10.log
----------------------------------------------------------------------------------------------------------------------
=== 31 iterations, 2.33s, restored objective -9.85668039e-02, series cold
=== peak dual infeasibility over the last 6 iterations 1.63e-06
=== SETTINGS
===   config     defaults_and_tuned_step_ir_cudssdet/step0.9_ir1-gmres_det1
===   [command]  python socp_resolve_benchmark/cuopt_socp_resolve_cache.py --configs default --cold-only --K 20 --step-scale 0.9 --ir 1 --bound-free-vars 0 --cudss-deterministic 1 --save-logs socp_resolve_benchmark/logs/defaults_and_tuned_step_ir_cudssdet/step0.9_ir1-gmres_det1
===   [family]   cold solves only; step scale, refinement mode and cuDSS determinism are the swept axes; bound_free_vars=0, initial point Automatic (SedumiMu on cones), everything else default
===   [log]      barrier_presolve_bound_free_variables = 0 (free variables handled directly)
===   [log]      cudss_deterministic = true
===   [log]      augmented system
===   [log]      barrier_adaptive_regularization = on
===   [log]      full setup ran (reordering + symbolic factorization), so no cache reuse
======================================================================================================================
cuOpt version: 26.10.0, git hash: 648f805d, host arch: x86_64, device archs: 80-real
CPU: AMD EPYC 7642 48-Core Processor, threads: 5C/5T
CPU SIMD target: AVX2
CUDA 12.9, device: NVIDIA A100 80GB PCIe (ID 0), VRAM: 79.44 GiB
Problem has 1 quadratic constraints. Converting to second-order cones and solving with barrier.
Handling 50 free variables directly in augmented system
Presolved problem: 5103 constraints 10102 variables 265152 nonzeros
Skipping Ruiz equilibration (row norm ratio 1.4, column norm ratio 1.4 < 5e4, Q coeff ratio 1.0 < 100)
Barrier solver started at 0.026 seconds
Barrier solver: 5103 constraints, 10102 variables, 265152 nonzeros


Second-order cones          : 1
Free variables              : 50
Upper bounds                : 5000
Linear system               : augmented
cuDSS Version               : 0.7.1
cuDSS Threading layer       : libcudss_mtlayer_gomp.so.0
cuDSS solve mode            : deterministic
Reordering time             : 0.053s
Symbolic factorization time : 0.023s
Symbolic nonzeros in factor : 2.79e+05
Elapsed time for augmented  : 0.109 seconds
Elapsed time           : 0.109 seconds
Barrier setup complete at 0.109 seconds
Adaptive regularization enabled


                  Objective                         Infeasibility        Time
Iter   Primal              Dual                Primal   Dual    Compl.   Elapsed
  0   -3.704562062107e+02 -3.710714720587e+02 3.71e+03 1.91e+00 1.19e-02 0.110
  1   -3.744059791757e+01 -3.496365224539e+02 3.74e+02 7.84e-02 1.66e-02 0.188
  2   -3.891132495661e+00 -2.097631409820e+02 3.80e+01 4.70e-02 1.33e-02 0.266
  3   -4.433137515643e-01 -3.238797463458e+01 3.86e+00 5.32e-03 4.56e-03 0.344
  4   -9.294120707075e-02 -4.512297980254e+00 4.09e-01 5.69e-04 6.47e-04 0.421
  5   -5.631271591723e-02 -7.109229196086e-01 4.09e-02 5.69e-05 8.82e-05 0.499
  6   -5.680269485342e-02 -2.025388440476e-01 9.02e-03 1.26e-05 1.79e-05 0.576
  7   -6.898845747123e-02 -1.397397654972e-01 3.94e-03 5.48e-06 7.52e-06 0.654
  8   -7.285392070705e-02 -1.380112402293e-01 3.36e-03 4.67e-06 1.55e-05 0.732
  9   -7.453431270110e-02 -1.371990178400e-01 3.01e-03 4.19e-06 2.76e-05 0.810
 10   -8.146473428212e-02 -1.281524440319e-01 2.07e-03 2.89e-06 5.59e-05 0.888
 11   -8.329141991934e-02 -1.260626446821e-01 1.48e-03 2.06e-06 6.80e-05 0.966
 12   -8.493259360126e-02 -1.233300448559e-01 1.16e-03 1.61e-06 6.97e-05 1.043
 13   -8.887677038354e-02 -1.158500178286e-01 6.85e-04 9.53e-07 7.46e-05 1.121
 14   -9.340383403202e-02 -1.073798075968e-01 2.97e-04 4.13e-07 6.78e-05 1.198
 15   -9.550668327046e-02 -1.038929977729e-01 1.57e-04 2.19e-07 3.16e-05 1.276
 16   -9.635819035782e-02 -1.019104691814e-01 7.32e-05 1.02e-07 4.77e-05 1.353
 17   -9.784163487203e-02 -9.966093551265e-02 2.04e-05 2.84e-08 1.21e-05 1.430
 18   -9.824095613003e-02 -9.905321486144e-02 8.61e-06 1.20e-08 5.73e-06 1.508
 19   -9.844436418484e-02 -9.874493564270e-02 2.95e-06 4.11e-09 2.25e-06 1.586
 20   -9.853402579524e-02 -9.861375574608e-02 7.42e-07 1.04e-09 5.99e-07 1.664
 21   -9.856270886447e-02 -9.857276151730e-02 9.26e-08 1.34e-10 7.03e-08 1.741
 22   -9.856637201371e-02 -9.856755963318e-02 1.09e-08 2.10e-11 7.84e-09 1.819
 23   -9.856680393188e-02 -9.856694729142e-02 1.32e-09 2.30e-10 8.81e-10 1.879
 24   -9.856685597429e-02 -9.856687354767e-02 1.62e-10 1.25e-09 9.96e-11 1.939
 25   -9.856686236064e-02 -9.856686449343e-02 1.97e-11 1.02e-08 1.11e-11 2.000
 26   -9.856686314114e-02 -9.856686338492e-02 2.25e-12 7.31e-08 1.19e-12 2.060
 27   -9.856686323185e-02 -9.856686325619e-02 2.28e-13 1.63e-06 1.23e-13 2.103
 28   -9.856686324059e-02 -9.856686324313e-02 2.38e-14 2.15e-07 1.27e-14 2.163
 29   -9.856686324150e-02 -9.856686324177e-02 2.33e-15 6.26e-07 1.52e-15 2.224
 30   -9.856686324156e-02 -9.856686324169e-02 1.22e-15 5.63e-07 7.60e-16 2.284
Numerical error in objective
Restoring previous solution


Suboptimal solution found in 31 iterations and 2.33 seconds
Objective -9.85668039e-02
Primal infeasibility (abs/rel): 2.64e-09/1.32e-09
Dual infeasibility   (abs/rel): 2.53e-10/2.30e-10
Complementarity gap  (abs/rel): 9.68e-10/8.81e-10


Barrier finished in 2.33 seconds
Dual variables for problems with quadratic constraints not returned.


======================================================================================================================
=== [84/101] defaults_and_tuned_step_ir_cudssdet/step0.9_ir1-gmres_det1/default/cold/t11.log
----------------------------------------------------------------------------------------------------------------------
=== 30 iterations, 2.38s, restored objective -9.84882350e-02, series cold
=== peak dual infeasibility over the last 6 iterations 5.07e-07
=== SETTINGS
===   config     defaults_and_tuned_step_ir_cudssdet/step0.9_ir1-gmres_det1
===   [command]  python socp_resolve_benchmark/cuopt_socp_resolve_cache.py --configs default --cold-only --K 20 --step-scale 0.9 --ir 1 --bound-free-vars 0 --cudss-deterministic 1 --save-logs socp_resolve_benchmark/logs/defaults_and_tuned_step_ir_cudssdet/step0.9_ir1-gmres_det1
===   [family]   cold solves only; step scale, refinement mode and cuDSS determinism are the swept axes; bound_free_vars=0, initial point Automatic (SedumiMu on cones), everything else default
===   [log]      barrier_presolve_bound_free_variables = 0 (free variables handled directly)
===   [log]      cudss_deterministic = true
===   [log]      augmented system
===   [log]      barrier_adaptive_regularization = on
===   [log]      full setup ran (reordering + symbolic factorization), so no cache reuse
======================================================================================================================
cuOpt version: 26.10.0, git hash: 648f805d, host arch: x86_64, device archs: 80-real
CPU: AMD EPYC 7642 48-Core Processor, threads: 5C/5T
CPU SIMD target: AVX2
CUDA 12.9, device: NVIDIA A100 80GB PCIe (ID 0), VRAM: 79.44 GiB
Problem has 1 quadratic constraints. Converting to second-order cones and solving with barrier.
Handling 50 free variables directly in augmented system
Presolved problem: 5103 constraints 10102 variables 265152 nonzeros
Skipping Ruiz equilibration (row norm ratio 1.4, column norm ratio 1.4 < 5e4, Q coeff ratio 1.0 < 100)
Barrier solver started at 0.028 seconds
Barrier solver: 5103 constraints, 10102 variables, 265152 nonzeros


Second-order cones          : 1
Free variables              : 50
Upper bounds                : 5000
Linear system               : augmented
cuDSS Version               : 0.7.1
cuDSS Threading layer       : libcudss_mtlayer_gomp.so.0
cuDSS solve mode            : deterministic
Reordering time             : 0.131s
Symbolic factorization time : 0.026s
Symbolic nonzeros in factor : 2.79e+05
Elapsed time for augmented  : 0.192 seconds
Elapsed time           : 0.192 seconds
Barrier setup complete at 0.192 seconds
Adaptive regularization enabled


                  Objective                         Infeasibility        Time
Iter   Primal              Dual                Primal   Dual    Compl.   Elapsed
  0   -3.703336272695e+02 -3.710584120459e+02 3.71e+03 1.91e+00 1.19e-02 0.192
  1   -3.742835968768e+01 -3.496234222228e+02 3.74e+02 7.84e-02 1.66e-02 0.271
  2   -3.889891326073e+00 -2.097525625872e+02 3.80e+01 4.70e-02 1.33e-02 0.348
  3   -4.431513586697e-01 -3.238487871720e+01 3.86e+00 5.32e-03 4.56e-03 0.425
  4   -9.290142670452e-02 -4.511186467063e+00 4.09e-01 5.68e-04 6.47e-04 0.502
  5   -5.629485363532e-02 -7.107170023075e-01 4.09e-02 5.69e-05 8.80e-05 0.580
  6   -5.678749214779e-02 -2.022545233176e-01 9.00e-03 1.25e-05 1.78e-05 0.657
  7   -6.897692961445e-02 -1.397788792239e-01 3.95e-03 5.49e-06 7.54e-06 0.735
  8   -7.282123485341e-02 -1.381519501188e-01 3.36e-03 4.68e-06 1.62e-05 0.812
  9   -7.616605645346e-02 -1.355775786215e-01 2.78e-03 3.87e-06 4.07e-05 0.893
 10   -8.140740630116e-02 -1.291305806182e-01 1.96e-03 2.73e-06 7.17e-05 0.971
 11   -8.230045987707e-02 -1.279833335412e-01 1.67e-03 2.33e-06 7.59e-05 1.048
 12   -8.637334364646e-02 -1.212631672288e-01 1.12e-03 1.57e-06 7.34e-05 1.126
 13   -8.677831205925e-02 -1.193386280844e-01 8.97e-04 1.25e-06 1.52e-04 1.221
 14   -9.118494175088e-02 -1.115006252260e-01 4.43e-04 6.17e-07 1.28e-04 1.299
 15   -9.484063885763e-02 -1.046256705561e-01 1.91e-04 2.65e-07 7.72e-05 1.376
 16   -9.681956738818e-02 -1.011951297615e-01 5.89e-05 8.20e-08 1.88e-05 1.454
 17   -9.766649256504e-02 -9.971202912234e-02 2.06e-05 2.86e-08 1.15e-05 1.531
 18   -9.819793265756e-02 -9.890757429712e-02 6.42e-06 8.93e-09 3.96e-06 1.609
 19   -9.842623660028e-02 -9.857430047919e-02 1.13e-06 1.58e-09 6.65e-07 1.686
 20   -9.847892936955e-02 -9.850150594053e-02 1.71e-07 2.41e-10 8.55e-08 1.763
 21   -9.848704142565e-02 -9.849036541026e-02 2.51e-08 3.78e-11 1.05e-08 1.841
 22   -9.848823498301e-02 -9.848873054413e-02 3.74e-09 1.29e-11 1.30e-09 1.918
 23   -9.848841325325e-02 -9.848848678788e-02 5.54e-10 7.70e-11 1.63e-10 1.996
 24   -9.848843992480e-02 -9.848845034699e-02 7.84e-11 1.23e-08 2.31e-11 2.056
 25   -9.848844379263e-02 -9.848844505298e-02 9.48e-12 1.46e-07 2.80e-12 2.117
 26   -9.848844427057e-02 -9.848844439766e-02 9.57e-13 9.09e-08 2.82e-13 2.177
 27   -9.848844431865e-02 -9.848844433187e-02 1.01e-13 5.07e-07 2.97e-14 2.219
 28   -9.848844432355e-02 -9.848844432498e-02 1.10e-14 3.45e-07 3.23e-15 2.280
 29   -9.848844432401e-02 -9.848844432433e-02 2.55e-15 3.30e-07 1.29e-15 2.340
Numerical error in objective
Restoring previous solution


Suboptimal solution found in 30 iterations and 2.38 seconds
Objective -9.84882350e-02
Primal infeasibility (abs/rel): 7.47e-09/3.74e-09
Dual infeasibility   (abs/rel): 1.42e-11/1.29e-11
Complementarity gap  (abs/rel): 1.43e-09/1.30e-09


Barrier finished in 2.39 seconds
Dual variables for problems with quadratic constraints not returned.


======================================================================================================================
=== [85/101] defaults_and_tuned_step_ir_cudssdet/step0.9_ir1-gmres_det1/default/cold/t12.log
----------------------------------------------------------------------------------------------------------------------
=== 30 iterations, 2.36s, restored objective -9.85056567e-02, series cold
=== peak dual infeasibility over the last 6 iterations 3.05e-06
=== SETTINGS
===   config     defaults_and_tuned_step_ir_cudssdet/step0.9_ir1-gmres_det1
===   [command]  python socp_resolve_benchmark/cuopt_socp_resolve_cache.py --configs default --cold-only --K 20 --step-scale 0.9 --ir 1 --bound-free-vars 0 --cudss-deterministic 1 --save-logs socp_resolve_benchmark/logs/defaults_and_tuned_step_ir_cudssdet/step0.9_ir1-gmres_det1
===   [family]   cold solves only; step scale, refinement mode and cuDSS determinism are the swept axes; bound_free_vars=0, initial point Automatic (SedumiMu on cones), everything else default
===   [log]      barrier_presolve_bound_free_variables = 0 (free variables handled directly)
===   [log]      cudss_deterministic = true
===   [log]      augmented system
===   [log]      barrier_adaptive_regularization = on
===   [log]      full setup ran (reordering + symbolic factorization), so no cache reuse
======================================================================================================================
cuOpt version: 26.10.0, git hash: 648f805d, host arch: x86_64, device archs: 80-real
CPU: AMD EPYC 7642 48-Core Processor, threads: 5C/5T
CPU SIMD target: AVX2
CUDA 12.9, device: NVIDIA A100 80GB PCIe (ID 0), VRAM: 79.44 GiB
Problem has 1 quadratic constraints. Converting to second-order cones and solving with barrier.
Handling 50 free variables directly in augmented system
Presolved problem: 5103 constraints 10102 variables 265152 nonzeros
Skipping Ruiz equilibration (row norm ratio 1.4, column norm ratio 1.4 < 5e4, Q coeff ratio 1.0 < 100)
Barrier solver started at 0.030 seconds
Barrier solver: 5103 constraints, 10102 variables, 265152 nonzeros


Second-order cones          : 1
Free variables              : 50
Upper bounds                : 5000
Linear system               : augmented
cuDSS Version               : 0.7.1
cuDSS Threading layer       : libcudss_mtlayer_gomp.so.0
cuDSS solve mode            : deterministic
Reordering time             : 0.136s
Symbolic factorization time : 0.024s
Symbolic nonzeros in factor : 2.79e+05
Elapsed time for augmented  : 0.196 seconds
Elapsed time           : 0.196 seconds
Barrier setup complete at 0.196 seconds
Adaptive regularization enabled


                  Objective                         Infeasibility        Time
Iter   Primal              Dual                Primal   Dual    Compl.   Elapsed
  0   -3.703361174615e+02 -3.711052443117e+02 3.71e+03 1.91e+00 1.19e-02 0.197
  1   -3.742795198503e+01 -3.496702503258e+02 3.74e+02 7.84e-02 1.66e-02 0.275
  2   -3.889667988002e+00 -2.097901226828e+02 3.80e+01 4.70e-02 1.33e-02 0.352
  3   -4.431096061050e-01 -3.239116080152e+01 3.86e+00 5.32e-03 4.56e-03 0.430
  4   -9.288825948120e-02 -4.511806745449e+00 4.09e-01 5.68e-04 6.47e-04 0.507
  5   -5.628648493515e-02 -7.107976302091e-01 4.09e-02 5.69e-05 8.80e-05 0.584
  6   -5.677571247186e-02 -2.030855398165e-01 9.05e-03 1.26e-05 1.79e-05 0.661
  7   -6.872918274134e-02 -1.411026631459e-01 4.03e-03 5.61e-06 7.69e-06 0.739
  8   -7.250345322562e-02 -1.395584674555e-01 3.42e-03 4.77e-06 1.99e-05 0.816
  9   -7.554429114088e-02 -1.369873644190e-01 2.91e-03 4.05e-06 4.64e-05 0.894
 10   -7.906083710095e-02 -1.334444062229e-01 2.24e-03 3.12e-06 7.42e-05 0.971
 11   -8.340818423368e-02 -1.273470314213e-01 1.50e-03 2.08e-06 8.08e-05 1.049
 12   -8.386817753379e-02 -1.262597860797e-01 1.30e-03 1.81e-06 7.68e-05 1.127
 13   -8.679977977332e-02 -1.206801822756e-01 9.18e-04 1.28e-06 6.54e-05 1.204
 14   -8.889469179972e-02 -1.155764895028e-01 5.81e-04 8.09e-07 1.87e-04 1.299
 15   -9.465244634580e-02 -1.053442245688e-01 1.87e-04 2.60e-07 6.33e-05 1.377
 16   -9.673239996910e-02 -1.015794086478e-01 7.71e-05 1.07e-07 2.21e-05 1.456
 17   -9.766355505208e-02 -9.987672572669e-02 2.74e-05 3.81e-08 6.95e-06 1.535
 18   -9.818070803121e-02 -9.898247605532e-02 7.44e-06 1.04e-08 3.34e-06 1.613
 19   -9.842129442472e-02 -9.862909024110e-02 1.86e-06 2.59e-09 7.52e-07 1.691
 20   -9.848813965571e-02 -9.853092804114e-02 3.65e-07 5.10e-10 1.36e-07 1.769
 21   -9.850296891751e-02 -9.850961458069e-02 5.59e-08 8.15e-11 1.85e-08 1.846
 22   -9.850532162890e-02 -9.850625851062e-02 7.87e-09 8.99e-10 2.38e-09 1.907
 23   -9.850565668040e-02 -9.850578112166e-02 1.04e-09 4.84e-10 2.88e-10 1.967
 24   -9.850570147118e-02 -9.850571735814e-02 1.33e-10 1.54e-09 3.29e-11 2.027
 25   -9.850570725632e-02 -9.850570913585e-02 1.58e-11 1.99e-07 3.55e-12 2.073
 26   -9.850570794708e-02 -9.850570815041e-02 1.71e-12 7.26e-08 3.77e-13 2.133
 27   -9.850570802201e-02 -9.850570804373e-02 1.81e-13 3.80e-07 3.95e-14 2.194
 28   -9.850570803005e-02 -9.850570803236e-02 1.90e-14 6.81e-07 4.48e-15 2.254
 29   -9.850570803092e-02 -9.850570803116e-02 1.89e-15 3.05e-06 1.40e-15 2.314
Numerical error in objective
Restoring previous solution


Suboptimal solution found in 30 iterations and 2.36 seconds
Objective -9.85056567e-02
Primal infeasibility (abs/rel): 2.09e-09/1.04e-09
Dual infeasibility   (abs/rel): 5.34e-10/4.84e-10
Complementarity gap  (abs/rel): 3.16e-10/2.88e-10


Barrier finished in 2.36 seconds
Dual variables for problems with quadratic constraints not returned.


======================================================================================================================
=== [86/101] defaults_and_tuned_step_ir_cudssdet/step0.9_ir1-gmres_det1/default/cold/t13.log
----------------------------------------------------------------------------------------------------------------------
=== 31 iterations, 2.46s, restored objective -9.84194286e-02, series cold
=== peak dual infeasibility over the last 6 iterations 1.43e-06
=== SETTINGS
===   config     defaults_and_tuned_step_ir_cudssdet/step0.9_ir1-gmres_det1
===   [command]  python socp_resolve_benchmark/cuopt_socp_resolve_cache.py --configs default --cold-only --K 20 --step-scale 0.9 --ir 1 --bound-free-vars 0 --cudss-deterministic 1 --save-logs socp_resolve_benchmark/logs/defaults_and_tuned_step_ir_cudssdet/step0.9_ir1-gmres_det1
===   [family]   cold solves only; step scale, refinement mode and cuDSS determinism are the swept axes; bound_free_vars=0, initial point Automatic (SedumiMu on cones), everything else default
===   [log]      barrier_presolve_bound_free_variables = 0 (free variables handled directly)
===   [log]      cudss_deterministic = true
===   [log]      augmented system
===   [log]      barrier_adaptive_regularization = on
===   [log]      full setup ran (reordering + symbolic factorization), so no cache reuse
======================================================================================================================
cuOpt version: 26.10.0, git hash: 648f805d, host arch: x86_64, device archs: 80-real
CPU: AMD EPYC 7642 48-Core Processor, threads: 5C/5T
CPU SIMD target: AVX2
CUDA 12.9, device: NVIDIA A100 80GB PCIe (ID 0), VRAM: 79.44 GiB
Problem has 1 quadratic constraints. Converting to second-order cones and solving with barrier.
Handling 50 free variables directly in augmented system
Presolved problem: 5103 constraints 10102 variables 265152 nonzeros
Skipping Ruiz equilibration (row norm ratio 1.4, column norm ratio 1.4 < 5e4, Q coeff ratio 1.0 < 100)
Barrier solver started at 0.026 seconds
Barrier solver: 5103 constraints, 10102 variables, 265152 nonzeros


Second-order cones          : 1
Free variables              : 50
Upper bounds                : 5000
Linear system               : augmented
cuDSS Version               : 0.7.1
cuDSS Threading layer       : libcudss_mtlayer_gomp.so.0
cuDSS solve mode            : deterministic
Reordering time             : 0.150s
Symbolic factorization time : 0.023s
Symbolic nonzeros in factor : 2.79e+05
Elapsed time for augmented  : 0.206 seconds
Elapsed time           : 0.206 seconds
Barrier setup complete at 0.206 seconds
Adaptive regularization enabled


                  Objective                         Infeasibility        Time
Iter   Primal              Dual                Primal   Dual    Compl.   Elapsed
  0   -3.703532868363e+02 -3.711197926069e+02 3.71e+03 1.91e+00 1.19e-02 0.206
  1   -3.743020853199e+01 -3.496848610668e+02 3.74e+02 7.84e-02 1.66e-02 0.285
  2   -3.890059328356e+00 -2.098043268277e+02 3.81e+01 4.70e-02 1.33e-02 0.362
  3   -4.431777757939e-01 -3.239602562015e+01 3.86e+00 5.32e-03 4.56e-03 0.440
  4   -9.291231041670e-02 -4.513678412998e+00 4.09e-01 5.69e-04 6.47e-04 0.518
  5   -5.628994223274e-02 -7.111301089464e-01 4.09e-02 5.69e-05 8.81e-05 0.595
  6   -5.677713687446e-02 -2.036544837401e-01 9.09e-03 1.26e-05 1.79e-05 0.673
  7   -6.866781007606e-02 -1.414261834700e-01 4.04e-03 5.63e-06 7.72e-06 0.751
  8   -7.207250426735e-02 -1.401650412715e-01 3.50e-03 4.88e-06 1.87e-05 0.828
  9   -7.495980036794e-02 -1.380244778522e-01 3.01e-03 4.20e-06 5.03e-05 0.906
 10   -7.823340235384e-02 -1.350609076847e-01 2.39e-03 3.32e-06 8.91e-05 0.983
 11   -8.152077537452e-02 -1.310894594186e-01 1.69e-03 2.36e-06 1.06e-04 1.061
 12   -8.328002637401e-02 -1.280416513039e-01 1.29e-03 1.80e-06 1.04e-04 1.138
 13   -8.488884062815e-02 -1.244031071131e-01 9.96e-04 1.39e-06 1.32e-04 1.233
 14   -9.110165040165e-02 -1.119888358786e-01 4.44e-04 6.18e-07 8.41e-05 1.310
 15   -9.428407430855e-02 -1.059708198061e-01 2.09e-04 2.91e-07 4.01e-05 1.388
 16   -9.612656077391e-02 -1.026489655888e-01 1.09e-04 1.51e-07 1.72e-05 1.465
 17   -9.686049281792e-02 -1.008989837776e-01 4.72e-05 6.57e-08 2.49e-05 1.543
 18   -9.790447771401e-02 -9.921222749735e-02 1.22e-05 1.70e-08 5.71e-06 1.621
 19   -9.823132965643e-02 -9.869717664187e-02 3.83e-06 5.33e-09 2.12e-06 1.698
 20   -9.837743006868e-02 -9.847736324459e-02 6.34e-07 8.84e-10 3.56e-07 1.776
 21   -9.841333993787e-02 -9.842802186327e-02 9.24e-08 1.32e-10 4.77e-08 1.854
 22   -9.841871042318e-02 -9.842067452059e-02 1.24e-08 2.22e-11 5.62e-09 1.931
 23   -9.841942863131e-02 -9.841969297822e-02 1.66e-09 9.38e-10 6.38e-10 1.992
 24   -9.841952512387e-02 -9.841956118735e-02 2.27e-10 1.48e-09 7.37e-11 2.052
 25   -9.841953846075e-02 -9.841954297780e-02 2.84e-11 4.13e-08 8.39e-12 2.113
 26   -9.841954016926e-02 -9.841954064358e-02 2.98e-12 5.62e-08 8.83e-13 2.173
 27   -9.841954034939e-02 -9.841954039743e-02 3.01e-13 1.17e-07 8.95e-14 2.234
 28   -9.841954036767e-02 -9.841954037250e-02 3.02e-14 8.81e-08 9.35e-15 2.294
 29   -9.841954036917e-02 -9.841954037045e-02 7.88e-15 1.35e-06 2.09e-15 2.354
 30   -9.841954036950e-02 -9.841954037000e-02 3.11e-15 1.43e-06 7.97e-16 2.415
Numerical error in objective
Restoring previous solution


Suboptimal solution found in 31 iterations and 2.46 seconds
Objective -9.84194286e-02
Primal infeasibility (abs/rel): 3.32e-09/1.66e-09
Dual infeasibility   (abs/rel): 1.03e-09/9.38e-10
Complementarity gap  (abs/rel): 7.01e-10/6.38e-10


Barrier finished in 2.46 seconds
Dual variables for problems with quadratic constraints not returned.


======================================================================================================================
=== [87/101] defaults_and_tuned_step_ir_cudssdet/step0.9_ir2-fixed_det0/default/cold/t00.log
----------------------------------------------------------------------------------------------------------------------
=== 30 iterations, 0.25s, restored objective -9.85632561e-02, series cold
=== peak dual infeasibility over the last 6 iterations 1.59e-05
=== SETTINGS
===   config     defaults_and_tuned_step_ir_cudssdet/step0.9_ir2-fixed_det0
===   [command]  python socp_resolve_benchmark/cuopt_socp_resolve_cache.py --configs default --cold-only --K 20 --step-scale 0.9 --ir 2 --bound-free-vars 0 --cudss-deterministic 0 --save-logs socp_resolve_benchmark/logs/defaults_and_tuned_step_ir_cudssdet/step0.9_ir2-fixed_det0
===   [family]   cold solves only; step scale, refinement mode and cuDSS determinism are the swept axes; bound_free_vars=0, initial point Automatic (SedumiMu on cones), everything else default
===   [log]      barrier_presolve_bound_free_variables = 0 (free variables handled directly)
===   [log]      cudss_deterministic = false (no deterministic solve mode printed)
===   [log]      augmented system
===   [log]      barrier_adaptive_regularization = on
===   [log]      full setup ran (reordering + symbolic factorization), so no cache reuse
======================================================================================================================
cuOpt version: 26.10.0, git hash: 648f805d, host arch: x86_64, device archs: 80-real
CPU: AMD EPYC 7642 48-Core Processor, threads: 5C/5T
CPU SIMD target: AVX2
CUDA 12.9, device: NVIDIA A100 80GB PCIe (ID 0), VRAM: 79.44 GiB
Problem has 1 quadratic constraints. Converting to second-order cones and solving with barrier.
Handling 50 free variables directly in augmented system
Presolved problem: 5103 constraints 10102 variables 265152 nonzeros
Skipping Ruiz equilibration (row norm ratio 1.4, column norm ratio 1.4 < 5e4, Q coeff ratio 1.0 < 100)
Barrier solver started at 0.025 seconds
Barrier solver: 5103 constraints, 10102 variables, 265152 nonzeros


Second-order cones          : 1
Free variables              : 50
Upper bounds                : 5000
Linear system               : augmented
cuDSS Version               : 0.7.1
cuDSS Threading layer       : libcudss_mtlayer_gomp.so.0
Reordering time             : 0.075s
Symbolic factorization time : 0.024s
Symbolic nonzeros in factor : 2.79e+05
Elapsed time for augmented  : 0.131 seconds
Elapsed time           : 0.131 seconds
Barrier setup complete at 0.131 seconds
Adaptive regularization enabled


                  Objective                         Infeasibility        Time
Iter   Primal              Dual                Primal   Dual    Compl.   Elapsed
  0   -3.703274138474e+02 -3.710708058040e+02 3.71e+03 1.91e+00 1.19e-02 0.131
  1   -3.742708480999e+01 -3.496357995009e+02 3.74e+02 7.84e-02 1.66e-02 0.135
  2   -3.889594778260e+00 -2.097606979413e+02 3.80e+01 4.70e-02 1.33e-02 0.139
  3   -4.431139904004e-01 -3.238533003639e+01 3.86e+00 5.32e-03 4.56e-03 0.143
  4   -9.289583075293e-02 -4.511251100346e+00 4.09e-01 5.68e-04 6.47e-04 0.147
  5   -5.629298461558e-02 -7.107154748535e-01 4.09e-02 5.69e-05 8.80e-05 0.151
  6   -5.678727245607e-02 -2.028270987161e-01 9.03e-03 1.26e-05 1.79e-05 0.155
  7   -6.884626393976e-02 -1.404950219846e-01 3.99e-03 5.55e-06 7.62e-06 0.159
  8   -7.267746715266e-02 -1.389770391540e-01 3.39e-03 4.72e-06 1.92e-05 0.163
  9   -7.595627605771e-02 -1.362000961176e-01 2.85e-03 3.97e-06 4.91e-05 0.167
 10   -7.855673650160e-02 -1.337722369567e-01 2.33e-03 3.25e-06 7.72e-05 0.170
 11   -8.243708354836e-02 -1.285192595902e-01 1.67e-03 2.33e-06 9.33e-05 0.174
 12   -8.282769325435e-02 -1.276141353053e-01 1.46e-03 2.04e-06 9.20e-05 0.179
 13   -8.682801636763e-02 -1.203300478617e-01 9.47e-04 1.32e-06 7.45e-05 0.183
 14   -8.957278321814e-02 -1.142971453445e-01 5.43e-04 7.56e-07 1.55e-04 0.188
 15   -9.497067141195e-02 -1.048302878806e-01 1.69e-04 2.35e-07 4.47e-05 0.193
 16   -9.687965930621e-02 -1.014718657633e-01 7.23e-05 1.01e-07 1.49e-05 0.197
 17   -9.772349837304e-02 -9.998973595773e-02 3.23e-05 4.50e-08 6.53e-06 0.201
 18   -9.817131121289e-02 -9.913707797438e-02 9.53e-06 1.33e-08 5.86e-06 0.206
 19   -9.846844259237e-02 -9.870101862875e-02 2.07e-06 2.88e-09 1.11e-06 0.210
 20   -9.854099402151e-02 -9.859622560704e-02 4.79e-07 6.67e-10 2.58e-07 0.215
 21   -9.856008768874e-02 -9.856886510986e-02 7.52e-08 1.05e-10 3.68e-08 0.219
 22   -9.856325609586e-02 -9.856435675050e-02 9.42e-09 1.31e-11 4.30e-09 0.223
 23   -9.856365688675e-02 -9.856378815479e-02 1.12e-09 4.46e-11 4.97e-10 0.226
 24   -9.856370491154e-02 -9.856372010575e-02 1.30e-10 1.93e-08 5.69e-11 0.230
 25   -9.856371044927e-02 -9.856371226517e-02 1.55e-11 1.88e-07 6.84e-12 0.233
 26   -9.856371112144e-02 -9.856371131465e-02 1.65e-12 5.21e-07 7.26e-13 0.237
 27   -9.856371119312e-02 -9.856371121363e-02 1.74e-13 2.43e-07 7.60e-14 0.240
 28   -9.856371120073e-02 -9.856371120302e-02 1.91e-14 2.89e-06 8.30e-15 0.243
 29   -9.856371120148e-02 -9.856371120200e-02 4.22e-15 1.59e-05 1.05e-15 0.247
Numerical error in objective
Restoring previous solution


Suboptimal solution found in 30 iterations and 0.25 seconds
Objective -9.85632561e-02
Primal infeasibility (abs/rel): 1.88e-08/9.42e-09
Dual infeasibility   (abs/rel): 1.45e-11/1.31e-11
Complementarity gap  (abs/rel): 4.72e-09/4.30e-09


Barrier finished in 0.25 seconds
Dual variables for problems with quadratic constraints not returned.


======================================================================================================================
=== [88/101] defaults_and_tuned_step_ir_cudssdet/step0.9_ir2-fixed_det0/default/cold/t02.log
----------------------------------------------------------------------------------------------------------------------
=== 30 iterations, 0.23s, restored objective -9.86681334e-02, series cold
=== peak dual infeasibility over the last 6 iterations 1.37e-05
=== SETTINGS
===   config     defaults_and_tuned_step_ir_cudssdet/step0.9_ir2-fixed_det0
===   [command]  python socp_resolve_benchmark/cuopt_socp_resolve_cache.py --configs default --cold-only --K 20 --step-scale 0.9 --ir 2 --bound-free-vars 0 --cudss-deterministic 0 --save-logs socp_resolve_benchmark/logs/defaults_and_tuned_step_ir_cudssdet/step0.9_ir2-fixed_det0
===   [family]   cold solves only; step scale, refinement mode and cuDSS determinism are the swept axes; bound_free_vars=0, initial point Automatic (SedumiMu on cones), everything else default
===   [log]      barrier_presolve_bound_free_variables = 0 (free variables handled directly)
===   [log]      cudss_deterministic = false (no deterministic solve mode printed)
===   [log]      augmented system
===   [log]      barrier_adaptive_regularization = on
===   [log]      full setup ran (reordering + symbolic factorization), so no cache reuse
======================================================================================================================
cuOpt version: 26.10.0, git hash: 648f805d, host arch: x86_64, device archs: 80-real
CPU: AMD EPYC 7642 48-Core Processor, threads: 5C/5T
CPU SIMD target: AVX2
CUDA 12.9, device: NVIDIA A100 80GB PCIe (ID 0), VRAM: 79.44 GiB
Problem has 1 quadratic constraints. Converting to second-order cones and solving with barrier.
Handling 50 free variables directly in augmented system
Presolved problem: 5103 constraints 10102 variables 265152 nonzeros
Skipping Ruiz equilibration (row norm ratio 1.4, column norm ratio 1.4 < 5e4, Q coeff ratio 1.0 < 100)
Barrier solver started at 0.024 seconds
Barrier solver: 5103 constraints, 10102 variables, 265152 nonzeros


Second-order cones          : 1
Free variables              : 50
Upper bounds                : 5000
Linear system               : augmented
cuDSS Version               : 0.7.1
cuDSS Threading layer       : libcudss_mtlayer_gomp.so.0
Reordering time             : 0.061s
Symbolic factorization time : 0.023s
Symbolic nonzeros in factor : 2.79e+05
Elapsed time for augmented  : 0.115 seconds
Elapsed time           : 0.115 seconds
Barrier setup complete at 0.115 seconds
Adaptive regularization enabled


                  Objective                         Infeasibility        Time
Iter   Primal              Dual                Primal   Dual    Compl.   Elapsed
  0   -3.702509737108e+02 -3.710937010099e+02 3.71e+03 1.91e+00 1.19e-02 0.115
  1   -3.741942811123e+01 -3.496586650393e+02 3.74e+02 7.84e-02 1.66e-02 0.120
  2   -3.888833787341e+00 -2.097808197354e+02 3.80e+01 4.70e-02 1.33e-02 0.124
  3   -4.430335847848e-01 -3.239045866058e+01 3.86e+00 5.32e-03 4.56e-03 0.127
  4   -9.288170526104e-02 -4.512561924568e+00 4.09e-01 5.69e-04 6.47e-04 0.131
  5   -5.627609700495e-02 -7.109289050753e-01 4.09e-02 5.69e-05 8.81e-05 0.135
  6   -5.676233512509e-02 -2.033121093335e-01 9.07e-03 1.26e-05 1.79e-05 0.139
  7   -6.873008100519e-02 -1.408714699511e-01 4.01e-03 5.58e-06 7.66e-06 0.143
  8   -7.285246531693e-02 -1.391245908392e-01 3.37e-03 4.69e-06 2.03e-05 0.147
  9   -7.477570729647e-02 -1.378576075986e-01 3.00e-03 4.18e-06 3.21e-05 0.151
 10   -7.900971842986e-02 -1.327284128534e-01 2.36e-03 3.29e-06 5.32e-05 0.155
 11   -8.004509510488e-02 -1.317342316861e-01 1.98e-03 2.76e-06 6.58e-05 0.159
 12   -8.661783073939e-02 -1.214072798123e-01 1.05e-03 1.46e-06 7.24e-05 0.163
 13   -8.935930994677e-02 -1.150142606966e-01 5.70e-04 7.93e-07 1.44e-04 0.168
 14   -9.415098893832e-02 -1.066025412382e-01 2.40e-04 3.35e-07 5.41e-05 0.172
 15   -9.632069437632e-02 -1.026873481356e-01 1.11e-04 1.55e-07 2.52e-05 0.176
 16   -9.750424154021e-02 -1.005537733704e-01 4.02e-05 5.59e-08 8.28e-06 0.181
 17   -9.814789798329e-02 -9.942061154971e-02 1.20e-05 1.66e-08 5.92e-06 0.185
 18   -9.847553510789e-02 -9.894425604235e-02 4.13e-06 5.75e-09 2.27e-06 0.190
 19   -9.862064952085e-02 -9.873466894726e-02 9.00e-07 1.25e-09 4.61e-07 0.194
 20   -9.865963452035e-02 -9.868015141494e-02 1.58e-07 2.20e-10 8.05e-08 0.199
 21   -9.866723570733e-02 -9.866965282640e-02 1.86e-08 2.58e-11 9.35e-09 0.202
 22   -9.866813338567e-02 -9.866841491144e-02 2.16e-09 8.14e-10 1.04e-09 0.206
 23   -9.866823878405e-02 -9.866826977592e-02 2.38e-10 1.47e-08 1.15e-10 0.209
 24   -9.866825026708e-02 -9.866825398008e-02 2.85e-11 1.02e-07 1.41e-11 0.213
 25   -9.866825166439e-02 -9.866825206095e-02 3.03e-12 4.34e-08 1.50e-12 0.216
 26   -9.866825181469e-02 -9.866825185551e-02 3.09e-13 1.18e-07 1.55e-13 0.220
 27   -9.866825183029e-02 -9.866825183451e-02 3.10e-14 1.48e-06 1.59e-14 0.223
 28   -9.866825183181e-02 -9.866825183255e-02 5.22e-15 5.19e-07 2.74e-15 0.227
 29   -9.866825183188e-02 -9.866825183247e-02 3.77e-15 1.37e-05 7.90e-16 0.230
Numerical error in objective
Restoring previous solution


Suboptimal solution found in 30 iterations and 0.23 seconds
Objective -9.86681334e-02
Primal infeasibility (abs/rel): 4.33e-09/2.16e-09
Dual infeasibility   (abs/rel): 8.96e-10/8.14e-10
Complementarity gap  (abs/rel): 1.14e-09/1.04e-09


Barrier finished in 0.24 seconds
Dual variables for problems with quadratic constraints not returned.


======================================================================================================================
=== [89/101] defaults_and_tuned_step_ir_cudssdet/step0.9_ir2-fixed_det0/default/cold/t04.log
----------------------------------------------------------------------------------------------------------------------
=== 30 iterations, 0.23s, restored objective -9.84928463e-02, series cold
=== peak dual infeasibility over the last 6 iterations 4.92e-06
=== SETTINGS
===   config     defaults_and_tuned_step_ir_cudssdet/step0.9_ir2-fixed_det0
===   [command]  python socp_resolve_benchmark/cuopt_socp_resolve_cache.py --configs default --cold-only --K 20 --step-scale 0.9 --ir 2 --bound-free-vars 0 --cudss-deterministic 0 --save-logs socp_resolve_benchmark/logs/defaults_and_tuned_step_ir_cudssdet/step0.9_ir2-fixed_det0
===   [family]   cold solves only; step scale, refinement mode and cuDSS determinism are the swept axes; bound_free_vars=0, initial point Automatic (SedumiMu on cones), everything else default
===   [log]      barrier_presolve_bound_free_variables = 0 (free variables handled directly)
===   [log]      cudss_deterministic = false (no deterministic solve mode printed)
===   [log]      augmented system
===   [log]      barrier_adaptive_regularization = on
===   [log]      full setup ran (reordering + symbolic factorization), so no cache reuse
======================================================================================================================
cuOpt version: 26.10.0, git hash: 648f805d, host arch: x86_64, device archs: 80-real
CPU: AMD EPYC 7642 48-Core Processor, threads: 5C/5T
CPU SIMD target: AVX2
CUDA 12.9, device: NVIDIA A100 80GB PCIe (ID 0), VRAM: 79.44 GiB
Problem has 1 quadratic constraints. Converting to second-order cones and solving with barrier.
Handling 50 free variables directly in augmented system
Presolved problem: 5103 constraints 10102 variables 265152 nonzeros
Skipping Ruiz equilibration (row norm ratio 1.4, column norm ratio 1.4 < 5e4, Q coeff ratio 1.0 < 100)
Barrier solver started at 0.027 seconds
Barrier solver: 5103 constraints, 10102 variables, 265152 nonzeros


Second-order cones          : 1
Free variables              : 50
Upper bounds                : 5000
Linear system               : augmented
cuDSS Version               : 0.7.1
cuDSS Threading layer       : libcudss_mtlayer_gomp.so.0
Reordering time             : 0.054s
Symbolic factorization time : 0.023s
Symbolic nonzeros in factor : 2.79e+05
Elapsed time for augmented  : 0.111 seconds
Elapsed time           : 0.111 seconds
Barrier setup complete at 0.111 seconds
Adaptive regularization enabled


                  Objective                         Infeasibility        Time
Iter   Primal              Dual                Primal   Dual    Compl.   Elapsed
  0   -3.702624119443e+02 -3.710387458059e+02 3.71e+03 1.91e+00 1.19e-02 0.111
  1   -3.742079789023e+01 -3.496036719064e+02 3.74e+02 7.84e-02 1.66e-02 0.115
  2   -3.888993984283e+00 -2.097346653642e+02 3.80e+01 4.70e-02 1.33e-02 0.119
  3   -4.430512134758e-01 -3.238077187940e+01 3.86e+00 5.32e-03 4.56e-03 0.123
  4   -9.288389751437e-02 -4.510664601825e+00 4.09e-01 5.68e-04 6.47e-04 0.127
  5   -5.628571763013e-02 -7.106214023162e-01 4.09e-02 5.69e-05 8.80e-05 0.131
  6   -5.677723484907e-02 -2.023841424060e-01 9.01e-03 1.25e-05 1.78e-05 0.135
  7   -6.888706417804e-02 -1.402317627704e-01 3.97e-03 5.53e-06 7.59e-06 0.139
  8   -7.323051319147e-02 -1.384590469604e-01 3.29e-03 4.58e-06 2.13e-05 0.143
  9   -7.616943859977e-02 -1.359080176155e-01 2.79e-03 3.89e-06 4.75e-05 0.147
 10   -8.013258427115e-02 -1.313987024350e-01 2.11e-03 2.94e-06 8.10e-05 0.151
 11   -8.114638544547e-02 -1.302582693222e-01 1.80e-03 2.50e-06 8.57e-05 0.155
 12   -8.613106510621e-02 -1.220830157012e-01 1.13e-03 1.58e-06 8.44e-05 0.159
 13   -8.658053170322e-02 -1.197342100352e-01 8.41e-04 1.17e-06 2.03e-04 0.163
 14   -9.079265494877e-02 -1.122942941808e-01 4.75e-04 6.61e-07 1.64e-04 0.168
 15   -9.473431331259e-02 -1.049161461614e-01 2.00e-04 2.79e-07 7.82e-05 0.173
 16   -9.673600516652e-02 -1.013421524676e-01 5.96e-05 8.30e-08 1.70e-05 0.177
 17   -9.765764283416e-02 -9.976368987556e-02 2.15e-05 3.00e-08 8.52e-06 0.182
 18   -9.807907034295e-02 -9.909408964131e-02 8.95e-06 1.25e-08 5.26e-06 0.186
 19   -9.838802053983e-02 -9.862770133483e-02 1.09e-06 1.52e-09 8.44e-07 0.190
 20   -9.846849593875e-02 -9.852411347573e-02 2.48e-07 3.45e-10 2.03e-07 0.195
 21   -9.848939199147e-02 -9.849737261183e-02 3.53e-08 4.91e-11 2.57e-08 0.199
 22   -9.849244373016e-02 -9.849347599411e-02 4.56e-09 6.36e-12 2.97e-09 0.203
 23   -9.849284627427e-02 -9.849296245172e-02 5.14e-10 6.53e-13 3.18e-10 0.207
 24   -9.849289209779e-02 -9.849290401242e-02 5.27e-11 5.77e-09 3.26e-11 0.210
 25   -9.849289680617e-02 -9.849289800531e-02 5.31e-12 1.36e-08 3.29e-12 0.214
 26   -9.849289728012e-02 -9.849289740013e-02 5.32e-13 2.40e-07 3.31e-13 0.217
 27   -9.849289732749e-02 -9.849289733950e-02 5.37e-14 6.37e-07 3.32e-14 0.221
 28   -9.849289733222e-02 -9.849289733340e-02 5.33e-15 1.21e-06 3.97e-15 0.224
 29   -9.849289733259e-02 -9.849289733291e-02 1.33e-15 4.92e-06 1.39e-15 0.228
Numerical error in objective
Restoring previous solution


Suboptimal solution found in 30 iterations and 0.23 seconds
Objective -9.84928463e-02
Primal infeasibility (abs/rel): 1.03e-09/5.14e-10
Dual infeasibility   (abs/rel): 7.19e-13/6.53e-13
Complementarity gap  (abs/rel): 3.49e-10/3.18e-10


Barrier finished in 0.23 seconds
Dual variables for problems with quadratic constraints not returned.


======================================================================================================================
=== [90/101] defaults_and_tuned_step_ir_cudssdet/step0.9_ir2-fixed_det0/default/cold/t15.log
----------------------------------------------------------------------------------------------------------------------
=== 30 iterations, 0.31s, restored objective -9.86328972e-02, series cold
=== peak dual infeasibility over the last 6 iterations 4.05e-06
=== SETTINGS
===   config     defaults_and_tuned_step_ir_cudssdet/step0.9_ir2-fixed_det0
===   [command]  python socp_resolve_benchmark/cuopt_socp_resolve_cache.py --configs default --cold-only --K 20 --step-scale 0.9 --ir 2 --bound-free-vars 0 --cudss-deterministic 0 --save-logs socp_resolve_benchmark/logs/defaults_and_tuned_step_ir_cudssdet/step0.9_ir2-fixed_det0
===   [family]   cold solves only; step scale, refinement mode and cuDSS determinism are the swept axes; bound_free_vars=0, initial point Automatic (SedumiMu on cones), everything else default
===   [log]      barrier_presolve_bound_free_variables = 0 (free variables handled directly)
===   [log]      cudss_deterministic = false (no deterministic solve mode printed)
===   [log]      augmented system
===   [log]      barrier_adaptive_regularization = on
===   [log]      full setup ran (reordering + symbolic factorization), so no cache reuse
======================================================================================================================
cuOpt version: 26.10.0, git hash: 648f805d, host arch: x86_64, device archs: 80-real
CPU: AMD EPYC 7642 48-Core Processor, threads: 5C/5T
CPU SIMD target: AVX2
CUDA 12.9, device: NVIDIA A100 80GB PCIe (ID 0), VRAM: 79.44 GiB
Problem has 1 quadratic constraints. Converting to second-order cones and solving with barrier.
Handling 50 free variables directly in augmented system
Presolved problem: 5103 constraints 10102 variables 265152 nonzeros
Skipping Ruiz equilibration (row norm ratio 1.4, column norm ratio 1.4 < 5e4, Q coeff ratio 1.0 < 100)
Barrier solver started at 0.026 seconds
Barrier solver: 5103 constraints, 10102 variables, 265152 nonzeros


Second-order cones          : 1
Free variables              : 50
Upper bounds                : 5000
Linear system               : augmented
cuDSS Version               : 0.7.1
cuDSS Threading layer       : libcudss_mtlayer_gomp.so.0
Reordering time             : 0.139s
Symbolic factorization time : 0.023s
Symbolic nonzeros in factor : 2.79e+05
Elapsed time for augmented  : 0.195 seconds
Elapsed time           : 0.195 seconds
Barrier setup complete at 0.195 seconds
Adaptive regularization enabled


                  Objective                         Infeasibility        Time
Iter   Primal              Dual                Primal   Dual    Compl.   Elapsed
  0   -3.704184917206e+02 -3.711180220135e+02 3.71e+03 1.91e+00 1.19e-02 0.196
  1   -3.743667632428e+01 -3.496831248362e+02 3.74e+02 7.84e-02 1.66e-02 0.200
  2   -3.890721331585e+00 -2.098022574723e+02 3.81e+01 4.70e-02 1.33e-02 0.204
  3   -4.432496086709e-01 -3.239510554239e+01 3.86e+00 5.32e-03 4.56e-03 0.208
  4   -9.292806748759e-02 -4.513484699150e+00 4.09e-01 5.69e-04 6.47e-04 0.211
  5   -5.630149952170e-02 -7.111030702772e-01 4.09e-02 5.69e-05 8.81e-05 0.215
  6   -5.679295694723e-02 -2.026136468793e-01 9.02e-03 1.26e-05 1.79e-05 0.219
  7   -6.890572689517e-02 -1.403836167904e-01 3.98e-03 5.54e-06 7.60e-06 0.223
  8   -7.267051709452e-02 -1.388421478638e-01 3.40e-03 4.73e-06 1.77e-05 0.227
  9   -7.530490979002e-02 -1.369570203638e-01 2.93e-03 4.07e-06 3.96e-05 0.231
 10   -8.048624850258e-02 -1.308041886440e-01 2.11e-03 2.94e-06 6.63e-05 0.235
 11   -8.161227275245e-02 -1.295500204343e-01 1.75e-03 2.44e-06 6.54e-05 0.239
 12   -8.609351478142e-02 -1.222948348555e-01 1.12e-03 1.56e-06 5.72e-05 0.243
 13   -8.679652438603e-02 -1.198287074325e-01 8.61e-04 1.20e-06 1.40e-04 0.248
 14   -9.167718189309e-02 -1.109621095923e-01 4.01e-04 5.58e-07 1.07e-04 0.252
 15   -9.491828540591e-02 -1.049794098636e-01 1.82e-04 2.54e-07 5.95e-05 0.257
 16   -9.708817283236e-02 -1.012773050078e-01 6.71e-05 9.34e-08 1.57e-05 0.262
 17   -9.787181002157e-02 -9.977318279363e-02 2.05e-05 2.85e-08 8.80e-06 0.266
 18   -9.838651136037e-02 -9.897106410906e-02 4.47e-06 6.23e-09 2.05e-06 0.271
 19   -9.857534587920e-02 -9.871151989376e-02 1.00e-06 1.39e-09 4.01e-07 0.275
 20   -9.862196058121e-02 -9.864810136386e-02 1.84e-07 2.56e-10 6.09e-08 0.279
 21   -9.863131213356e-02 -9.863558089393e-02 2.97e-08 4.13e-11 8.72e-09 0.283
 22   -9.863289721160e-02 -9.863347136825e-02 3.98e-09 5.51e-12 1.08e-09 0.287
 23   -9.863311468400e-02 -9.863318248449e-02 4.70e-10 7.92e-09 1.19e-10 0.291
 24   -9.863314051780e-02 -9.863314818732e-02 5.32e-11 1.26e-07 1.26e-11 0.294
 25   -9.863314347152e-02 -9.863314426717e-02 5.52e-12 1.59e-07 1.30e-12 0.298
 26   -9.863314377904e-02 -9.863314385915e-02 5.55e-13 6.36e-08 1.31e-13 0.301
 27   -9.863314380999e-02 -9.863314381814e-02 5.63e-14 3.58e-08 1.37e-14 0.305
 28   -9.863314381293e-02 -9.863314381427e-02 9.10e-15 3.16e-07 2.67e-15 0.308
 29   -9.863314381336e-02 -9.863314381370e-02 2.33e-15 4.05e-06 5.51e-16 0.311
Numerical error in objective
Restoring previous solution


Suboptimal solution found in 30 iterations and 0.31 seconds
Objective -9.86328972e-02
Primal infeasibility (abs/rel): 7.97e-09/3.98e-09
Dual infeasibility   (abs/rel): 6.07e-12/5.51e-12
Complementarity gap  (abs/rel): 1.19e-09/1.08e-09


Barrier finished in 0.32 seconds
Dual variables for problems with quadratic constraints not returned.


======================================================================================================================
=== [91/101] defaults_and_tuned_step_ir_cudssdet/step0.9_ir2-fixed_det0/default/cold/t16.log
----------------------------------------------------------------------------------------------------------------------
=== 31 iterations, 0.34s, restored objective -9.85957600e-02, series cold
=== peak dual infeasibility over the last 6 iterations 2.19e-05
=== SETTINGS
===   config     defaults_and_tuned_step_ir_cudssdet/step0.9_ir2-fixed_det0
===   [command]  python socp_resolve_benchmark/cuopt_socp_resolve_cache.py --configs default --cold-only --K 20 --step-scale 0.9 --ir 2 --bound-free-vars 0 --cudss-deterministic 0 --save-logs socp_resolve_benchmark/logs/defaults_and_tuned_step_ir_cudssdet/step0.9_ir2-fixed_det0
===   [family]   cold solves only; step scale, refinement mode and cuDSS determinism are the swept axes; bound_free_vars=0, initial point Automatic (SedumiMu on cones), everything else default
===   [log]      barrier_presolve_bound_free_variables = 0 (free variables handled directly)
===   [log]      cudss_deterministic = false (no deterministic solve mode printed)
===   [log]      augmented system
===   [log]      barrier_adaptive_regularization = on
===   [log]      full setup ran (reordering + symbolic factorization), so no cache reuse
======================================================================================================================
cuOpt version: 26.10.0, git hash: 648f805d, host arch: x86_64, device archs: 80-real
CPU: AMD EPYC 7642 48-Core Processor, threads: 5C/5T
CPU SIMD target: AVX2
CUDA 12.9, device: NVIDIA A100 80GB PCIe (ID 0), VRAM: 79.44 GiB
Problem has 1 quadratic constraints. Converting to second-order cones and solving with barrier.
Handling 50 free variables directly in augmented system
Presolved problem: 5103 constraints 10102 variables 265152 nonzeros
Skipping Ruiz equilibration (row norm ratio 1.4, column norm ratio 1.4 < 5e4, Q coeff ratio 1.0 < 100)
Barrier solver started at 0.025 seconds
Barrier solver: 5103 constraints, 10102 variables, 265152 nonzeros


Second-order cones          : 1
Free variables              : 50
Upper bounds                : 5000
Linear system               : augmented
cuDSS Version               : 0.7.1
cuDSS Threading layer       : libcudss_mtlayer_gomp.so.0
Reordering time             : 0.158s
Symbolic factorization time : 0.023s
Symbolic nonzeros in factor : 2.79e+05
Elapsed time for augmented  : 0.212 seconds
Elapsed time           : 0.212 seconds
Barrier setup complete at 0.212 seconds
Adaptive regularization enabled


                  Objective                         Infeasibility        Time
Iter   Primal              Dual                Primal   Dual    Compl.   Elapsed
  0   -3.705152443471e+02 -3.711033693861e+02 3.71e+03 1.91e+00 1.19e-02 0.213
  1   -3.744593005941e+01 -3.496684576153e+02 3.74e+02 7.84e-02 1.66e-02 0.217
  2   -3.891507418859e+00 -2.097876977543e+02 3.80e+01 4.70e-02 1.33e-02 0.221
  3   -4.433598676081e-01 -3.239205113999e+01 3.86e+00 5.32e-03 4.56e-03 0.226
  4   -9.295418275923e-02 -4.513112384465e+00 4.09e-01 5.69e-04 6.47e-04 0.230
  5   -5.631920849000e-02 -7.110530836802e-01 4.09e-02 5.69e-05 8.81e-05 0.235
  6   -5.681228423080e-02 -2.029573522590e-01 9.04e-03 1.26e-05 1.79e-05 0.239
  7   -6.884373143267e-02 -1.408420777541e-01 4.01e-03 5.58e-06 7.65e-06 0.243
  8   -7.336359781718e-02 -1.390159817192e-01 3.29e-03 4.57e-06 2.40e-05 0.248
  9   -7.493708307696e-02 -1.380505839866e-01 2.96e-03 4.12e-06 4.18e-05 0.252
 10   -7.994207522299e-02 -1.314938871260e-01 2.24e-03 3.11e-06 7.16e-05 0.256
 11   -8.185223678138e-02 -1.294870813280e-01 1.68e-03 2.33e-06 8.30e-05 0.260
 12   -8.592210909779e-02 -1.227234164274e-01 1.11e-03 1.54e-06 8.11e-05 0.265
 13   -8.641973272358e-02 -1.206900422670e-01 8.62e-04 1.20e-06 1.33e-04 0.270
 14   -9.097090099238e-02 -1.124642901164e-01 4.88e-04 6.79e-07 1.14e-04 0.275
 15   -9.449274710225e-02 -1.056913913543e-01 2.15e-04 3.00e-07 5.70e-05 0.280
 16   -9.660806875542e-02 -1.019854307990e-01 8.63e-05 1.20e-07 1.76e-05 0.285
 17   -9.754723201039e-02 -1.001954233697e-01 3.02e-05 4.20e-08 1.11e-05 0.289
 18   -9.822167303919e-02 -9.913866600946e-02 8.03e-06 1.12e-08 3.01e-06 0.293
 19   -9.849564674932e-02 -9.873500217846e-02 1.79e-06 2.49e-09 7.08e-07 0.298
 20   -9.857632166376e-02 -9.862344621121e-02 3.47e-07 4.83e-10 1.28e-07 0.302
 21   -9.859307820689e-02 -9.860040833433e-02 5.36e-08 7.45e-11 1.71e-08 0.306
 22   -9.859576004008e-02 -9.859673314899e-02 7.10e-09 9.86e-12 2.00e-09 0.310
 23   -9.859612068293e-02 -9.859623956140e-02 8.67e-10 4.16e-09 2.25e-10 0.313
 24   -9.859616520894e-02 -9.859617859767e-02 9.76e-11 4.68e-10 2.51e-11 0.317
 25   -9.859617027186e-02 -9.859617166405e-02 1.02e-11 3.42e-07 2.61e-12 0.321
 26   -9.859617079998e-02 -9.859617094059e-02 1.03e-12 3.07e-07 2.64e-13 0.324
 27   -9.859617085320e-02 -9.859617086765e-02 1.05e-13 1.16e-07 2.71e-14 0.328
 28   -9.859617085862e-02 -9.859617086021e-02 1.17e-14 1.14e-06 3.00e-15 0.331
 29   -9.859617085901e-02 -9.859617085967e-02 4.66e-15 7.71e-06 1.21e-15 0.335
 30   -9.859617085921e-02 -9.859617085940e-02 1.33e-15 2.19e-05 3.54e-16 0.338
Numerical error in objective
Restoring previous solution


Suboptimal solution found in 31 iterations and 0.34 seconds
Objective -9.85957600e-02
Primal infeasibility (abs/rel): 1.42e-08/7.10e-09
Dual infeasibility   (abs/rel): 1.09e-11/9.86e-12
Complementarity gap  (abs/rel): 2.20e-09/2.00e-09


Barrier finished in 0.34 seconds
Dual variables for problems with quadratic constraints not returned.


======================================================================================================================
=== [92/101] defaults_and_tuned_step_ir_cudssdet/step0.9_ir2-fixed_det0/default/cold/t18.log
----------------------------------------------------------------------------------------------------------------------
=== 31 iterations, 0.31s, restored objective -9.83789922e-02, series cold
=== peak dual infeasibility over the last 6 iterations 5.06e-07
=== SETTINGS
===   config     defaults_and_tuned_step_ir_cudssdet/step0.9_ir2-fixed_det0
===   [command]  python socp_resolve_benchmark/cuopt_socp_resolve_cache.py --configs default --cold-only --K 20 --step-scale 0.9 --ir 2 --bound-free-vars 0 --cudss-deterministic 0 --save-logs socp_resolve_benchmark/logs/defaults_and_tuned_step_ir_cudssdet/step0.9_ir2-fixed_det0
===   [family]   cold solves only; step scale, refinement mode and cuDSS determinism are the swept axes; bound_free_vars=0, initial point Automatic (SedumiMu on cones), everything else default
===   [log]      barrier_presolve_bound_free_variables = 0 (free variables handled directly)
===   [log]      cudss_deterministic = false (no deterministic solve mode printed)
===   [log]      augmented system
===   [log]      barrier_adaptive_regularization = on
===   [log]      full setup ran (reordering + symbolic factorization), so no cache reuse
======================================================================================================================
cuOpt version: 26.10.0, git hash: 648f805d, host arch: x86_64, device archs: 80-real
CPU: AMD EPYC 7642 48-Core Processor, threads: 5C/5T
CPU SIMD target: AVX2
CUDA 12.9, device: NVIDIA A100 80GB PCIe (ID 0), VRAM: 79.44 GiB
Problem has 1 quadratic constraints. Converting to second-order cones and solving with barrier.
Handling 50 free variables directly in augmented system
Presolved problem: 5103 constraints 10102 variables 265152 nonzeros
Skipping Ruiz equilibration (row norm ratio 1.4, column norm ratio 1.4 < 5e4, Q coeff ratio 1.0 < 100)
Barrier solver started at 0.025 seconds
Barrier solver: 5103 constraints, 10102 variables, 265152 nonzeros


Second-order cones          : 1
Free variables              : 50
Upper bounds                : 5000
Linear system               : augmented
cuDSS Version               : 0.7.1
cuDSS Threading layer       : libcudss_mtlayer_gomp.so.0
Reordering time             : 0.130s
Symbolic factorization time : 0.023s
Symbolic nonzeros in factor : 2.79e+05
Elapsed time for augmented  : 0.186 seconds
Elapsed time           : 0.186 seconds
Barrier setup complete at 0.186 seconds
Adaptive regularization enabled


                  Objective                         Infeasibility        Time
Iter   Primal              Dual                Primal   Dual    Compl.   Elapsed
  0   -3.702964190560e+02 -3.711235215740e+02 3.71e+03 1.91e+00 1.19e-02 0.187
  1   -3.742349284839e+01 -3.496884758244e+02 3.74e+02 7.84e-02 1.66e-02 0.191
  2   -3.889054497323e+00 -2.098042035683e+02 3.80e+01 4.70e-02 1.33e-02 0.195
  3   -4.430325509222e-01 -3.239324757035e+01 3.86e+00 5.32e-03 4.56e-03 0.199
  4   -9.287132087755e-02 -4.512039523600e+00 4.09e-01 5.68e-04 6.47e-04 0.203
  5   -5.627559510859e-02 -7.108197356070e-01 4.09e-02 5.69e-05 8.80e-05 0.207
  6   -5.676127134693e-02 -2.028282062883e-01 9.03e-03 1.26e-05 1.79e-05 0.211
  7   -6.872057598300e-02 -1.408419730011e-01 4.01e-03 5.59e-06 7.67e-06 0.215
  8   -7.258982409969e-02 -1.392588273305e-01 3.40e-03 4.73e-06 2.05e-05 0.219
  9   -7.571181237781e-02 -1.366622376174e-01 2.87e-03 4.00e-06 4.96e-05 0.222
 10   -7.916984569619e-02 -1.330919983093e-01 2.23e-03 3.11e-06 8.05e-05 0.226
 11   -8.266762538761e-02 -1.284169216821e-01 1.57e-03 2.19e-06 8.79e-05 0.230
 12   -8.365782347818e-02 -1.266262267739e-01 1.28e-03 1.78e-06 8.45e-05 0.235
 13   -8.597750980351e-02 -1.221423680870e-01 9.32e-04 1.30e-06 7.35e-05 0.240
 14   -8.796964496992e-02 -1.174009781191e-01 6.31e-04 8.79e-07 1.66e-04 0.244
 15   -9.395185375306e-02 -1.062205062566e-01 2.12e-04 2.95e-07 6.87e-05 0.249
 16   -9.601550466966e-02 -1.024278642742e-01 8.72e-05 1.21e-07 2.31e-05 0.254
 17   -9.729755350417e-02 -1.002292091722e-01 3.73e-05 5.19e-08 7.98e-06 0.258
 18   -9.782857888305e-02 -9.921481208946e-02 1.31e-05 1.83e-08 6.47e-06 0.263
 19   -9.819958731548e-02 -9.862586419982e-02 2.57e-06 3.57e-09 1.40e-06 0.267
 20   -9.833913871554e-02 -9.843271651859e-02 5.22e-07 7.26e-10 2.66e-07 0.272
 21   -9.837234425120e-02 -9.838792376757e-02 8.50e-08 1.18e-10 3.81e-08 0.276
 22   -9.837803855620e-02 -9.838030353368e-02 1.23e-08 1.72e-11 4.88e-09 0.280
 23   -9.837887833559e-02 -9.837918082752e-02 1.64e-09 3.92e-09 5.76e-10 0.283
 24   -9.837899224698e-02 -9.837902843773e-02 1.97e-10 4.69e-10 6.35e-11 0.287
 25   -9.837900612790e-02 -9.837900985327e-02 2.02e-11 1.37e-07 6.57e-12 0.291
 26   -9.837900756049e-02 -9.837900793532e-02 2.03e-12 1.08e-07 6.65e-13 0.294
 27   -9.837900770474e-02 -9.837900774236e-02 2.04e-13 1.04e-07 6.66e-14 0.298
 28   -9.837900771916e-02 -9.837900772311e-02 2.13e-14 5.06e-07 6.69e-15 0.301
 29   -9.837900772042e-02 -9.837900772144e-02 5.44e-15 4.58e-07 1.32e-15 0.305
 30   -9.837900772060e-02 -9.837900772120e-02 3.11e-15 2.57e-07 1.25e-15 0.309
Numerical error in objective
Restoring previous solution


Suboptimal solution found in 31 iterations and 0.31 seconds
Objective -9.83789922e-02
Primal infeasibility (abs/rel): 3.93e-10/1.97e-10
Dual infeasibility   (abs/rel): 5.17e-10/4.69e-10
Complementarity gap  (abs/rel): 6.98e-11/6.35e-11


Barrier finished in 0.31 seconds
Dual variables for problems with quadratic constraints not returned.


======================================================================================================================
=== [93/101] defaults_and_tuned_step_ir_cudssdet/step0.9_ir2-fixed_det0/default/cold/t19.log
----------------------------------------------------------------------------------------------------------------------
=== 31 iterations, 0.24s, restored objective -9.86621379e-02, series cold
=== peak dual infeasibility over the last 6 iterations 1.77e-06
=== SETTINGS
===   config     defaults_and_tuned_step_ir_cudssdet/step0.9_ir2-fixed_det0
===   [command]  python socp_resolve_benchmark/cuopt_socp_resolve_cache.py --configs default --cold-only --K 20 --step-scale 0.9 --ir 2 --bound-free-vars 0 --cudss-deterministic 0 --save-logs socp_resolve_benchmark/logs/defaults_and_tuned_step_ir_cudssdet/step0.9_ir2-fixed_det0
===   [family]   cold solves only; step scale, refinement mode and cuDSS determinism are the swept axes; bound_free_vars=0, initial point Automatic (SedumiMu on cones), everything else default
===   [log]      barrier_presolve_bound_free_variables = 0 (free variables handled directly)
===   [log]      cudss_deterministic = false (no deterministic solve mode printed)
===   [log]      augmented system
===   [log]      barrier_adaptive_regularization = on
===   [log]      full setup ran (reordering + symbolic factorization), so no cache reuse
======================================================================================================================
cuOpt version: 26.10.0, git hash: 648f805d, host arch: x86_64, device archs: 80-real
CPU: AMD EPYC 7642 48-Core Processor, threads: 5C/5T
CPU SIMD target: AVX2
CUDA 12.9, device: NVIDIA A100 80GB PCIe (ID 0), VRAM: 79.44 GiB
Problem has 1 quadratic constraints. Converting to second-order cones and solving with barrier.
Handling 50 free variables directly in augmented system
Presolved problem: 5103 constraints 10102 variables 265152 nonzeros
Skipping Ruiz equilibration (row norm ratio 1.4, column norm ratio 1.4 < 5e4, Q coeff ratio 1.0 < 100)
Barrier solver started at 0.029 seconds
Barrier solver: 5103 constraints, 10102 variables, 265152 nonzeros


Second-order cones          : 1
Free variables              : 50
Upper bounds                : 5000
Linear system               : augmented
cuDSS Version               : 0.7.1
cuDSS Threading layer       : libcudss_mtlayer_gomp.so.0
Reordering time             : 0.056s
Symbolic factorization time : 0.023s
Symbolic nonzeros in factor : 2.79e+05
Elapsed time for augmented  : 0.115 seconds
Elapsed time           : 0.115 seconds
Barrier setup complete at 0.115 seconds
Adaptive regularization enabled


                  Objective                         Infeasibility        Time
Iter   Primal              Dual                Primal   Dual    Compl.   Elapsed
  0   -3.704438282728e+02 -3.711104708303e+02 3.71e+03 1.91e+00 1.19e-02 0.115
  1   -3.743973210431e+01 -3.496755885972e+02 3.74e+02 7.84e-02 1.66e-02 0.119
  2   -3.891181962431e+00 -2.097977461416e+02 3.81e+01 4.70e-02 1.33e-02 0.123
  3   -4.432881670486e-01 -3.239429806499e+01 3.86e+00 5.32e-03 4.56e-03 0.127
  4   -9.292346658454e-02 -4.512392623966e+00 4.09e-01 5.68e-04 6.47e-04 0.131
  5   -5.630487799843e-02 -7.109222282167e-01 4.09e-02 5.69e-05 8.80e-05 0.135
  6   -5.679745278745e-02 -2.028989262833e-01 9.04e-03 1.26e-05 1.79e-05 0.139
  7   -6.886015040215e-02 -1.406633701216e-01 3.99e-03 5.56e-06 7.63e-06 0.143
  8   -7.302517094286e-02 -1.389555275338e-01 3.34e-03 4.65e-06 2.15e-05 0.147
  9   -7.589008100702e-02 -1.365816326945e-01 2.84e-03 3.96e-06 4.34e-05 0.151
 10   -8.022581511552e-02 -1.314589668483e-01 2.14e-03 2.98e-06 6.93e-05 0.155
 11   -8.112487024952e-02 -1.305010587050e-01 1.84e-03 2.57e-06 7.44e-05 0.159
 12   -8.603294025262e-02 -1.225944547247e-01 1.17e-03 1.64e-06 6.84e-05 0.162
 13   -8.666256177917e-02 -1.203027122553e-01 8.93e-04 1.24e-06 1.49e-04 0.167
 14   -9.121767432547e-02 -1.121362173495e-01 4.73e-04 6.59e-07 1.14e-04 0.172
 15   -9.462951392956e-02 -1.056040024337e-01 2.19e-04 3.05e-07 6.84e-05 0.176
 16   -9.672568337586e-02 -1.019329731367e-01 7.87e-05 1.10e-07 1.88e-05 0.181
 17   -9.747881041663e-02 -1.004959532701e-01 3.54e-05 4.93e-08 1.70e-05 0.186
 18   -9.828865119823e-02 -9.919189896291e-02 6.91e-06 9.61e-09 3.28e-06 0.190
 19   -9.855293312882e-02 -9.881356223471e-02 1.78e-06 2.47e-09 9.06e-07 0.195
 20   -9.863962589283e-02 -9.869383573317e-02 3.59e-07 5.00e-10 1.77e-07 0.199
 21   -9.865933733428e-02 -9.866691469890e-02 5.00e-08 6.95e-11 2.20e-08 0.203
 22   -9.866213791289e-02 -9.866310296748e-02 6.36e-09 8.85e-12 2.56e-09 0.207
 23   -9.866249769165e-02 -9.866261379696e-02 7.65e-10 1.18e-09 2.85e-10 0.211
 24   -9.866254107267e-02 -9.866255481088e-02 9.05e-11 8.96e-08 3.10e-11 0.214
 25   -9.866254626874e-02 -9.866254774139e-02 9.70e-12 4.69e-08 3.24e-12 0.218
 26   -9.866254682998e-02 -9.866254697796e-02 9.73e-13 1.28e-07 3.26e-13 0.221
 27   -9.866254688605e-02 -9.866254690174e-02 1.02e-13 1.77e-06 3.31e-14 0.224
 28   -9.866254689210e-02 -9.866254689369e-02 1.01e-14 5.67e-07 3.43e-15 0.227
 29   -9.866254689272e-02 -9.866254689288e-02 9.99e-16 4.42e-07 7.73e-16 0.231
 30   -9.866254689276e-02 -9.866254689283e-02 4.44e-16 1.03e-08 1.07e-16 0.234
Numerical error in objective
Restoring previous solution


Suboptimal solution found in 31 iterations and 0.24 seconds
Objective -9.86621379e-02
Primal infeasibility (abs/rel): 1.27e-08/6.36e-09
Dual infeasibility   (abs/rel): 9.75e-12/8.85e-12
Complementarity gap  (abs/rel): 2.82e-09/2.56e-09


Barrier finished in 0.24 seconds
Dual variables for problems with quadratic constraints not returned.


======================================================================================================================
=== [94/101] defaults_and_tuned_step_ir_cudssdet/step0.9_ir2-fixed_det1/default/cold/t04.log
----------------------------------------------------------------------------------------------------------------------
=== 30 iterations, 2.45s, restored objective -9.84928463e-02, series cold
=== peak dual infeasibility over the last 6 iterations 4.57e-06
=== SETTINGS
===   config     defaults_and_tuned_step_ir_cudssdet/step0.9_ir2-fixed_det1
===   [command]  python socp_resolve_benchmark/cuopt_socp_resolve_cache.py --configs default --cold-only --K 20 --step-scale 0.9 --ir 2 --bound-free-vars 0 --cudss-deterministic 1 --save-logs socp_resolve_benchmark/logs/defaults_and_tuned_step_ir_cudssdet/step0.9_ir2-fixed_det1
===   [family]   cold solves only; step scale, refinement mode and cuDSS determinism are the swept axes; bound_free_vars=0, initial point Automatic (SedumiMu on cones), everything else default
===   [log]      barrier_presolve_bound_free_variables = 0 (free variables handled directly)
===   [log]      cudss_deterministic = true
===   [log]      augmented system
===   [log]      barrier_adaptive_regularization = on
===   [log]      full setup ran (reordering + symbolic factorization), so no cache reuse
======================================================================================================================
cuOpt version: 26.10.0, git hash: 648f805d, host arch: x86_64, device archs: 80-real
CPU: AMD EPYC 7642 48-Core Processor, threads: 5C/5T
CPU SIMD target: AVX2
CUDA 12.9, device: NVIDIA A100 80GB PCIe (ID 0), VRAM: 79.44 GiB
Problem has 1 quadratic constraints. Converting to second-order cones and solving with barrier.
Handling 50 free variables directly in augmented system
Presolved problem: 5103 constraints 10102 variables 265152 nonzeros
Skipping Ruiz equilibration (row norm ratio 1.4, column norm ratio 1.4 < 5e4, Q coeff ratio 1.0 < 100)
Barrier solver started at 0.025 seconds
Barrier solver: 5103 constraints, 10102 variables, 265152 nonzeros


Second-order cones          : 1
Free variables              : 50
Upper bounds                : 5000
Linear system               : augmented
cuDSS Version               : 0.7.1
cuDSS Threading layer       : libcudss_mtlayer_gomp.so.0
cuDSS solve mode            : deterministic
Reordering time             : 0.053s
Symbolic factorization time : 0.023s
Symbolic nonzeros in factor : 2.79e+05
Elapsed time for augmented  : 0.108 seconds
Elapsed time           : 0.108 seconds
Barrier setup complete at 0.108 seconds
Adaptive regularization enabled


                  Objective                         Infeasibility        Time
Iter   Primal              Dual                Primal   Dual    Compl.   Elapsed
  0   -3.702624119443e+02 -3.710387458059e+02 3.71e+03 1.91e+00 1.19e-02 0.108
  1   -3.742079789023e+01 -3.496036719064e+02 3.74e+02 7.84e-02 1.66e-02 0.186
  2   -3.888993984283e+00 -2.097346653642e+02 3.80e+01 4.70e-02 1.33e-02 0.263
  3   -4.430512134758e-01 -3.238077187940e+01 3.86e+00 5.32e-03 4.56e-03 0.340
  4   -9.288389751436e-02 -4.510664601825e+00 4.09e-01 5.68e-04 6.47e-04 0.417
  5   -5.628571763013e-02 -7.106214023161e-01 4.09e-02 5.69e-05 8.80e-05 0.494
  6   -5.677723484907e-02 -2.023841424063e-01 9.01e-03 1.25e-05 1.78e-05 0.571
  7   -6.888706417800e-02 -1.402317627705e-01 3.97e-03 5.53e-06 7.59e-06 0.648
  8   -7.323051319277e-02 -1.384590469599e-01 3.29e-03 4.58e-06 2.13e-05 0.725
  9   -7.616943860265e-02 -1.359080176128e-01 2.79e-03 3.89e-06 4.75e-05 0.802
 10   -8.013258427400e-02 -1.313987024313e-01 2.11e-03 2.94e-06 8.10e-05 0.879
 11   -8.114638544969e-02 -1.302582693162e-01 1.80e-03 2.50e-06 8.57e-05 0.955
 12   -8.613106510712e-02 -1.220830156996e-01 1.13e-03 1.58e-06 8.44e-05 1.032
 13   -8.658053170318e-02 -1.197342100354e-01 8.41e-04 1.17e-06 2.03e-04 1.143
 14   -9.079265495011e-02 -1.122942941784e-01 4.75e-04 6.61e-07 1.64e-04 1.237
 15   -9.473431331338e-02 -1.049161461600e-01 2.00e-04 2.79e-07 7.82e-05 1.348
 16   -9.673600516700e-02 -1.013421524668e-01 5.96e-05 8.30e-08 1.70e-05 1.459
 17   -9.765764283438e-02 -9.976368987523e-02 2.15e-05 3.00e-08 8.52e-06 1.552
 18   -9.807907034306e-02 -9.909408964116e-02 8.95e-06 1.25e-08 5.26e-06 1.646
 19   -9.838802053986e-02 -9.862770133480e-02 1.09e-06 1.52e-09 8.44e-07 1.740
 20   -9.846849593881e-02 -9.852411347566e-02 2.48e-07 3.45e-10 2.03e-07 1.834
 21   -9.848939199151e-02 -9.849737261178e-02 3.53e-08 4.91e-11 2.57e-08 1.911
 22   -9.849244373011e-02 -9.849347599417e-02 4.56e-09 6.36e-12 2.97e-09 1.988
 23   -9.849284627423e-02 -9.849296245177e-02 5.14e-10 7.34e-13 3.18e-10 2.065
 24   -9.849289209782e-02 -9.849290401239e-02 5.27e-11 1.34e-09 3.26e-11 2.125
 25   -9.849289680936e-02 -9.849289800530e-02 5.32e-12 1.92e-07 3.29e-12 2.168
 26   -9.849289728044e-02 -9.849289740013e-02 5.33e-13 2.60e-08 3.29e-13 2.228
 27   -9.849289732754e-02 -9.849289733947e-02 5.33e-14 3.48e-08 3.28e-14 2.289
 28   -9.849289733210e-02 -9.849289733356e-02 6.66e-15 6.64e-08 3.28e-15 2.348
 29   -9.849289733257e-02 -9.849289733294e-02 1.67e-15 4.57e-06 5.65e-16 2.408
Numerical error in objective
Restoring previous solution


Suboptimal solution found in 30 iterations and 2.45 seconds
Objective -9.84928463e-02
Primal infeasibility (abs/rel): 1.03e-09/5.14e-10
Dual infeasibility   (abs/rel): 8.08e-13/7.34e-13
Complementarity gap  (abs/rel): 3.49e-10/3.18e-10


Barrier finished in 2.45 seconds
Dual variables for problems with quadratic constraints not returned.


======================================================================================================================
=== [95/101] defaults_and_tuned_step_ir_cudssdet/step0.9_ir2-fixed_det1/default/cold/t05.log
----------------------------------------------------------------------------------------------------------------------
=== 31 iterations, 2.67s, restored objective -9.87543415e-02, series cold
=== peak dual infeasibility over the last 6 iterations 4.90e-06
=== SETTINGS
===   config     defaults_and_tuned_step_ir_cudssdet/step0.9_ir2-fixed_det1
===   [command]  python socp_resolve_benchmark/cuopt_socp_resolve_cache.py --configs default --cold-only --K 20 --step-scale 0.9 --ir 2 --bound-free-vars 0 --cudss-deterministic 1 --save-logs socp_resolve_benchmark/logs/defaults_and_tuned_step_ir_cudssdet/step0.9_ir2-fixed_det1
===   [family]   cold solves only; step scale, refinement mode and cuDSS determinism are the swept axes; bound_free_vars=0, initial point Automatic (SedumiMu on cones), everything else default
===   [log]      barrier_presolve_bound_free_variables = 0 (free variables handled directly)
===   [log]      cudss_deterministic = true
===   [log]      augmented system
===   [log]      barrier_adaptive_regularization = on
===   [log]      full setup ran (reordering + symbolic factorization), so no cache reuse
======================================================================================================================
cuOpt version: 26.10.0, git hash: 648f805d, host arch: x86_64, device archs: 80-real
CPU: AMD EPYC 7642 48-Core Processor, threads: 5C/5T
CPU SIMD target: AVX2
CUDA 12.9, device: NVIDIA A100 80GB PCIe (ID 0), VRAM: 79.44 GiB
Problem has 1 quadratic constraints. Converting to second-order cones and solving with barrier.
Handling 50 free variables directly in augmented system
Presolved problem: 5103 constraints 10102 variables 265152 nonzeros
Skipping Ruiz equilibration (row norm ratio 1.4, column norm ratio 1.4 < 5e4, Q coeff ratio 1.0 < 100)
Barrier solver started at 0.029 seconds
Barrier solver: 5103 constraints, 10102 variables, 265152 nonzeros


Second-order cones          : 1
Free variables              : 50
Upper bounds                : 5000
Linear system               : augmented
cuDSS Version               : 0.7.1
cuDSS Threading layer       : libcudss_mtlayer_gomp.so.0
cuDSS solve mode            : deterministic
Reordering time             : 0.151s
Symbolic factorization time : 0.023s
Symbolic nonzeros in factor : 2.79e+05
Elapsed time for augmented  : 0.212 seconds
Elapsed time           : 0.212 seconds
Barrier setup complete at 0.212 seconds
Adaptive regularization enabled


                  Objective                         Infeasibility        Time
Iter   Primal              Dual                Primal   Dual    Compl.   Elapsed
  0   -3.704291987375e+02 -3.711395609108e+02 3.71e+03 1.91e+00 1.19e-02 0.213
  1   -3.743741817706e+01 -3.497046453054e+02 3.74e+02 7.84e-02 1.66e-02 0.290
  2   -3.890680428367e+00 -2.098194046320e+02 3.81e+01 4.70e-02 1.33e-02 0.367
  3   -4.432259633860e-01 -3.239729092693e+01 3.86e+00 5.32e-03 4.56e-03 0.444
  4   -9.291615235055e-02 -4.513183834739e+00 4.09e-01 5.69e-04 6.47e-04 0.520
  5   -5.629790208488e-02 -7.110358209522e-01 4.09e-02 5.69e-05 8.80e-05 0.597
  6   -5.678707166307e-02 -2.035520415957e-01 9.08e-03 1.26e-05 1.79e-05 0.674
  7   -6.872858007087e-02 -1.410845875696e-01 4.02e-03 5.60e-06 7.68e-06 0.751
  8   -7.252490425329e-02 -1.393041240685e-01 3.42e-03 4.77e-06 1.87e-05 0.827
  9   -7.579096262028e-02 -1.366882913420e-01 2.85e-03 3.97e-06 3.07e-05 0.904
 10   -8.100782488061e-02 -1.300808357040e-01 2.05e-03 2.86e-06 4.59e-05 0.981
 11   -8.218333561969e-02 -1.286220021817e-01 1.69e-03 2.35e-06 5.10e-05 1.058
 12   -8.767240581767e-02 -1.195243902494e-01 1.00e-03 1.39e-06 5.06e-05 1.136
 13   -8.858510044567e-02 -1.167201124635e-01 7.02e-04 9.78e-07 1.02e-04 1.247
 14   -9.160993010136e-02 -1.112770016975e-01 4.19e-04 5.84e-07 1.01e-04 1.341
 15   -9.478652630096e-02 -1.055181765262e-01 2.05e-04 2.86e-07 6.09e-05 1.451
 16   -9.695465309344e-02 -1.018357921240e-01 7.97e-05 1.11e-07 1.92e-05 1.562
 17   -9.767270772517e-02 -1.003905043741e-01 3.10e-05 4.32e-08 1.79e-05 1.673
 18   -9.823477697367e-02 -9.951422156229e-02 1.27e-05 1.77e-08 9.79e-06 1.766
 19   -9.862090375463e-02 -9.893673494399e-02 2.26e-06 3.15e-09 1.68e-06 1.860
 20   -9.871549364820e-02 -9.880694147531e-02 6.25e-07 8.69e-10 5.01e-07 1.954
 21   -9.874841046186e-02 -9.876244030240e-02 8.87e-08 1.24e-10 6.64e-08 2.051
 22   -9.875365345218e-02 -9.875549997259e-02 1.17e-08 1.62e-11 7.72e-09 2.128
 23   -9.875434154146e-02 -9.875459104201e-02 1.58e-09 2.21e-12 9.11e-10 2.205
 24   -9.875443433815e-02 -9.875446864400e-02 2.17e-10 4.45e-10 1.07e-10 2.264
 25   -9.875444703463e-02 -9.875445190162e-02 3.07e-11 1.05e-08 1.25e-11 2.324
 26   -9.875444883525e-02 -9.875444952403e-02 4.35e-12 1.74e-07 1.50e-12 2.384
 27   -9.875444909423e-02 -9.875444918099e-02 5.48e-13 3.39e-07 1.77e-13 2.445
 28   -9.875444912770e-02 -9.875444913649e-02 5.58e-14 4.90e-06 1.89e-14 2.504
 29   -9.875444913109e-02 -9.875444913198e-02 5.55e-15 2.39e-06 2.48e-15 2.565
 30   -9.875444913143e-02 -9.875444913152e-02 6.66e-16 2.61e-06 1.33e-16 2.625
Numerical error in objective
Restoring previous solution


Suboptimal solution found in 31 iterations and 2.67 seconds
Objective -9.87543415e-02
Primal infeasibility (abs/rel): 3.15e-09/1.58e-09
Dual infeasibility   (abs/rel): 2.44e-12/2.21e-12
Complementarity gap  (abs/rel): 1.00e-09/9.11e-10


Barrier finished in 2.67 seconds
Dual variables for problems with quadratic constraints not returned.


======================================================================================================================
=== [96/101] defaults_and_tuned_step_ir_cudssdet/step0.9_ir2-fixed_det1/default/cold/t07.log
----------------------------------------------------------------------------------------------------------------------
=== 30 iterations, 2.49s, restored objective -9.85532560e-02, series cold
=== peak dual infeasibility over the last 6 iterations 3.36e-06
=== SETTINGS
===   config     defaults_and_tuned_step_ir_cudssdet/step0.9_ir2-fixed_det1
===   [command]  python socp_resolve_benchmark/cuopt_socp_resolve_cache.py --configs default --cold-only --K 20 --step-scale 0.9 --ir 2 --bound-free-vars 0 --cudss-deterministic 1 --save-logs socp_resolve_benchmark/logs/defaults_and_tuned_step_ir_cudssdet/step0.9_ir2-fixed_det1
===   [family]   cold solves only; step scale, refinement mode and cuDSS determinism are the swept axes; bound_free_vars=0, initial point Automatic (SedumiMu on cones), everything else default
===   [log]      barrier_presolve_bound_free_variables = 0 (free variables handled directly)
===   [log]      cudss_deterministic = true
===   [log]      augmented system
===   [log]      barrier_adaptive_regularization = on
===   [log]      full setup ran (reordering + symbolic factorization), so no cache reuse
======================================================================================================================
cuOpt version: 26.10.0, git hash: 648f805d, host arch: x86_64, device archs: 80-real
CPU: AMD EPYC 7642 48-Core Processor, threads: 5C/5T
CPU SIMD target: AVX2
CUDA 12.9, device: NVIDIA A100 80GB PCIe (ID 0), VRAM: 79.44 GiB
Problem has 1 quadratic constraints. Converting to second-order cones and solving with barrier.
Handling 50 free variables directly in augmented system
Presolved problem: 5103 constraints 10102 variables 265152 nonzeros
Skipping Ruiz equilibration (row norm ratio 1.4, column norm ratio 1.4 < 5e4, Q coeff ratio 1.0 < 100)
Barrier solver started at 0.029 seconds
Barrier solver: 5103 constraints, 10102 variables, 265152 nonzeros


Second-order cones          : 1
Free variables              : 50
Upper bounds                : 5000
Linear system               : augmented
cuDSS Version               : 0.7.1
cuDSS Threading layer       : libcudss_mtlayer_gomp.so.0
cuDSS solve mode            : deterministic
Reordering time             : 0.053s
Symbolic factorization time : 0.023s
Symbolic nonzeros in factor : 2.79e+05
Elapsed time for augmented  : 0.113 seconds
Elapsed time           : 0.113 seconds
Barrier setup complete at 0.113 seconds
Adaptive regularization enabled


                  Objective                         Infeasibility        Time
Iter   Primal              Dual                Primal   Dual    Compl.   Elapsed
  0   -3.704340093575e+02 -3.710959393425e+02 3.71e+03 1.91e+00 1.19e-02 0.114
  1   -3.743763570813e+01 -3.496609895192e+02 3.74e+02 7.84e-02 1.66e-02 0.191
  2   -3.890628828344e+00 -2.097811369819e+02 3.80e+01 4.70e-02 1.33e-02 0.268
  3   -4.432462222108e-01 -3.238991826105e+01 3.86e+00 5.32e-03 4.56e-03 0.344
  4   -9.292768669746e-02 -4.512426310848e+00 4.09e-01 5.69e-04 6.47e-04 0.421
  5   -5.630707285377e-02 -7.109235424395e-01 4.09e-02 5.69e-05 8.81e-05 0.498
  6   -5.680194946650e-02 -2.023096863907e-01 9.00e-03 1.25e-05 1.78e-05 0.576
  7   -6.898520010359e-02 -1.400410509549e-01 3.96e-03 5.51e-06 7.56e-06 0.654
  8   -7.329816267690e-02 -1.381751049562e-01 3.30e-03 4.59e-06 1.91e-05 0.731
  9   -7.581106862012e-02 -1.362803222437e-01 2.85e-03 3.96e-06 3.77e-05 0.808
 10   -8.015149938912e-02 -1.311167218141e-01 2.17e-03 3.02e-06 7.10e-05 0.885
 11   -8.113082945821e-02 -1.301339588337e-01 1.83e-03 2.55e-06 8.07e-05 0.962
 12   -8.445027014573e-02 -1.250407952725e-01 1.26e-03 1.75e-06 8.07e-05 1.039
 13   -8.640435580906e-02 -1.208305688376e-01 9.05e-04 1.26e-06 1.14e-04 1.150
 14   -9.202790238228e-02 -1.101735220655e-01 4.10e-04 5.71e-07 6.81e-05 1.260
 15   -9.482760592545e-02 -1.051599156645e-01 2.02e-04 2.81e-07 2.87e-05 1.371
 16   -9.648762660002e-02 -1.022025508718e-01 1.01e-04 1.41e-07 1.31e-05 1.482
 17   -9.718027877491e-02 -1.006709810433e-01 4.36e-05 6.08e-08 1.99e-05 1.576
 18   -9.812717926782e-02 -9.919332060579e-02 1.08e-05 1.50e-08 4.52e-06 1.687
 19   -9.841168211241e-02 -9.876006007722e-02 3.19e-06 4.45e-09 1.44e-06 1.780
 20   -9.852521534386e-02 -9.859319755624e-02 5.78e-07 8.05e-10 2.27e-07 1.874
 21   -9.854921694089e-02 -9.855913286969e-02 8.39e-08 1.17e-10 3.08e-08 1.951
 22   -9.855277423523e-02 -9.855410709990e-02 1.13e-08 1.57e-11 3.78e-09 2.028
 23   -9.855325602582e-02 -9.855342730302e-02 1.45e-09 2.48e-10 4.33e-10 2.088
 24   -9.855331797933e-02 -9.855333994435e-02 1.86e-10 3.88e-09 4.79e-11 2.148
 25   -9.855332593450e-02 -9.855332873878e-02 2.37e-11 2.13e-08 5.49e-12 2.209
 26   -9.855332696747e-02 -9.855332728509e-02 2.68e-12 7.07e-08 6.03e-13 2.269
 27   -9.855332708550e-02 -9.855332711926e-02 2.84e-13 1.29e-07 6.29e-14 2.329
 28   -9.855332709816e-02 -9.855332710157e-02 2.84e-14 1.78e-06 6.97e-15 2.389
 29   -9.855332709941e-02 -9.855332709986e-02 3.66e-15 3.36e-06 8.19e-16 2.449
Numerical error in objective
Restoring previous solution


Suboptimal solution found in 30 iterations and 2.49 seconds
Objective -9.85532560e-02
Primal infeasibility (abs/rel): 2.89e-09/1.45e-09
Dual infeasibility   (abs/rel): 2.73e-10/2.48e-10
Complementarity gap  (abs/rel): 4.76e-10/4.33e-10


Barrier finished in 2.49 seconds
Dual variables for problems with quadratic constraints not returned.


======================================================================================================================
=== [97/101] defaults_and_tuned_step_ir_cudssdet/step0.9_ir2-fixed_det1/default/cold/t11.log
----------------------------------------------------------------------------------------------------------------------
=== 30 iterations, 2.47s, restored objective -9.84884133e-02, series cold
=== peak dual infeasibility over the last 6 iterations 5.28e-07
=== SETTINGS
===   config     defaults_and_tuned_step_ir_cudssdet/step0.9_ir2-fixed_det1
===   [command]  python socp_resolve_benchmark/cuopt_socp_resolve_cache.py --configs default --cold-only --K 20 --step-scale 0.9 --ir 2 --bound-free-vars 0 --cudss-deterministic 1 --save-logs socp_resolve_benchmark/logs/defaults_and_tuned_step_ir_cudssdet/step0.9_ir2-fixed_det1
===   [family]   cold solves only; step scale, refinement mode and cuDSS determinism are the swept axes; bound_free_vars=0, initial point Automatic (SedumiMu on cones), everything else default
===   [log]      barrier_presolve_bound_free_variables = 0 (free variables handled directly)
===   [log]      cudss_deterministic = true
===   [log]      augmented system
===   [log]      barrier_adaptive_regularization = on
===   [log]      full setup ran (reordering + symbolic factorization), so no cache reuse
======================================================================================================================
cuOpt version: 26.10.0, git hash: 648f805d, host arch: x86_64, device archs: 80-real
CPU: AMD EPYC 7642 48-Core Processor, threads: 5C/5T
CPU SIMD target: AVX2
CUDA 12.9, device: NVIDIA A100 80GB PCIe (ID 0), VRAM: 79.44 GiB
Problem has 1 quadratic constraints. Converting to second-order cones and solving with barrier.
Handling 50 free variables directly in augmented system
Presolved problem: 5103 constraints 10102 variables 265152 nonzeros
Skipping Ruiz equilibration (row norm ratio 1.4, column norm ratio 1.4 < 5e4, Q coeff ratio 1.0 < 100)
Barrier solver started at 0.027 seconds
Barrier solver: 5103 constraints, 10102 variables, 265152 nonzeros


Second-order cones          : 1
Free variables              : 50
Upper bounds                : 5000
Linear system               : augmented
cuDSS Version               : 0.7.1
cuDSS Threading layer       : libcudss_mtlayer_gomp.so.0
cuDSS solve mode            : deterministic
Reordering time             : 0.057s
Symbolic factorization time : 0.023s
Symbolic nonzeros in factor : 2.79e+05
Elapsed time for augmented  : 0.116 seconds
Elapsed time           : 0.116 seconds
Barrier setup complete at 0.116 seconds
Adaptive regularization enabled


                  Objective                         Infeasibility        Time
Iter   Primal              Dual                Primal   Dual    Compl.   Elapsed
  0   -3.703336272695e+02 -3.710584120459e+02 3.71e+03 1.91e+00 1.19e-02 0.116
  1   -3.742835968768e+01 -3.496234222228e+02 3.74e+02 7.84e-02 1.66e-02 0.193
  2   -3.889891326073e+00 -2.097525625872e+02 3.80e+01 4.70e-02 1.33e-02 0.270
  3   -4.431513586697e-01 -3.238487871720e+01 3.86e+00 5.32e-03 4.56e-03 0.347
  4   -9.290142670452e-02 -4.511186467063e+00 4.09e-01 5.68e-04 6.47e-04 0.424
  5   -5.629485363531e-02 -7.107170023075e-01 4.09e-02 5.69e-05 8.80e-05 0.501
  6   -5.678749214771e-02 -2.022545234074e-01 9.00e-03 1.25e-05 1.78e-05 0.577
  7   -6.897692960463e-02 -1.397788792468e-01 3.95e-03 5.49e-06 7.54e-06 0.654
  8   -7.282123495996e-02 -1.381519500846e-01 3.36e-03 4.68e-06 1.62e-05 0.731
  9   -7.616605669379e-02 -1.355775783980e-01 2.78e-03 3.87e-06 4.07e-05 0.808
 10   -8.140740650133e-02 -1.291305803308e-01 1.96e-03 2.73e-06 7.17e-05 0.885
 11   -8.230046004536e-02 -1.279833332557e-01 1.67e-03 2.33e-06 7.59e-05 0.962
 12   -8.637334376446e-02 -1.212631669887e-01 1.12e-03 1.57e-06 7.34e-05 1.039
 13   -8.677831215109e-02 -1.193386279116e-01 8.97e-04 1.25e-06 1.52e-04 1.149
 14   -9.118494175548e-02 -1.115006252024e-01 4.43e-04 6.17e-07 1.28e-04 1.260
 15   -9.484063887524e-02 -1.046256705097e-01 1.91e-04 2.65e-07 7.72e-05 1.371
 16   -9.681956738780e-02 -1.011951297535e-01 5.89e-05 8.20e-08 1.88e-05 1.482
 17   -9.766649258197e-02 -9.971202909773e-02 2.06e-05 2.86e-08 1.15e-05 1.575
 18   -9.819793270774e-02 -9.890757423477e-02 6.42e-06 8.93e-09 3.96e-06 1.669
 19   -9.842623661783e-02 -9.857430045923e-02 1.13e-06 1.57e-09 6.65e-07 1.763
 20   -9.847892937505e-02 -9.850150593519e-02 1.71e-07 2.38e-10 8.55e-08 1.858
 21   -9.848704142955e-02 -9.849036540906e-02 2.51e-08 3.49e-11 1.05e-08 1.934
 22   -9.848823498418e-02 -9.848873054402e-02 3.74e-09 5.16e-12 1.30e-09 2.011
 23   -9.848841325369e-02 -9.848848678771e-02 5.54e-10 7.66e-13 1.63e-10 2.088
 24   -9.848843992493e-02 -9.848845034689e-02 7.84e-11 1.22e-09 2.31e-11 2.148
 25   -9.848844380039e-02 -9.848844505276e-02 9.50e-12 2.51e-07 2.80e-12 2.191
 26   -9.848844427135e-02 -9.848844439764e-02 9.59e-13 2.34e-08 2.82e-13 2.251
 27   -9.848844431883e-02 -9.848844433154e-02 9.65e-14 2.21e-07 2.84e-14 2.311
 28   -9.848844432346e-02 -9.848844432510e-02 1.25e-14 3.12e-08 3.67e-15 2.371
 29   -9.848844432407e-02 -9.848844432424e-02 1.22e-15 5.28e-07 1.42e-15 2.431
Numerical error in objective
Restoring previous solution


Suboptimal solution found in 30 iterations and 2.47 seconds
Objective -9.84884133e-02
Primal infeasibility (abs/rel): 1.11e-09/5.54e-10
Dual infeasibility   (abs/rel): 8.44e-13/7.66e-13
Complementarity gap  (abs/rel): 1.80e-10/1.63e-10


Barrier finished in 2.48 seconds
Dual variables for problems with quadratic constraints not returned.


======================================================================================================================
=== [98/101] defaults_and_tuned_step_ir_cudssdet/step0.9_ir2-fixed_det1/default/cold/t12.log
----------------------------------------------------------------------------------------------------------------------
=== 31 iterations, 2.64s, restored objective -9.85056567e-02, series cold
=== peak dual infeasibility over the last 6 iterations 2.10e-05
=== SETTINGS
===   config     defaults_and_tuned_step_ir_cudssdet/step0.9_ir2-fixed_det1
===   [command]  python socp_resolve_benchmark/cuopt_socp_resolve_cache.py --configs default --cold-only --K 20 --step-scale 0.9 --ir 2 --bound-free-vars 0 --cudss-deterministic 1 --save-logs socp_resolve_benchmark/logs/defaults_and_tuned_step_ir_cudssdet/step0.9_ir2-fixed_det1
===   [family]   cold solves only; step scale, refinement mode and cuDSS determinism are the swept axes; bound_free_vars=0, initial point Automatic (SedumiMu on cones), everything else default
===   [log]      barrier_presolve_bound_free_variables = 0 (free variables handled directly)
===   [log]      cudss_deterministic = true
===   [log]      augmented system
===   [log]      barrier_adaptive_regularization = on
===   [log]      full setup ran (reordering + symbolic factorization), so no cache reuse
======================================================================================================================
cuOpt version: 26.10.0, git hash: 648f805d, host arch: x86_64, device archs: 80-real
CPU: AMD EPYC 7642 48-Core Processor, threads: 5C/5T
CPU SIMD target: AVX2
CUDA 12.9, device: NVIDIA A100 80GB PCIe (ID 0), VRAM: 79.44 GiB
Problem has 1 quadratic constraints. Converting to second-order cones and solving with barrier.
Handling 50 free variables directly in augmented system
Presolved problem: 5103 constraints 10102 variables 265152 nonzeros
Skipping Ruiz equilibration (row norm ratio 1.4, column norm ratio 1.4 < 5e4, Q coeff ratio 1.0 < 100)
Barrier solver started at 0.026 seconds
Barrier solver: 5103 constraints, 10102 variables, 265152 nonzeros


Second-order cones          : 1
Free variables              : 50
Upper bounds                : 5000
Linear system               : augmented
cuDSS Version               : 0.7.1
cuDSS Threading layer       : libcudss_mtlayer_gomp.so.0
cuDSS solve mode            : deterministic
Reordering time             : 0.163s
Symbolic factorization time : 0.027s
Symbolic nonzeros in factor : 2.79e+05
Elapsed time for augmented  : 0.223 seconds
Elapsed time           : 0.223 seconds
Barrier setup complete at 0.223 seconds
Adaptive regularization enabled


                  Objective                         Infeasibility        Time
Iter   Primal              Dual                Primal   Dual    Compl.   Elapsed
  0   -3.703361174615e+02 -3.711052443117e+02 3.71e+03 1.91e+00 1.19e-02 0.224
  1   -3.742795198503e+01 -3.496702503258e+02 3.74e+02 7.84e-02 1.66e-02 0.301
  2   -3.889667988002e+00 -2.097901226828e+02 3.80e+01 4.70e-02 1.33e-02 0.378
  3   -4.431096061050e-01 -3.239116080152e+01 3.86e+00 5.32e-03 4.56e-03 0.455
  4   -9.288825948120e-02 -4.511806745449e+00 4.09e-01 5.68e-04 6.47e-04 0.532
  5   -5.628648493514e-02 -7.107976302091e-01 4.09e-02 5.69e-05 8.80e-05 0.609
  6   -5.677571247183e-02 -2.030855398582e-01 9.05e-03 1.26e-05 1.79e-05 0.685
  7   -6.872918273493e-02 -1.411026631680e-01 4.03e-03 5.61e-06 7.69e-06 0.762
  8   -7.250345329408e-02 -1.395584674400e-01 3.42e-03 4.77e-06 1.99e-05 0.839
  9   -7.554429134392e-02 -1.369873642274e-01 2.91e-03 4.05e-06 4.64e-05 0.916
 10   -7.906083726613e-02 -1.334444060116e-01 2.24e-03 3.12e-06 7.42e-05 0.993
 11   -8.340818433224e-02 -1.273470311562e-01 1.50e-03 2.08e-06 8.08e-05 1.070
 12   -8.386817759828e-02 -1.262597858557e-01 1.30e-03 1.81e-06 7.68e-05 1.164
 13   -8.679978009291e-02 -1.206801816043e-01 9.18e-04 1.28e-06 6.54e-05 1.275
 14   -8.889469168340e-02 -1.155764897634e-01 5.81e-04 8.09e-07 1.87e-04 1.385
 15   -9.465244620188e-02 -1.053442247849e-01 1.87e-04 2.60e-07 6.33e-05 1.496
 16   -9.673239988133e-02 -1.015794087849e-01 7.71e-05 1.07e-07 2.21e-05 1.606
 17   -9.766355500534e-02 -9.987672580950e-02 2.74e-05 3.81e-08 6.95e-06 1.717
 18   -9.818070804092e-02 -9.898247604374e-02 7.44e-06 1.04e-08 3.34e-06 1.811
 19   -9.842129443663e-02 -9.862909022785e-02 1.86e-06 2.59e-09 7.52e-07 1.905
 20   -9.848813966338e-02 -9.853092803497e-02 3.65e-07 5.08e-10 1.36e-07 1.998
 21   -9.850296892617e-02 -9.850961457794e-02 5.59e-08 7.78e-11 1.85e-08 2.075
 22   -9.850532163107e-02 -9.850625851030e-02 7.87e-09 1.27e-09 2.38e-09 2.135
 23   -9.850565668063e-02 -9.850578112191e-02 1.04e-09 5.74e-11 2.88e-10 2.195
 24   -9.850570147095e-02 -9.850571735854e-02 1.33e-10 6.45e-09 3.29e-11 2.255
 25   -9.850570725317e-02 -9.850570913565e-02 1.58e-11 1.40e-08 3.55e-12 2.315
 26   -9.850570794699e-02 -9.850570815054e-02 1.71e-12 6.09e-07 3.76e-13 2.358
 27   -9.850570802221e-02 -9.850570804344e-02 1.77e-13 2.88e-07 3.80e-14 2.417
 28   -9.850570803012e-02 -9.850570803227e-02 1.78e-14 6.54e-07 3.60e-15 2.477
 29   -9.850570803091e-02 -9.850570803118e-02 2.00e-15 2.22e-06 7.58e-16 2.537
 30   -9.850570803099e-02 -9.850570803107e-02 6.66e-16 2.10e-05 1.31e-16 2.596
Numerical error in objective
Restoring previous solution


Suboptimal solution found in 31 iterations and 2.64 seconds
Objective -9.85056567e-02
Primal infeasibility (abs/rel): 2.09e-09/1.04e-09
Dual infeasibility   (abs/rel): 6.33e-11/5.74e-11
Complementarity gap  (abs/rel): 3.16e-10/2.88e-10


Barrier finished in 2.64 seconds
Dual variables for problems with quadratic constraints not returned.


======================================================================================================================
=== [99/101] defaults_and_tuned_step_ir_cudssdet/step0.9_ir2-fixed_det1/default/cold/t13.log
----------------------------------------------------------------------------------------------------------------------
=== 31 iterations, 2.64s, restored objective -9.84194286e-02, series cold
=== peak dual infeasibility over the last 6 iterations 2.21e-06
=== SETTINGS
===   config     defaults_and_tuned_step_ir_cudssdet/step0.9_ir2-fixed_det1
===   [command]  python socp_resolve_benchmark/cuopt_socp_resolve_cache.py --configs default --cold-only --K 20 --step-scale 0.9 --ir 2 --bound-free-vars 0 --cudss-deterministic 1 --save-logs socp_resolve_benchmark/logs/defaults_and_tuned_step_ir_cudssdet/step0.9_ir2-fixed_det1
===   [family]   cold solves only; step scale, refinement mode and cuDSS determinism are the swept axes; bound_free_vars=0, initial point Automatic (SedumiMu on cones), everything else default
===   [log]      barrier_presolve_bound_free_variables = 0 (free variables handled directly)
===   [log]      cudss_deterministic = true
===   [log]      augmented system
===   [log]      barrier_adaptive_regularization = on
===   [log]      full setup ran (reordering + symbolic factorization), so no cache reuse
======================================================================================================================
cuOpt version: 26.10.0, git hash: 648f805d, host arch: x86_64, device archs: 80-real
CPU: AMD EPYC 7642 48-Core Processor, threads: 5C/5T
CPU SIMD target: AVX2
CUDA 12.9, device: NVIDIA A100 80GB PCIe (ID 0), VRAM: 79.44 GiB
Problem has 1 quadratic constraints. Converting to second-order cones and solving with barrier.
Handling 50 free variables directly in augmented system
Presolved problem: 5103 constraints 10102 variables 265152 nonzeros
Skipping Ruiz equilibration (row norm ratio 1.4, column norm ratio 1.4 < 5e4, Q coeff ratio 1.0 < 100)
Barrier solver started at 0.028 seconds
Barrier solver: 5103 constraints, 10102 variables, 265152 nonzeros


Second-order cones          : 1
Free variables              : 50
Upper bounds                : 5000
Linear system               : augmented
cuDSS Version               : 0.7.1
cuDSS Threading layer       : libcudss_mtlayer_gomp.so.0
cuDSS solve mode            : deterministic
Reordering time             : 0.123s
Symbolic factorization time : 0.024s
Symbolic nonzeros in factor : 2.79e+05
Elapsed time for augmented  : 0.182 seconds
Elapsed time           : 0.182 seconds
Barrier setup complete at 0.182 seconds
Adaptive regularization enabled


                  Objective                         Infeasibility        Time
Iter   Primal              Dual                Primal   Dual    Compl.   Elapsed
  0   -3.703532868363e+02 -3.711197926069e+02 3.71e+03 1.91e+00 1.19e-02 0.182
  1   -3.743020853199e+01 -3.496848610668e+02 3.74e+02 7.84e-02 1.66e-02 0.260
  2   -3.890059328356e+00 -2.098043268277e+02 3.81e+01 4.70e-02 1.33e-02 0.337
  3   -4.431777757939e-01 -3.239602562015e+01 3.86e+00 5.32e-03 4.56e-03 0.414
  4   -9.291231041670e-02 -4.513678412998e+00 4.09e-01 5.69e-04 6.47e-04 0.491
  5   -5.628994223274e-02 -7.111301089464e-01 4.09e-02 5.69e-05 8.81e-05 0.568
  6   -5.677713687441e-02 -2.036544838066e-01 9.09e-03 1.26e-05 1.79e-05 0.645
  7   -6.866781006602e-02 -1.414261835038e-01 4.04e-03 5.63e-06 7.72e-06 0.721
  8   -7.207250434503e-02 -1.401650412633e-01 3.50e-03 4.88e-06 1.87e-05 0.799
  9   -7.495980055172e-02 -1.380244777009e-01 3.01e-03 4.20e-06 5.03e-05 0.875
 10   -7.823340253309e-02 -1.350609074683e-01 2.39e-03 3.32e-06 8.91e-05 0.952
 11   -8.152077564536e-02 -1.310894589750e-01 1.69e-03 2.36e-06 1.06e-04 1.029
 12   -8.328002632680e-02 -1.280416513332e-01 1.29e-03 1.80e-06 1.04e-04 1.106
 13   -8.488884084048e-02 -1.244031067299e-01 9.96e-04 1.39e-06 1.32e-04 1.216
 14   -9.110165054212e-02 -1.119888355607e-01 4.44e-04 6.18e-07 8.41e-05 1.327
 15   -9.428407445823e-02 -1.059708195293e-01 2.09e-04 2.91e-07 4.01e-05 1.437
 16   -9.612656079095e-02 -1.026489655518e-01 1.09e-04 1.51e-07 1.72e-05 1.548
 17   -9.686049280223e-02 -1.008989838216e-01 4.72e-05 6.57e-08 2.49e-05 1.642
 18   -9.790447773120e-02 -9.921222748192e-02 1.22e-05 1.70e-08 5.71e-06 1.753
 19   -9.823132966559e-02 -9.869717663178e-02 3.83e-06 5.33e-09 2.12e-06 1.864
 20   -9.837743007606e-02 -9.847736323881e-02 6.34e-07 8.82e-10 3.56e-07 1.958
 21   -9.841333994788e-02 -9.842802186143e-02 9.24e-08 1.29e-10 4.77e-08 2.035
 22   -9.841871042575e-02 -9.842067452041e-02 1.24e-08 1.72e-11 5.62e-09 2.111
 23   -9.841942863185e-02 -9.841969297821e-02 1.66e-09 5.81e-10 6.38e-10 2.172
 24   -9.841952512382e-02 -9.841956118753e-02 2.27e-10 2.72e-09 7.37e-11 2.232
 25   -9.841953846027e-02 -9.841954297848e-02 2.84e-11 1.16e-08 8.39e-12 2.292
 26   -9.841954016905e-02 -9.841954064387e-02 2.98e-12 4.86e-08 8.84e-13 2.352
 27   -9.841954034921e-02 -9.841954039768e-02 3.04e-13 1.14e-08 9.08e-14 2.412
 28   -9.841954036747e-02 -9.841954037276e-02 3.31e-14 2.37e-07 1.01e-14 2.472
 29   -9.841954036931e-02 -9.841954037027e-02 5.88e-15 3.19e-08 1.69e-15 2.532
 30   -9.841954036950e-02 -9.841954037001e-02 3.00e-15 2.21e-06 8.06e-16 2.592
Numerical error in objective
Restoring previous solution


Suboptimal solution found in 31 iterations and 2.64 seconds
Objective -9.84194286e-02
Primal infeasibility (abs/rel): 3.32e-09/1.66e-09
Dual infeasibility   (abs/rel): 6.40e-10/5.81e-10
Complementarity gap  (abs/rel): 7.01e-10/6.38e-10


Barrier finished in 2.64 seconds
Dual variables for problems with quadratic constraints not returned.


======================================================================================================================
=== [100/101] defaults_and_tuned_step_ir_cudssdet/step0.9_ir2-fixed_det1/default/cold/t14.log
----------------------------------------------------------------------------------------------------------------------
=== 31 iterations, 2.59s, restored objective -9.85970821e-02, series cold
=== peak dual infeasibility over the last 6 iterations 9.64e-06
=== SETTINGS
===   config     defaults_and_tuned_step_ir_cudssdet/step0.9_ir2-fixed_det1
===   [command]  python socp_resolve_benchmark/cuopt_socp_resolve_cache.py --configs default --cold-only --K 20 --step-scale 0.9 --ir 2 --bound-free-vars 0 --cudss-deterministic 1 --save-logs socp_resolve_benchmark/logs/defaults_and_tuned_step_ir_cudssdet/step0.9_ir2-fixed_det1
===   [family]   cold solves only; step scale, refinement mode and cuDSS determinism are the swept axes; bound_free_vars=0, initial point Automatic (SedumiMu on cones), everything else default
===   [log]      barrier_presolve_bound_free_variables = 0 (free variables handled directly)
===   [log]      cudss_deterministic = true
===   [log]      augmented system
===   [log]      barrier_adaptive_regularization = on
===   [log]      full setup ran (reordering + symbolic factorization), so no cache reuse
======================================================================================================================
cuOpt version: 26.10.0, git hash: 648f805d, host arch: x86_64, device archs: 80-real
CPU: AMD EPYC 7642 48-Core Processor, threads: 5C/5T
CPU SIMD target: AVX2
CUDA 12.9, device: NVIDIA A100 80GB PCIe (ID 0), VRAM: 79.44 GiB
Problem has 1 quadratic constraints. Converting to second-order cones and solving with barrier.
Handling 50 free variables directly in augmented system
Presolved problem: 5103 constraints 10102 variables 265152 nonzeros
Skipping Ruiz equilibration (row norm ratio 1.4, column norm ratio 1.4 < 5e4, Q coeff ratio 1.0 < 100)
Barrier solver started at 0.030 seconds
Barrier solver: 5103 constraints, 10102 variables, 265152 nonzeros


Second-order cones          : 1
Free variables              : 50
Upper bounds                : 5000
Linear system               : augmented
cuDSS Version               : 0.7.1
cuDSS Threading layer       : libcudss_mtlayer_gomp.so.0
cuDSS solve mode            : deterministic
Reordering time             : 0.098s
Symbolic factorization time : 0.023s
Symbolic nonzeros in factor : 2.79e+05
Elapsed time for augmented  : 0.158 seconds
Elapsed time           : 0.158 seconds
Barrier setup complete at 0.158 seconds
Adaptive regularization enabled


                  Objective                         Infeasibility        Time
Iter   Primal              Dual                Primal   Dual    Compl.   Elapsed
  0   -3.703993037120e+02 -3.711301956175e+02 3.71e+03 1.91e+00 1.19e-02 0.158
  1   -3.743476578413e+01 -3.496952827047e+02 3.74e+02 7.84e-02 1.66e-02 0.236
  2   -3.890536580102e+00 -2.098129351748e+02 3.81e+01 4.70e-02 1.33e-02 0.312
  3   -4.432231679532e-01 -3.239735312357e+01 3.86e+00 5.32e-03 4.56e-03 0.389
  4   -9.291562410799e-02 -4.513380940920e+00 4.09e-01 5.69e-04 6.47e-04 0.467
  5   -5.629490810009e-02 -7.110782902603e-01 4.09e-02 5.69e-05 8.81e-05 0.543
  6   -5.678368842879e-02 -2.029100717961e-01 9.04e-03 1.26e-05 1.79e-05 0.620
  7   -6.879671414937e-02 -1.408534900065e-01 4.01e-03 5.58e-06 7.66e-06 0.698
  8   -7.225621408193e-02 -1.396076851858e-01 3.47e-03 4.84e-06 1.83e-05 0.775
  9   -7.532380487646e-02 -1.372356496696e-01 2.97e-03 4.14e-06 4.38e-05 0.852
 10   -7.794340757410e-02 -1.350662826767e-01 2.44e-03 3.40e-06 6.31e-05 0.928
 11   -8.203908479421e-02 -1.295557880551e-01 1.77e-03 2.46e-06 7.95e-05 1.005
 12   -8.266047383735e-02 -1.282929937373e-01 1.50e-03 2.09e-06 7.70e-05 1.099
 13   -8.640370416488e-02 -1.215116075368e-01 9.99e-04 1.39e-06 9.13e-05 1.210
 14   -8.988980930142e-02 -1.138618948702e-01 5.33e-04 7.42e-07 1.89e-04 1.320
 15   -9.397409058890e-02 -1.064349736477e-01 1.45e-04 2.02e-07 6.19e-05 1.431
 16   -9.669435374673e-02 -1.017383269159e-01 5.31e-05 7.40e-08 3.15e-05 1.525
 17   -9.760645388850e-02 -1.002283761377e-01 2.54e-05 3.53e-08 1.45e-05 1.619
 18   -9.807199814745e-02 -9.936639922788e-02 9.39e-06 1.31e-08 1.02e-05 1.729
 19   -9.849332736498e-02 -9.874475709792e-02 1.56e-06 2.17e-09 1.44e-06 1.822
 20   -9.857729462578e-02 -9.862614000624e-02 3.00e-07 4.18e-10 2.36e-07 1.916
 21   -9.859404148217e-02 -9.860251180630e-02 5.15e-08 7.17e-11 3.48e-08 1.992
 22   -9.859708214135e-02 -9.859824318770e-02 7.04e-09 9.79e-12 4.17e-09 2.069
 23   -9.859749960898e-02 -9.859765888146e-02 9.65e-10 2.10e-09 5.09e-10 2.129
 24   -9.859755674927e-02 -9.859757900679e-02 1.35e-10 2.29e-09 6.36e-11 2.189
 25   -9.859756475183e-02 -9.859756783725e-02 1.87e-11 2.84e-08 7.72e-12 2.249
 26   -9.859756588032e-02 -9.859756626515e-02 2.33e-12 1.21e-07 9.52e-13 2.309
 27   -9.859756602368e-02 -9.859756606578e-02 2.55e-13 2.08e-07 1.04e-13 2.368
 28   -9.859756603940e-02 -9.859756604396e-02 2.76e-14 2.54e-07 1.13e-14 2.428
 29   -9.859756604101e-02 -9.859756604173e-02 4.44e-15 9.64e-06 1.77e-15 2.488
 30   -9.859756604128e-02 -9.859756604136e-02 4.44e-16 5.07e-06 1.77e-16 2.548
Numerical error in objective
Restoring previous solution


Suboptimal solution found in 31 iterations and 2.59 seconds
Objective -9.85970821e-02
Primal infeasibility (abs/rel): 1.41e-08/7.04e-09
Dual infeasibility   (abs/rel): 1.08e-11/9.79e-12
Complementarity gap  (abs/rel): 4.58e-09/4.17e-09


Barrier finished in 2.59 seconds
Dual variables for problems with quadratic constraints not returned.


======================================================================================================================
=== [101/101] defaults_and_tuned_step_ir_cudssdet/step0.9_ir2-fixed_det1/default/cold/t19.log
----------------------------------------------------------------------------------------------------------------------
=== 31 iterations, 2.61s, restored objective -9.86621379e-02, series cold
=== peak dual infeasibility over the last 6 iterations 2.95e-06
=== SETTINGS
===   config     defaults_and_tuned_step_ir_cudssdet/step0.9_ir2-fixed_det1
===   [command]  python socp_resolve_benchmark/cuopt_socp_resolve_cache.py --configs default --cold-only --K 20 --step-scale 0.9 --ir 2 --bound-free-vars 0 --cudss-deterministic 1 --save-logs socp_resolve_benchmark/logs/defaults_and_tuned_step_ir_cudssdet/step0.9_ir2-fixed_det1
===   [family]   cold solves only; step scale, refinement mode and cuDSS determinism are the swept axes; bound_free_vars=0, initial point Automatic (SedumiMu on cones), everything else default
===   [log]      barrier_presolve_bound_free_variables = 0 (free variables handled directly)
===   [log]      cudss_deterministic = true
===   [log]      augmented system
===   [log]      barrier_adaptive_regularization = on
===   [log]      full setup ran (reordering + symbolic factorization), so no cache reuse
======================================================================================================================
cuOpt version: 26.10.0, git hash: 648f805d, host arch: x86_64, device archs: 80-real
CPU: AMD EPYC 7642 48-Core Processor, threads: 5C/5T
CPU SIMD target: AVX2
CUDA 12.9, device: NVIDIA A100 80GB PCIe (ID 0), VRAM: 79.44 GiB
Problem has 1 quadratic constraints. Converting to second-order cones and solving with barrier.
Handling 50 free variables directly in augmented system
Presolved problem: 5103 constraints 10102 variables 265152 nonzeros
Skipping Ruiz equilibration (row norm ratio 1.4, column norm ratio 1.4 < 5e4, Q coeff ratio 1.0 < 100)
Barrier solver started at 0.030 seconds
Barrier solver: 5103 constraints, 10102 variables, 265152 nonzeros


Second-order cones          : 1
Free variables              : 50
Upper bounds                : 5000
Linear system               : augmented
cuDSS Version               : 0.7.1
cuDSS Threading layer       : libcudss_mtlayer_gomp.so.0
cuDSS solve mode            : deterministic
Reordering time             : 0.127s
Symbolic factorization time : 0.024s
Symbolic nonzeros in factor : 2.79e+05
Elapsed time for augmented  : 0.189 seconds
Elapsed time           : 0.189 seconds
Barrier setup complete at 0.189 seconds
Adaptive regularization enabled


                  Objective                         Infeasibility        Time
Iter   Primal              Dual                Primal   Dual    Compl.   Elapsed
  0   -3.704438282728e+02 -3.711104708303e+02 3.71e+03 1.91e+00 1.19e-02 0.189
  1   -3.743973210431e+01 -3.496755885972e+02 3.74e+02 7.84e-02 1.66e-02 0.267
  2   -3.891181962431e+00 -2.097977461416e+02 3.81e+01 4.70e-02 1.33e-02 0.344
  3   -4.432881670486e-01 -3.239429806499e+01 3.86e+00 5.32e-03 4.56e-03 0.421
  4   -9.292346658454e-02 -4.512392623967e+00 4.09e-01 5.68e-04 6.47e-04 0.498
  5   -5.630487799843e-02 -7.109222282168e-01 4.09e-02 5.69e-05 8.80e-05 0.574
  6   -5.679745278745e-02 -2.028989262839e-01 9.04e-03 1.26e-05 1.79e-05 0.652
  7   -6.886015040208e-02 -1.406633701218e-01 3.99e-03 5.56e-06 7.63e-06 0.729
  8   -7.302517094409e-02 -1.389555275334e-01 3.34e-03 4.65e-06 2.15e-05 0.806
  9   -7.589008100987e-02 -1.365816326917e-01 2.84e-03 3.96e-06 4.34e-05 0.883
 10   -8.022581511866e-02 -1.314589668442e-01 2.14e-03 2.98e-06 6.93e-05 0.960
 11   -8.112487025183e-02 -1.305010587014e-01 1.84e-03 2.57e-06 7.44e-05 1.036
 12   -8.603294025440e-02 -1.225944547214e-01 1.17e-03 1.64e-06 6.84e-05 1.113
 13   -8.666256178100e-02 -1.203027122517e-01 8.93e-04 1.24e-06 1.49e-04 1.225
 14   -9.121767432938e-02 -1.121362173421e-01 4.73e-04 6.59e-07 1.14e-04 1.319
 15   -9.462951393143e-02 -1.056040024301e-01 2.19e-04 3.05e-07 6.84e-05 1.430
 16   -9.672568337781e-02 -1.019329731338e-01 7.87e-05 1.10e-07 1.88e-05 1.540
 17   -9.747881041781e-02 -1.004959532684e-01 3.54e-05 4.93e-08 1.70e-05 1.651
 18   -9.828865119852e-02 -9.919189896249e-02 6.91e-06 9.61e-09 3.28e-06 1.745
 19   -9.855293312920e-02 -9.881356223418e-02 1.78e-06 2.47e-09 9.06e-07 1.839
 20   -9.863962589298e-02 -9.869383573296e-02 3.59e-07 5.00e-10 1.77e-07 1.933
 21   -9.865933733446e-02 -9.866691469867e-02 5.00e-08 6.95e-11 2.20e-08 2.009
 22   -9.866213791290e-02 -9.866310296746e-02 6.36e-09 8.87e-12 2.56e-09 2.086
 23   -9.866249769170e-02 -9.866261379689e-02 7.65e-10 1.86e-09 2.85e-10 2.146
 24   -9.866254107267e-02 -9.866255481087e-02 9.05e-11 7.49e-10 3.10e-11 2.206
 25   -9.866254626891e-02 -9.866254774117e-02 9.69e-12 1.22e-08 3.24e-12 2.266
 26   -9.866254682994e-02 -9.866254697802e-02 9.73e-13 3.99e-08 3.27e-13 2.326
 27   -9.866254688634e-02 -9.866254690147e-02 9.89e-14 5.75e-08 3.25e-14 2.386
 28   -9.866254689213e-02 -9.866254689366e-02 9.77e-15 1.18e-07 2.86e-15 2.446
 29   -9.866254689272e-02 -9.866254689288e-02 1.11e-15 1.75e-06 3.87e-16 2.506
 30   -9.866254689274e-02 -9.866254689285e-02 6.66e-16 2.95e-06 5.72e-16 2.566
Numerical error in objective
Restoring previous solution


Suboptimal solution found in 31 iterations and 2.61 seconds
Objective -9.86621379e-02
Primal infeasibility (abs/rel): 1.27e-08/6.36e-09
Dual infeasibility   (abs/rel): 9.78e-12/8.87e-12
Complementarity gap  (abs/rel): 2.82e-09/2.56e-09


Barrier finished in 2.61 seconds
Dual variables for problems with quadratic constraints not returned.
